timestamp,wind_speed,wind_direction,power,temperature,turbine_id,rated_power,exclusion_reason
2017-01-07 01:20:00+00:00,,,,,Kelmarsh 1,2050,wind_speed_missing_or_nonfinite;power_missing_or_nonfinite;
2017-01-07 01:30:00+00:00,,,,,Kelmarsh 1,2050,wind_speed_missing_or_nonfinite;power_missing_or_nonfinite;
2017-01-07 01:40:00+00:00,,,,,Kelmarsh 1,2050,wind_speed_missing_or_nonfinite;power_missing_or_nonfinite;
2017-01-07 01:50:00+00:00,,,,,Kelmarsh 1,2050,wind_speed_missing_or_nonfinite;power_missing_or_nonfinite;
2017-01-07 02:00:00+00:00,,,,,Kelmarsh 1,2050,wind_speed_missing_or_nonfinite;power_missing_or_nonfinite;
2017-01-07 02:10:00+00:00,,,,,Kelmarsh 1,2050,wind_speed_missing_or_nonfinite;power_missing_or_nonfinite;
2017-01-07 02:20:00+00:00,,,,,Kelmarsh 1,2050,wind_speed_missing_or_nonfinite;power_missing_or_nonfinite;
2017-01-07 02:30:00+00:00,,,,,Kelmarsh 1,2050,wind_speed_missing_or_nonfinite;power_missing_or_nonfinite;
2017-01-07 02:40:00+00:00,,,,,Kelmarsh 1,2050,wind_speed_missing_or_nonfinite;power_missing_or_nonfinite;
2017-01-07 02:50:00+00:00,,,,,Kelmarsh 1,2050,wind_speed_missing_or_nonfinite;power_missing_or_nonfinite;
2017-01-07 03:00:00+00:00,,,,,Kelmarsh 1,2050,wind_speed_missing_or_nonfinite;power_missing_or_nonfinite;
2017-01-07 03:10:00+00:00,,,,,Kelmarsh 1,2050,wind_speed_missing_or_nonfinite;power_missing_or_nonfinite;
2017-01-07 03:20:00+00:00,,,,,Kelmarsh 1,2050,wind_speed_missing_or_nonfinite;power_missing_or_nonfinite;
2017-01-07 03:30:00+00:00,,,,,Kelmarsh 1,2050,wind_speed_missing_or_nonfinite;power_missing_or_nonfinite;
2017-01-07 03:40:00+00:00,,,,,Kelmarsh 1,2050,wind_speed_missing_or_nonfinite;power_missing_or_nonfinite;
2017-01-07 03:50:00+00:00,,,,,Kelmarsh 1,2050,wind_speed_missing_or_nonfinite;power_missing_or_nonfinite;
2017-01-07 04:00:00+00:00,,,,,Kelmarsh 1,2050,wind_speed_missing_or_nonfinite;power_missing_or_nonfinite;
2017-01-07 04:10:00+00:00,,,,,Kelmarsh 1,2050,wind_speed_missing_or_nonfinite;power_missing_or_nonfinite;
2017-01-07 04:20:00+00:00,,,,,Kelmarsh 1,2050,wind_speed_missing_or_nonfinite;power_missing_or_nonfinite;
2017-01-07 04:30:00+00:00,,,,,Kelmarsh 1,2050,wind_speed_missing_or_nonfinite;power_missing_or_nonfinite;
2017-01-07 04:40:00+00:00,,,,,Kelmarsh 1,2050,wind_speed_missing_or_nonfinite;power_missing_or_nonfinite;
2017-01-07 04:50:00+00:00,,,,,Kelmarsh 1,2050,wind_speed_missing_or_nonfinite;power_missing_or_nonfinite;
2017-01-07 05:00:00+00:00,,,,,Kelmarsh 1,2050,wind_speed_missing_or_nonfinite;power_missing_or_nonfinite;
2017-01-07 05:10:00+00:00,,,,,Kelmarsh 1,2050,wind_speed_missing_or_nonfinite;power_missing_or_nonfinite;
2017-01-07 05:20:00+00:00,,,,,Kelmarsh 1,2050,wind_speed_missing_or_nonfinite;power_missing_or_nonfinite;
2017-01-07 05:30:00+00:00,,,,,Kelmarsh 1,2050,wind_speed_missing_or_nonfinite;power_missing_or_nonfinite;
2017-01-07 05:40:00+00:00,,,,,Kelmarsh 1,2050,wind_speed_missing_or_nonfinite;power_missing_or_nonfinite;
2017-01-07 05:50:00+00:00,,,,,Kelmarsh 1,2050,wind_speed_missing_or_nonfinite;power_missing_or_nonfinite;
2017-01-07 06:00:00+00:00,,,,,Kelmarsh 1,2050,wind_speed_missing_or_nonfinite;power_missing_or_nonfinite;
2017-01-07 06:10:00+00:00,,,,,Kelmarsh 1,2050,wind_speed_missing_or_nonfinite;power_missing_or_nonfinite;
2017-01-07 06:20:00+00:00,,,,,Kelmarsh 1,2050,wind_speed_missing_or_nonfinite;power_missing_or_nonfinite;
2017-01-07 06:30:00+00:00,,,,,Kelmarsh 1,2050,wind_speed_missing_or_nonfinite;power_missing_or_nonfinite;
2017-01-07 06:40:00+00:00,,,,,Kelmarsh 1,2050,wind_speed_missing_or_nonfinite;power_missing_or_nonfinite;
2017-01-07 06:50:00+00:00,,,,,Kelmarsh 1,2050,wind_speed_missing_or_nonfinite;power_missing_or_nonfinite;
2017-01-07 07:00:00+00:00,,,,,Kelmarsh 1,2050,wind_speed_missing_or_nonfinite;power_missing_or_nonfinite;
2017-01-07 07:10:00+00:00,,,,,Kelmarsh 1,2050,wind_speed_missing_or_nonfinite;power_missing_or_nonfinite;
2017-01-07 07:20:00+00:00,,,,,Kelmarsh 1,2050,wind_speed_missing_or_nonfinite;power_missing_or_nonfinite;
2017-01-07 07:30:00+00:00,,,,,Kelmarsh 1,2050,wind_speed_missing_or_nonfinite;power_missing_or_nonfinite;
2017-01-07 07:40:00+00:00,,,,,Kelmarsh 1,2050,wind_speed_missing_or_nonfinite;power_missing_or_nonfinite;
2017-01-07 07:50:00+00:00,,,,,Kelmarsh 1,2050,wind_speed_missing_or_nonfinite;power_missing_or_nonfinite;
2017-01-07 08:00:00+00:00,,,,,Kelmarsh 1,2050,wind_speed_missing_or_nonfinite;power_missing_or_nonfinite;
2017-01-07 08:10:00+00:00,,,,,Kelmarsh 1,2050,wind_speed_missing_or_nonfinite;power_missing_or_nonfinite;
2017-01-07 08:20:00+00:00,,,,,Kelmarsh 1,2050,wind_speed_missing_or_nonfinite;power_missing_or_nonfinite;
2017-01-07 08:30:00+00:00,,,,,Kelmarsh 1,2050,wind_speed_missing_or_nonfinite;power_missing_or_nonfinite;
2017-01-07 08:40:00+00:00,,,,,Kelmarsh 1,2050,wind_speed_missing_or_nonfinite;power_missing_or_nonfinite;
2017-01-07 08:50:00+00:00,,,,,Kelmarsh 1,2050,wind_speed_missing_or_nonfinite;power_missing_or_nonfinite;
2017-01-07 09:00:00+00:00,,,,,Kelmarsh 1,2050,wind_speed_missing_or_nonfinite;power_missing_or_nonfinite;
2017-01-07 09:10:00+00:00,,,,,Kelmarsh 1,2050,wind_speed_missing_or_nonfinite;power_missing_or_nonfinite;
2017-01-07 09:20:00+00:00,,,,,Kelmarsh 1,2050,wind_speed_missing_or_nonfinite;power_missing_or_nonfinite;
2017-01-07 09:30:00+00:00,,,,,Kelmarsh 1,2050,wind_speed_missing_or_nonfinite;power_missing_or_nonfinite;
2017-01-07 09:40:00+00:00,,,,,Kelmarsh 1,2050,wind_speed_missing_or_nonfinite;power_missing_or_nonfinite;
2017-01-07 09:50:00+00:00,,,,,Kelmarsh 1,2050,wind_speed_missing_or_nonfinite;power_missing_or_nonfinite;
2017-01-07 10:00:00+00:00,,,,,Kelmarsh 1,2050,wind_speed_missing_or_nonfinite;power_missing_or_nonfinite;
2017-01-07 10:10:00+00:00,,,,,Kelmarsh 1,2050,wind_speed_missing_or_nonfinite;power_missing_or_nonfinite;
2017-01-07 10:20:00+00:00,,,,,Kelmarsh 1,2050,wind_speed_missing_or_nonfinite;power_missing_or_nonfinite;
2017-01-07 10:30:00+00:00,,,,,Kelmarsh 1,2050,wind_speed_missing_or_nonfinite;power_missing_or_nonfinite;
2017-01-07 10:40:00+00:00,,,,,Kelmarsh 1,2050,wind_speed_missing_or_nonfinite;power_missing_or_nonfinite;
2017-01-07 10:50:00+00:00,,,,,Kelmarsh 1,2050,wind_speed_missing_or_nonfinite;power_missing_or_nonfinite;
2017-01-07 11:00:00+00:00,,,,,Kelmarsh 1,2050,wind_speed_missing_or_nonfinite;power_missing_or_nonfinite;
2017-01-07 11:10:00+00:00,,,,,Kelmarsh 1,2050,wind_speed_missing_or_nonfinite;power_missing_or_nonfinite;
2017-01-07 11:20:00+00:00,,,,,Kelmarsh 1,2050,wind_speed_missing_or_nonfinite;power_missing_or_nonfinite;
2017-01-07 11:30:00+00:00,,,,,Kelmarsh 1,2050,wind_speed_missing_or_nonfinite;power_missing_or_nonfinite;
2017-01-07 11:40:00+00:00,,,,,Kelmarsh 1,2050,wind_speed_missing_or_nonfinite;power_missing_or_nonfinite;
2017-01-07 11:50:00+00:00,,,,,Kelmarsh 1,2050,wind_speed_missing_or_nonfinite;power_missing_or_nonfinite;
2017-01-07 12:00:00+00:00,,,,,Kelmarsh 1,2050,wind_speed_missing_or_nonfinite;power_missing_or_nonfinite;
2017-01-07 12:10:00+00:00,,,,,Kelmarsh 1,2050,wind_speed_missing_or_nonfinite;power_missing_or_nonfinite;
2017-01-07 12:20:00+00:00,,,,,Kelmarsh 1,2050,wind_speed_missing_or_nonfinite;power_missing_or_nonfinite;
2017-01-07 12:30:00+00:00,,,,,Kelmarsh 1,2050,wind_speed_missing_or_nonfinite;power_missing_or_nonfinite;
2017-01-07 12:40:00+00:00,,,,,Kelmarsh 1,2050,wind_speed_missing_or_nonfinite;power_missing_or_nonfinite;
2017-01-07 12:50:00+00:00,,,,,Kelmarsh 1,2050,wind_speed_missing_or_nonfinite;power_missing_or_nonfinite;
2017-01-08 14:50:00+00:00,,,,,Kelmarsh 1,2050,wind_speed_missing_or_nonfinite;power_missing_or_nonfinite;
2017-01-08 15:00:00+00:00,,,,,Kelmarsh 1,2050,wind_speed_missing_or_nonfinite;power_missing_or_nonfinite;
2017-01-08 15:10:00+00:00,,,,,Kelmarsh 1,2050,wind_speed_missing_or_nonfinite;power_missing_or_nonfinite;
2017-01-08 15:20:00+00:00,,,,,Kelmarsh 1,2050,wind_speed_missing_or_nonfinite;power_missing_or_nonfinite;
2017-01-08 15:30:00+00:00,,,,,Kelmarsh 1,2050,wind_speed_missing_or_nonfinite;power_missing_or_nonfinite;
2017-01-08 15:40:00+00:00,,,,,Kelmarsh 1,2050,wind_speed_missing_or_nonfinite;power_missing_or_nonfinite;
2017-01-08 19:10:00+00:00,,,,,Kelmarsh 1,2050,wind_speed_missing_or_nonfinite;power_missing_or_nonfinite;
2017-01-08 19:20:00+00:00,,,,,Kelmarsh 1,2050,wind_speed_missing_or_nonfinite;power_missing_or_nonfinite;
2017-01-08 19:30:00+00:00,,,,,Kelmarsh 1,2050,wind_speed_missing_or_nonfinite;power_missing_or_nonfinite;
2017-01-08 19:40:00+00:00,,,,,Kelmarsh 1,2050,wind_speed_missing_or_nonfinite;power_missing_or_nonfinite;
2017-01-08 19:50:00+00:00,,,,,Kelmarsh 1,2050,wind_speed_missing_or_nonfinite;power_missing_or_nonfinite;
2017-01-08 20:00:00+00:00,,,,,Kelmarsh 1,2050,wind_speed_missing_or_nonfinite;power_missing_or_nonfinite;
2017-01-08 20:10:00+00:00,,,,,Kelmarsh 1,2050,wind_speed_missing_or_nonfinite;power_missing_or_nonfinite;
2017-01-08 20:20:00+00:00,,,,,Kelmarsh 1,2050,wind_speed_missing_or_nonfinite;power_missing_or_nonfinite;
2017-01-08 20:30:00+00:00,,,,,Kelmarsh 1,2050,wind_speed_missing_or_nonfinite;power_missing_or_nonfinite;
2017-01-08 20:40:00+00:00,,,,,Kelmarsh 1,2050,wind_speed_missing_or_nonfinite;power_missing_or_nonfinite;
2017-01-08 20:50:00+00:00,,,,,Kelmarsh 1,2050,wind_speed_missing_or_nonfinite;power_missing_or_nonfinite;
2017-01-08 21:00:00+00:00,,,,,Kelmarsh 1,2050,wind_speed_missing_or_nonfinite;power_missing_or_nonfinite;
2017-01-08 21:10:00+00:00,,,,,Kelmarsh 1,2050,wind_speed_missing_or_nonfinite;power_missing_or_nonfinite;
2017-01-08 21:20:00+00:00,,,,,Kelmarsh 1,2050,wind_speed_missing_or_nonfinite;power_missing_or_nonfinite;
2017-01-08 21:30:00+00:00,,,,,Kelmarsh 1,2050,wind_speed_missing_or_nonfinite;power_missing_or_nonfinite;
2017-01-08 21:40:00+00:00,,,,,Kelmarsh 1,2050,wind_speed_missing_or_nonfinite;power_missing_or_nonfinite;
2017-01-08 21:50:00+00:00,,,,,Kelmarsh 1,2050,wind_speed_missing_or_nonfinite;power_missing_or_nonfinite;
2017-01-08 22:00:00+00:00,,,,,Kelmarsh 1,2050,wind_speed_missing_or_nonfinite;power_missing_or_nonfinite;
2017-01-08 22:10:00+00:00,,,,,Kelmarsh 1,2050,wind_speed_missing_or_nonfinite;power_missing_or_nonfinite;
2017-01-08 22:20:00+00:00,,,,,Kelmarsh 1,2050,wind_speed_missing_or_nonfinite;power_missing_or_nonfinite;
2017-01-08 22:30:00+00:00,,,,,Kelmarsh 1,2050,wind_speed_missing_or_nonfinite;power_missing_or_nonfinite;
2017-01-08 22:40:00+00:00,,,,,Kelmarsh 1,2050,wind_speed_missing_or_nonfinite;power_missing_or_nonfinite;
2017-01-08 22:50:00+00:00,,,,,Kelmarsh 1,2050,wind_speed_missing_or_nonfinite;power_missing_or_nonfinite;
2017-01-08 23:00:00+00:00,,,,,Kelmarsh 1,2050,wind_speed_missing_or_nonfinite;power_missing_or_nonfinite;
2017-01-08 23:10:00+00:00,,,,,Kelmarsh 1,2050,wind_speed_missing_or_nonfinite;power_missing_or_nonfinite;
2017-01-08 23:20:00+00:00,,,,,Kelmarsh 1,2050,wind_speed_missing_or_nonfinite;power_missing_or_nonfinite;
2017-01-08 23:30:00+00:00,,,,,Kelmarsh 1,2050,wind_speed_missing_or_nonfinite;power_missing_or_nonfinite;
2017-01-08 23:40:00+00:00,,,,,Kelmarsh 1,2050,wind_speed_missing_or_nonfinite;power_missing_or_nonfinite;
2017-01-08 23:50:00+00:00,,,,,Kelmarsh 1,2050,wind_speed_missing_or_nonfinite;power_missing_or_nonfinite;
2017-01-09 00:00:00+00:00,,,,,Kelmarsh 1,2050,wind_speed_missing_or_nonfinite;power_missing_or_nonfinite;
2017-01-09 00:10:00+00:00,,,,,Kelmarsh 1,2050,wind_speed_missing_or_nonfinite;power_missing_or_nonfinite;
2017-01-09 00:20:00+00:00,,,,,Kelmarsh 1,2050,wind_speed_missing_or_nonfinite;power_missing_or_nonfinite;
2017-01-09 00:30:00+00:00,,,,,Kelmarsh 1,2050,wind_speed_missing_or_nonfinite;power_missing_or_nonfinite;
2017-01-09 00:40:00+00:00,,,,,Kelmarsh 1,2050,wind_speed_missing_or_nonfinite;power_missing_or_nonfinite;
2017-01-09 00:50:00+00:00,,,,,Kelmarsh 1,2050,wind_speed_missing_or_nonfinite;power_missing_or_nonfinite;
2017-01-09 01:00:00+00:00,,,,,Kelmarsh 1,2050,wind_speed_missing_or_nonfinite;power_missing_or_nonfinite;
2017-01-09 01:10:00+00:00,,,,,Kelmarsh 1,2050,wind_speed_missing_or_nonfinite;power_missing_or_nonfinite;
2017-01-09 01:20:00+00:00,,,,,Kelmarsh 1,2050,wind_speed_missing_or_nonfinite;power_missing_or_nonfinite;
2017-01-09 01:30:00+00:00,,,,,Kelmarsh 1,2050,wind_speed_missing_or_nonfinite;power_missing_or_nonfinite;
2017-01-09 01:40:00+00:00,,,,,Kelmarsh 1,2050,wind_speed_missing_or_nonfinite;power_missing_or_nonfinite;
2017-01-09 01:50:00+00:00,,,,,Kelmarsh 1,2050,wind_speed_missing_or_nonfinite;power_missing_or_nonfinite;
2017-01-09 02:00:00+00:00,,,,,Kelmarsh 1,2050,wind_speed_missing_or_nonfinite;power_missing_or_nonfinite;
2017-01-09 02:10:00+00:00,,,,,Kelmarsh 1,2050,wind_speed_missing_or_nonfinite;power_missing_or_nonfinite;
2017-01-09 02:20:00+00:00,,,,,Kelmarsh 1,2050,wind_speed_missing_or_nonfinite;power_missing_or_nonfinite;
2017-01-09 02:30:00+00:00,,,,,Kelmarsh 1,2050,wind_speed_missing_or_nonfinite;power_missing_or_nonfinite;
2017-01-09 02:40:00+00:00,,,,,Kelmarsh 1,2050,wind_speed_missing_or_nonfinite;power_missing_or_nonfinite;
2017-01-09 02:50:00+00:00,,,,,Kelmarsh 1,2050,wind_speed_missing_or_nonfinite;power_missing_or_nonfinite;
2017-01-09 03:00:00+00:00,,,,,Kelmarsh 1,2050,wind_speed_missing_or_nonfinite;power_missing_or_nonfinite;
2017-01-09 03:10:00+00:00,,,,,Kelmarsh 1,2050,wind_speed_missing_or_nonfinite;power_missing_or_nonfinite;
2017-01-09 03:20:00+00:00,,,,,Kelmarsh 1,2050,wind_speed_missing_or_nonfinite;power_missing_or_nonfinite;
2017-01-09 03:30:00+00:00,,,,,Kelmarsh 1,2050,wind_speed_missing_or_nonfinite;power_missing_or_nonfinite;
2017-01-09 03:40:00+00:00,,,,,Kelmarsh 1,2050,wind_speed_missing_or_nonfinite;power_missing_or_nonfinite;
2017-01-09 03:50:00+00:00,,,,,Kelmarsh 1,2050,wind_speed_missing_or_nonfinite;power_missing_or_nonfinite;
2017-01-09 04:00:00+00:00,,,,,Kelmarsh 1,2050,wind_speed_missing_or_nonfinite;power_missing_or_nonfinite;
2017-01-09 04:10:00+00:00,,,,,Kelmarsh 1,2050,wind_speed_missing_or_nonfinite;power_missing_or_nonfinite;
2017-01-09 04:20:00+00:00,,,,,Kelmarsh 1,2050,wind_speed_missing_or_nonfinite;power_missing_or_nonfinite;
2017-01-09 04:30:00+00:00,,,,,Kelmarsh 1,2050,wind_speed_missing_or_nonfinite;power_missing_or_nonfinite;
2017-01-09 04:40:00+00:00,,,,,Kelmarsh 1,2050,wind_speed_missing_or_nonfinite;power_missing_or_nonfinite;
2017-01-09 04:50:00+00:00,,,,,Kelmarsh 1,2050,wind_speed_missing_or_nonfinite;power_missing_or_nonfinite;
2017-01-09 05:00:00+00:00,,,,,Kelmarsh 1,2050,wind_speed_missing_or_nonfinite;power_missing_or_nonfinite;
2017-01-09 05:10:00+00:00,,,,,Kelmarsh 1,2050,wind_speed_missing_or_nonfinite;power_missing_or_nonfinite;
2017-01-09 05:20:00+00:00,,,,,Kelmarsh 1,2050,wind_speed_missing_or_nonfinite;power_missing_or_nonfinite;
2017-01-09 05:30:00+00:00,,,,,Kelmarsh 1,2050,wind_speed_missing_or_nonfinite;power_missing_or_nonfinite;
2017-01-09 05:40:00+00:00,,,,,Kelmarsh 1,2050,wind_speed_missing_or_nonfinite;power_missing_or_nonfinite;
2017-01-10 10:10:00+00:00,,,,,Kelmarsh 1,2050,wind_speed_missing_or_nonfinite;power_missing_or_nonfinite;
2017-01-10 10:20:00+00:00,,,,,Kelmarsh 1,2050,wind_speed_missing_or_nonfinite;power_missing_or_nonfinite;
2017-01-10 10:30:00+00:00,,,,,Kelmarsh 1,2050,wind_speed_missing_or_nonfinite;power_missing_or_nonfinite;
2017-01-10 10:40:00+00:00,,,,,Kelmarsh 1,2050,wind_speed_missing_or_nonfinite;power_missing_or_nonfinite;
2017-01-10 10:50:00+00:00,,,,,Kelmarsh 1,2050,wind_speed_missing_or_nonfinite;power_missing_or_nonfinite;
2017-01-10 11:00:00+00:00,,,,,Kelmarsh 1,2050,wind_speed_missing_or_nonfinite;power_missing_or_nonfinite;
2017-01-10 11:10:00+00:00,,,,,Kelmarsh 1,2050,wind_speed_missing_or_nonfinite;power_missing_or_nonfinite;
2017-01-10 11:20:00+00:00,,,,,Kelmarsh 1,2050,wind_speed_missing_or_nonfinite;power_missing_or_nonfinite;
2017-01-10 11:30:00+00:00,,,,,Kelmarsh 1,2050,wind_speed_missing_or_nonfinite;power_missing_or_nonfinite;
2017-01-10 11:40:00+00:00,,,,,Kelmarsh 1,2050,wind_speed_missing_or_nonfinite;power_missing_or_nonfinite;
2017-01-10 11:50:00+00:00,,,,,Kelmarsh 1,2050,wind_speed_missing_or_nonfinite;power_missing_or_nonfinite;
2017-01-10 12:00:00+00:00,,,,,Kelmarsh 1,2050,wind_speed_missing_or_nonfinite;power_missing_or_nonfinite;
2017-01-10 12:10:00+00:00,,,,,Kelmarsh 1,2050,wind_speed_missing_or_nonfinite;power_missing_or_nonfinite;
2017-01-10 12:20:00+00:00,,,,,Kelmarsh 1,2050,wind_speed_missing_or_nonfinite;power_missing_or_nonfinite;
2017-01-10 12:30:00+00:00,,,,,Kelmarsh 1,2050,wind_speed_missing_or_nonfinite;power_missing_or_nonfinite;
2017-01-10 12:40:00+00:00,,,,,Kelmarsh 1,2050,wind_speed_missing_or_nonfinite;power_missing_or_nonfinite;
2017-01-10 12:50:00+00:00,,,,,Kelmarsh 1,2050,wind_speed_missing_or_nonfinite;power_missing_or_nonfinite;
2017-01-10 13:00:00+00:00,,,,,Kelmarsh 1,2050,wind_speed_missing_or_nonfinite;power_missing_or_nonfinite;
2017-01-10 13:10:00+00:00,,,,,Kelmarsh 1,2050,wind_speed_missing_or_nonfinite;power_missing_or_nonfinite;
2017-01-10 13:20:00+00:00,,,,,Kelmarsh 1,2050,wind_speed_missing_or_nonfinite;power_missing_or_nonfinite;
2017-01-10 13:30:00+00:00,,,,,Kelmarsh 1,2050,wind_speed_missing_or_nonfinite;power_missing_or_nonfinite;
2017-01-10 13:40:00+00:00,,,,,Kelmarsh 1,2050,wind_speed_missing_or_nonfinite;power_missing_or_nonfinite;
2017-01-10 13:50:00+00:00,,,,,Kelmarsh 1,2050,wind_speed_missing_or_nonfinite;power_missing_or_nonfinite;
2017-01-10 14:00:00+00:00,,,,,Kelmarsh 1,2050,wind_speed_missing_or_nonfinite;power_missing_or_nonfinite;
2017-01-10 14:10:00+00:00,,,,,Kelmarsh 1,2050,wind_speed_missing_or_nonfinite;power_missing_or_nonfinite;
2017-01-10 14:20:00+00:00,,,,,Kelmarsh 1,2050,wind_speed_missing_or_nonfinite;power_missing_or_nonfinite;
2017-01-10 14:30:00+00:00,,,,,Kelmarsh 1,2050,wind_speed_missing_or_nonfinite;power_missing_or_nonfinite;
2017-01-10 14:40:00+00:00,,,,,Kelmarsh 1,2050,wind_speed_missing_or_nonfinite;power_missing_or_nonfinite;
2017-01-11 20:50:00+00:00,,,,,Kelmarsh 1,2050,wind_speed_missing_or_nonfinite;power_missing_or_nonfinite;
2017-01-11 21:00:00+00:00,,,,,Kelmarsh 1,2050,wind_speed_missing_or_nonfinite;power_missing_or_nonfinite;
2017-01-11 21:10:00+00:00,,,,,Kelmarsh 1,2050,wind_speed_missing_or_nonfinite;power_missing_or_nonfinite;
2017-01-11 21:20:00+00:00,,,,,Kelmarsh 1,2050,wind_speed_missing_or_nonfinite;power_missing_or_nonfinite;
2017-01-11 21:30:00+00:00,,,,,Kelmarsh 1,2050,wind_speed_missing_or_nonfinite;power_missing_or_nonfinite;
2017-01-12 05:40:00+00:00,,,,,Kelmarsh 1,2050,wind_speed_missing_or_nonfinite;power_missing_or_nonfinite;
2017-01-12 05:50:00+00:00,,,,,Kelmarsh 1,2050,wind_speed_missing_or_nonfinite;power_missing_or_nonfinite;
2017-01-12 06:00:00+00:00,,,,,Kelmarsh 1,2050,wind_speed_missing_or_nonfinite;power_missing_or_nonfinite;
2017-01-12 06:10:00+00:00,,,,,Kelmarsh 1,2050,wind_speed_missing_or_nonfinite;power_missing_or_nonfinite;
2017-01-12 06:20:00+00:00,,,,,Kelmarsh 1,2050,wind_speed_missing_or_nonfinite;power_missing_or_nonfinite;
2017-01-12 06:30:00+00:00,,,,,Kelmarsh 1,2050,wind_speed_missing_or_nonfinite;power_missing_or_nonfinite;
2017-01-12 06:40:00+00:00,,,,,Kelmarsh 1,2050,wind_speed_missing_or_nonfinite;power_missing_or_nonfinite;
2017-01-12 06:50:00+00:00,,,,,Kelmarsh 1,2050,wind_speed_missing_or_nonfinite;power_missing_or_nonfinite;
2017-01-12 07:00:00+00:00,,,,,Kelmarsh 1,2050,wind_speed_missing_or_nonfinite;power_missing_or_nonfinite;
2017-01-12 07:10:00+00:00,,,,,Kelmarsh 1,2050,wind_speed_missing_or_nonfinite;power_missing_or_nonfinite;
2017-01-12 07:20:00+00:00,,,,,Kelmarsh 1,2050,wind_speed_missing_or_nonfinite;power_missing_or_nonfinite;
2017-01-12 07:30:00+00:00,,,,,Kelmarsh 1,2050,wind_speed_missing_or_nonfinite;power_missing_or_nonfinite;
2017-01-12 07:40:00+00:00,,,,,Kelmarsh 1,2050,wind_speed_missing_or_nonfinite;power_missing_or_nonfinite;
2017-01-12 07:50:00+00:00,,,,,Kelmarsh 1,2050,wind_speed_missing_or_nonfinite;power_missing_or_nonfinite;
2017-01-12 08:00:00+00:00,,,,,Kelmarsh 1,2050,wind_speed_missing_or_nonfinite;power_missing_or_nonfinite;
2017-01-12 08:10:00+00:00,,,,,Kelmarsh 1,2050,wind_speed_missing_or_nonfinite;power_missing_or_nonfinite;
2017-01-12 08:20:00+00:00,,,,,Kelmarsh 1,2050,wind_speed_missing_or_nonfinite;power_missing_or_nonfinite;
2017-01-12 08:30:00+00:00,,,,,Kelmarsh 1,2050,wind_speed_missing_or_nonfinite;power_missing_or_nonfinite;
2017-01-12 08:40:00+00:00,,,,,Kelmarsh 1,2050,wind_speed_missing_or_nonfinite;power_missing_or_nonfinite;
2017-01-12 08:50:00+00:00,,,,,Kelmarsh 1,2050,wind_speed_missing_or_nonfinite;power_missing_or_nonfinite;
2017-01-12 09:00:00+00:00,,,,,Kelmarsh 1,2050,wind_speed_missing_or_nonfinite;power_missing_or_nonfinite;
2017-01-12 09:10:00+00:00,,,,,Kelmarsh 1,2050,wind_speed_missing_or_nonfinite;power_missing_or_nonfinite;
2017-01-12 09:20:00+00:00,,,,,Kelmarsh 1,2050,wind_speed_missing_or_nonfinite;power_missing_or_nonfinite;
2017-01-12 09:30:00+00:00,,,,,Kelmarsh 1,2050,wind_speed_missing_or_nonfinite;power_missing_or_nonfinite;
2017-01-12 09:40:00+00:00,,,,,Kelmarsh 1,2050,wind_speed_missing_or_nonfinite;power_missing_or_nonfinite;
2017-01-12 09:50:00+00:00,,,,,Kelmarsh 1,2050,wind_speed_missing_or_nonfinite;power_missing_or_nonfinite;
2017-01-12 10:00:00+00:00,,,,,Kelmarsh 1,2050,wind_speed_missing_or_nonfinite;power_missing_or_nonfinite;
2017-01-12 10:10:00+00:00,,,,,Kelmarsh 1,2050,wind_speed_missing_or_nonfinite;power_missing_or_nonfinite;
2017-01-12 10:20:00+00:00,,,,,Kelmarsh 1,2050,wind_speed_missing_or_nonfinite;power_missing_or_nonfinite;
2017-01-12 10:30:00+00:00,,,,,Kelmarsh 1,2050,wind_speed_missing_or_nonfinite;power_missing_or_nonfinite;
2017-01-25 07:40:00+00:00,,,,,Kelmarsh 1,2050,wind_speed_missing_or_nonfinite;power_missing_or_nonfinite;
2017-01-25 07:50:00+00:00,,,,,Kelmarsh 1,2050,wind_speed_missing_or_nonfinite;power_missing_or_nonfinite;
2017-01-25 08:00:00+00:00,,,,,Kelmarsh 1,2050,wind_speed_missing_or_nonfinite;power_missing_or_nonfinite;
2017-01-25 08:10:00+00:00,,,,,Kelmarsh 1,2050,wind_speed_missing_or_nonfinite;power_missing_or_nonfinite;
2017-01-25 08:20:00+00:00,,,,,Kelmarsh 1,2050,wind_speed_missing_or_nonfinite;power_missing_or_nonfinite;
2017-01-25 08:30:00+00:00,,,,,Kelmarsh 1,2050,wind_speed_missing_or_nonfinite;power_missing_or_nonfinite;
2017-01-25 08:40:00+00:00,,,,,Kelmarsh 1,2050,wind_speed_missing_or_nonfinite;power_missing_or_nonfinite;
2017-01-25 08:50:00+00:00,,,,,Kelmarsh 1,2050,wind_speed_missing_or_nonfinite;power_missing_or_nonfinite;
2017-01-25 09:00:00+00:00,,,,,Kelmarsh 1,2050,wind_speed_missing_or_nonfinite;power_missing_or_nonfinite;
2017-01-25 09:10:00+00:00,,,,,Kelmarsh 1,2050,wind_speed_missing_or_nonfinite;power_missing_or_nonfinite;
2017-01-25 09:20:00+00:00,,,,,Kelmarsh 1,2050,wind_speed_missing_or_nonfinite;power_missing_or_nonfinite;
2017-01-25 09:30:00+00:00,,,,,Kelmarsh 1,2050,wind_speed_missing_or_nonfinite;power_missing_or_nonfinite;
2017-01-25 09:40:00+00:00,,,,,Kelmarsh 1,2050,wind_speed_missing_or_nonfinite;power_missing_or_nonfinite;
2017-01-25 09:50:00+00:00,,,,,Kelmarsh 1,2050,wind_speed_missing_or_nonfinite;power_missing_or_nonfinite;
2017-01-25 10:00:00+00:00,,,,,Kelmarsh 1,2050,wind_speed_missing_or_nonfinite;power_missing_or_nonfinite;
2017-01-25 10:10:00+00:00,,,,,Kelmarsh 1,2050,wind_speed_missing_or_nonfinite;power_missing_or_nonfinite;
2017-01-25 10:20:00+00:00,,,,,Kelmarsh 1,2050,wind_speed_missing_or_nonfinite;power_missing_or_nonfinite;
2017-01-25 10:30:00+00:00,,,,,Kelmarsh 1,2050,wind_speed_missing_or_nonfinite;power_missing_or_nonfinite;
2017-01-25 10:40:00+00:00,,,,,Kelmarsh 1,2050,wind_speed_missing_or_nonfinite;power_missing_or_nonfinite;
2017-01-25 10:50:00+00:00,,,,,Kelmarsh 1,2050,wind_speed_missing_or_nonfinite;power_missing_or_nonfinite;
2017-01-25 11:00:00+00:00,,,,,Kelmarsh 1,2050,wind_speed_missing_or_nonfinite;power_missing_or_nonfinite;
2017-01-25 11:10:00+00:00,,,,,Kelmarsh 1,2050,wind_speed_missing_or_nonfinite;power_missing_or_nonfinite;
2017-01-25 11:20:00+00:00,,,,,Kelmarsh 1,2050,wind_speed_missing_or_nonfinite;power_missing_or_nonfinite;
2017-01-25 11:30:00+00:00,,,,,Kelmarsh 1,2050,wind_speed_missing_or_nonfinite;power_missing_or_nonfinite;
2017-01-25 11:40:00+00:00,,,,,Kelmarsh 1,2050,wind_speed_missing_or_nonfinite;power_missing_or_nonfinite;
2017-01-25 11:50:00+00:00,,,,,Kelmarsh 1,2050,wind_speed_missing_or_nonfinite;power_missing_or_nonfinite;
2017-01-25 12:00:00+00:00,,,,,Kelmarsh 1,2050,wind_speed_missing_or_nonfinite;power_missing_or_nonfinite;
2017-01-25 12:10:00+00:00,,,,,Kelmarsh 1,2050,wind_speed_missing_or_nonfinite;power_missing_or_nonfinite;
2017-01-25 12:20:00+00:00,,,,,Kelmarsh 1,2050,wind_speed_missing_or_nonfinite;power_missing_or_nonfinite;
2017-01-25 12:30:00+00:00,,,,,Kelmarsh 1,2050,wind_speed_missing_or_nonfinite;power_missing_or_nonfinite;
2017-01-25 12:40:00+00:00,,,,,Kelmarsh 1,2050,wind_speed_missing_or_nonfinite;power_missing_or_nonfinite;
2017-01-25 12:50:00+00:00,,,,,Kelmarsh 1,2050,wind_speed_missing_or_nonfinite;power_missing_or_nonfinite;
2017-01-25 13:00:00+00:00,,,,,Kelmarsh 1,2050,wind_speed_missing_or_nonfinite;power_missing_or_nonfinite;
2017-01-25 13:10:00+00:00,,,,,Kelmarsh 1,2050,wind_speed_missing_or_nonfinite;power_missing_or_nonfinite;
2017-01-25 13:20:00+00:00,,,,,Kelmarsh 1,2050,wind_speed_missing_or_nonfinite;power_missing_or_nonfinite;
2017-01-25 13:30:00+00:00,,,,,Kelmarsh 1,2050,wind_speed_missing_or_nonfinite;power_missing_or_nonfinite;
2017-01-25 13:40:00+00:00,,,,,Kelmarsh 1,2050,wind_speed_missing_or_nonfinite;power_missing_or_nonfinite;
2017-01-25 13:50:00+00:00,,,,,Kelmarsh 1,2050,wind_speed_missing_or_nonfinite;power_missing_or_nonfinite;
2017-01-25 14:00:00+00:00,,,,,Kelmarsh 1,2050,wind_speed_missing_or_nonfinite;power_missing_or_nonfinite;
2017-01-25 14:10:00+00:00,,,,,Kelmarsh 1,2050,wind_speed_missing_or_nonfinite;power_missing_or_nonfinite;
2017-01-25 14:20:00+00:00,,,,,Kelmarsh 1,2050,wind_speed_missing_or_nonfinite;power_missing_or_nonfinite;
2017-01-25 14:30:00+00:00,,,,,Kelmarsh 1,2050,wind_speed_missing_or_nonfinite;power_missing_or_nonfinite;
2017-01-25 14:40:00+00:00,,,,,Kelmarsh 1,2050,wind_speed_missing_or_nonfinite;power_missing_or_nonfinite;
2017-01-25 14:50:00+00:00,,,,,Kelmarsh 1,2050,wind_speed_missing_or_nonfinite;power_missing_or_nonfinite;
2017-01-25 15:00:00+00:00,,,,,Kelmarsh 1,2050,wind_speed_missing_or_nonfinite;power_missing_or_nonfinite;
2017-01-25 15:10:00+00:00,,,,,Kelmarsh 1,2050,wind_speed_missing_or_nonfinite;power_missing_or_nonfinite;
2017-01-25 15:20:00+00:00,,,,,Kelmarsh 1,2050,wind_speed_missing_or_nonfinite;power_missing_or_nonfinite;
2017-01-25 15:30:00+00:00,,,,,Kelmarsh 1,2050,wind_speed_missing_or_nonfinite;power_missing_or_nonfinite;
2017-01-25 15:40:00+00:00,,,,,Kelmarsh 1,2050,wind_speed_missing_or_nonfinite;power_missing_or_nonfinite;
2017-01-25 15:50:00+00:00,,,,,Kelmarsh 1,2050,wind_speed_missing_or_nonfinite;power_missing_or_nonfinite;
2017-01-25 16:00:00+00:00,,,,,Kelmarsh 1,2050,wind_speed_missing_or_nonfinite;power_missing_or_nonfinite;
2017-01-25 16:10:00+00:00,,,,,Kelmarsh 1,2050,wind_speed_missing_or_nonfinite;power_missing_or_nonfinite;
2017-01-25 16:20:00+00:00,,,,,Kelmarsh 1,2050,wind_speed_missing_or_nonfinite;power_missing_or_nonfinite;
2017-01-25 16:30:00+00:00,,,,,Kelmarsh 1,2050,wind_speed_missing_or_nonfinite;power_missing_or_nonfinite;
2017-01-25 16:40:00+00:00,,,,,Kelmarsh 1,2050,wind_speed_missing_or_nonfinite;power_missing_or_nonfinite;
2017-01-25 16:50:00+00:00,,,,,Kelmarsh 1,2050,wind_speed_missing_or_nonfinite;power_missing_or_nonfinite;
2017-01-25 17:00:00+00:00,,,,,Kelmarsh 1,2050,wind_speed_missing_or_nonfinite;power_missing_or_nonfinite;
2017-01-25 17:10:00+00:00,,,,,Kelmarsh 1,2050,wind_speed_missing_or_nonfinite;power_missing_or_nonfinite;
2017-01-25 17:20:00+00:00,,,,,Kelmarsh 1,2050,wind_speed_missing_or_nonfinite;power_missing_or_nonfinite;
2017-01-25 17:30:00+00:00,,,,,Kelmarsh 1,2050,wind_speed_missing_or_nonfinite;power_missing_or_nonfinite;
2017-01-25 17:40:00+00:00,,,,,Kelmarsh 1,2050,wind_speed_missing_or_nonfinite;power_missing_or_nonfinite;
2017-01-25 17:50:00+00:00,,,,,Kelmarsh 1,2050,wind_speed_missing_or_nonfinite;power_missing_or_nonfinite;
2017-01-25 18:00:00+00:00,,,,,Kelmarsh 1,2050,wind_speed_missing_or_nonfinite;power_missing_or_nonfinite;
2017-01-25 18:10:00+00:00,,,,,Kelmarsh 1,2050,wind_speed_missing_or_nonfinite;power_missing_or_nonfinite;
2017-01-25 18:20:00+00:00,,,,,Kelmarsh 1,2050,wind_speed_missing_or_nonfinite;power_missing_or_nonfinite;
2017-01-25 18:30:00+00:00,,,,,Kelmarsh 1,2050,wind_speed_missing_or_nonfinite;power_missing_or_nonfinite;
2017-01-25 18:40:00+00:00,,,,,Kelmarsh 1,2050,wind_speed_missing_or_nonfinite;power_missing_or_nonfinite;
2017-01-25 18:50:00+00:00,,,,,Kelmarsh 1,2050,wind_speed_missing_or_nonfinite;power_missing_or_nonfinite;
2017-01-25 19:00:00+00:00,,,,,Kelmarsh 1,2050,wind_speed_missing_or_nonfinite;power_missing_or_nonfinite;
2017-01-25 19:10:00+00:00,,,,,Kelmarsh 1,2050,wind_speed_missing_or_nonfinite;power_missing_or_nonfinite;
2017-01-25 19:20:00+00:00,,,,,Kelmarsh 1,2050,wind_speed_missing_or_nonfinite;power_missing_or_nonfinite;
2017-01-25 19:30:00+00:00,,,,,Kelmarsh 1,2050,wind_speed_missing_or_nonfinite;power_missing_or_nonfinite;
2017-01-25 19:40:00+00:00,,,,,Kelmarsh 1,2050,wind_speed_missing_or_nonfinite;power_missing_or_nonfinite;
2017-01-25 19:50:00+00:00,,,,,Kelmarsh 1,2050,wind_speed_missing_or_nonfinite;power_missing_or_nonfinite;
2017-01-25 20:00:00+00:00,,,,,Kelmarsh 1,2050,wind_speed_missing_or_nonfinite;power_missing_or_nonfinite;
2017-01-25 20:10:00+00:00,,,,,Kelmarsh 1,2050,wind_speed_missing_or_nonfinite;power_missing_or_nonfinite;
2017-01-28 08:30:00+00:00,,,,,Kelmarsh 1,2050,wind_speed_missing_or_nonfinite;power_missing_or_nonfinite;
2017-01-28 08:40:00+00:00,,,,,Kelmarsh 1,2050,wind_speed_missing_or_nonfinite;power_missing_or_nonfinite;
2017-01-28 08:50:00+00:00,,,,,Kelmarsh 1,2050,wind_speed_missing_or_nonfinite;power_missing_or_nonfinite;
2017-01-28 09:00:00+00:00,,,,,Kelmarsh 1,2050,wind_speed_missing_or_nonfinite;power_missing_or_nonfinite;
2017-01-28 09:10:00+00:00,,,,,Kelmarsh 1,2050,wind_speed_missing_or_nonfinite;power_missing_or_nonfinite;
2017-01-28 09:20:00+00:00,,,,,Kelmarsh 1,2050,wind_speed_missing_or_nonfinite;power_missing_or_nonfinite;
2017-01-28 09:30:00+00:00,,,,,Kelmarsh 1,2050,wind_speed_missing_or_nonfinite;power_missing_or_nonfinite;
2017-01-28 09:40:00+00:00,,,,,Kelmarsh 1,2050,wind_speed_missing_or_nonfinite;power_missing_or_nonfinite;
2017-01-28 09:50:00+00:00,,,,,Kelmarsh 1,2050,wind_speed_missing_or_nonfinite;power_missing_or_nonfinite;
2017-01-28 10:00:00+00:00,,,,,Kelmarsh 1,2050,wind_speed_missing_or_nonfinite;power_missing_or_nonfinite;
2017-01-28 10:10:00+00:00,,,,,Kelmarsh 1,2050,wind_speed_missing_or_nonfinite;power_missing_or_nonfinite;
2017-01-28 10:20:00+00:00,,,,,Kelmarsh 1,2050,wind_speed_missing_or_nonfinite;power_missing_or_nonfinite;
2017-01-28 10:30:00+00:00,,,,,Kelmarsh 1,2050,wind_speed_missing_or_nonfinite;power_missing_or_nonfinite;
2017-01-28 10:40:00+00:00,,,,,Kelmarsh 1,2050,wind_speed_missing_or_nonfinite;power_missing_or_nonfinite;
2017-01-28 10:50:00+00:00,,,,,Kelmarsh 1,2050,wind_speed_missing_or_nonfinite;power_missing_or_nonfinite;
2017-01-28 11:00:00+00:00,,,,,Kelmarsh 1,2050,wind_speed_missing_or_nonfinite;power_missing_or_nonfinite;
2017-01-28 11:10:00+00:00,,,,,Kelmarsh 1,2050,wind_speed_missing_or_nonfinite;power_missing_or_nonfinite;
2017-01-28 11:20:00+00:00,,,,,Kelmarsh 1,2050,wind_speed_missing_or_nonfinite;power_missing_or_nonfinite;
2017-01-28 11:30:00+00:00,,,,,Kelmarsh 1,2050,wind_speed_missing_or_nonfinite;power_missing_or_nonfinite;
2017-01-28 11:40:00+00:00,,,,,Kelmarsh 1,2050,wind_speed_missing_or_nonfinite;power_missing_or_nonfinite;
2017-01-28 11:50:00+00:00,,,,,Kelmarsh 1,2050,wind_speed_missing_or_nonfinite;power_missing_or_nonfinite;
2017-01-28 12:00:00+00:00,,,,,Kelmarsh 1,2050,wind_speed_missing_or_nonfinite;power_missing_or_nonfinite;
2017-01-28 12:10:00+00:00,,,,,Kelmarsh 1,2050,wind_speed_missing_or_nonfinite;power_missing_or_nonfinite;
2017-01-28 12:20:00+00:00,,,,,Kelmarsh 1,2050,wind_speed_missing_or_nonfinite;power_missing_or_nonfinite;
2017-01-28 12:30:00+00:00,,,,,Kelmarsh 1,2050,wind_speed_missing_or_nonfinite;power_missing_or_nonfinite;
2017-01-28 12:40:00+00:00,,,,,Kelmarsh 1,2050,wind_speed_missing_or_nonfinite;power_missing_or_nonfinite;
2017-01-28 12:50:00+00:00,,,,,Kelmarsh 1,2050,wind_speed_missing_or_nonfinite;power_missing_or_nonfinite;
2017-01-28 13:00:00+00:00,,,,,Kelmarsh 1,2050,wind_speed_missing_or_nonfinite;power_missing_or_nonfinite;
2017-01-28 13:10:00+00:00,,,,,Kelmarsh 1,2050,wind_speed_missing_or_nonfinite;power_missing_or_nonfinite;
2017-01-28 13:20:00+00:00,,,,,Kelmarsh 1,2050,wind_speed_missing_or_nonfinite;power_missing_or_nonfinite;
2017-01-28 13:30:00+00:00,,,,,Kelmarsh 1,2050,wind_speed_missing_or_nonfinite;power_missing_or_nonfinite;
2017-01-28 13:40:00+00:00,,,,,Kelmarsh 1,2050,wind_speed_missing_or_nonfinite;power_missing_or_nonfinite;
2017-01-28 13:50:00+00:00,,,,,Kelmarsh 1,2050,wind_speed_missing_or_nonfinite;power_missing_or_nonfinite;
2017-01-28 14:00:00+00:00,,,,,Kelmarsh 1,2050,wind_speed_missing_or_nonfinite;power_missing_or_nonfinite;
2017-01-28 14:10:00+00:00,,,,,Kelmarsh 1,2050,wind_speed_missing_or_nonfinite;power_missing_or_nonfinite;
2017-01-28 14:20:00+00:00,,,,,Kelmarsh 1,2050,wind_speed_missing_or_nonfinite;power_missing_or_nonfinite;
2017-01-28 14:30:00+00:00,,,,,Kelmarsh 1,2050,wind_speed_missing_or_nonfinite;power_missing_or_nonfinite;
2017-01-28 14:40:00+00:00,,,,,Kelmarsh 1,2050,wind_speed_missing_or_nonfinite;power_missing_or_nonfinite;
2017-01-28 14:50:00+00:00,,,,,Kelmarsh 1,2050,wind_speed_missing_or_nonfinite;power_missing_or_nonfinite;
2017-02-10 14:20:00+00:00,,,,,Kelmarsh 1,2050,wind_speed_missing_or_nonfinite;power_missing_or_nonfinite;
2017-02-10 14:40:00+00:00,,,,,Kelmarsh 1,2050,wind_speed_missing_or_nonfinite;power_missing_or_nonfinite;
2017-02-10 14:50:00+00:00,,,,,Kelmarsh 1,2050,wind_speed_missing_or_nonfinite;power_missing_or_nonfinite;
2017-02-10 15:00:00+00:00,,,,,Kelmarsh 1,2050,wind_speed_missing_or_nonfinite;power_missing_or_nonfinite;
2017-02-10 15:10:00+00:00,,,,,Kelmarsh 1,2050,wind_speed_missing_or_nonfinite;power_missing_or_nonfinite;
2017-02-10 15:20:00+00:00,,,,,Kelmarsh 1,2050,wind_speed_missing_or_nonfinite;power_missing_or_nonfinite;
2017-02-10 15:30:00+00:00,,,,,Kelmarsh 1,2050,wind_speed_missing_or_nonfinite;power_missing_or_nonfinite;
2017-02-10 15:40:00+00:00,,,,,Kelmarsh 1,2050,wind_speed_missing_or_nonfinite;power_missing_or_nonfinite;
2017-02-10 15:50:00+00:00,,,,,Kelmarsh 1,2050,wind_speed_missing_or_nonfinite;power_missing_or_nonfinite;
2017-02-10 16:00:00+00:00,,,,,Kelmarsh 1,2050,wind_speed_missing_or_nonfinite;power_missing_or_nonfinite;
2017-02-10 16:10:00+00:00,,,,,Kelmarsh 1,2050,wind_speed_missing_or_nonfinite;power_missing_or_nonfinite;
2017-02-10 16:20:00+00:00,,,,,Kelmarsh 1,2050,wind_speed_missing_or_nonfinite;power_missing_or_nonfinite;
2017-02-10 16:30:00+00:00,,,,,Kelmarsh 1,2050,wind_speed_missing_or_nonfinite;power_missing_or_nonfinite;
2017-02-10 16:40:00+00:00,,,,,Kelmarsh 1,2050,wind_speed_missing_or_nonfinite;power_missing_or_nonfinite;
2017-02-10 16:50:00+00:00,,,,,Kelmarsh 1,2050,wind_speed_missing_or_nonfinite;power_missing_or_nonfinite;
2017-02-10 17:00:00+00:00,,,,,Kelmarsh 1,2050,wind_speed_missing_or_nonfinite;power_missing_or_nonfinite;
2017-02-10 17:10:00+00:00,,,,,Kelmarsh 1,2050,wind_speed_missing_or_nonfinite;power_missing_or_nonfinite;
2017-02-10 17:20:00+00:00,,,,,Kelmarsh 1,2050,wind_speed_missing_or_nonfinite;power_missing_or_nonfinite;
2017-02-10 17:30:00+00:00,,,,,Kelmarsh 1,2050,wind_speed_missing_or_nonfinite;power_missing_or_nonfinite;
2017-02-10 17:40:00+00:00,,,,,Kelmarsh 1,2050,wind_speed_missing_or_nonfinite;power_missing_or_nonfinite;
2017-02-10 17:50:00+00:00,,,,,Kelmarsh 1,2050,wind_speed_missing_or_nonfinite;power_missing_or_nonfinite;
2017-02-10 18:00:00+00:00,,,,,Kelmarsh 1,2050,wind_speed_missing_or_nonfinite;power_missing_or_nonfinite;
2017-02-10 18:10:00+00:00,,,,,Kelmarsh 1,2050,wind_speed_missing_or_nonfinite;power_missing_or_nonfinite;
2017-02-10 18:20:00+00:00,,,,,Kelmarsh 1,2050,wind_speed_missing_or_nonfinite;power_missing_or_nonfinite;
2017-02-10 18:30:00+00:00,,,,,Kelmarsh 1,2050,wind_speed_missing_or_nonfinite;power_missing_or_nonfinite;
2017-02-10 18:40:00+00:00,,,,,Kelmarsh 1,2050,wind_speed_missing_or_nonfinite;power_missing_or_nonfinite;
2017-02-10 18:50:00+00:00,,,,,Kelmarsh 1,2050,wind_speed_missing_or_nonfinite;power_missing_or_nonfinite;
2017-02-10 19:00:00+00:00,,,,,Kelmarsh 1,2050,wind_speed_missing_or_nonfinite;power_missing_or_nonfinite;
2017-02-10 19:10:00+00:00,,,,,Kelmarsh 1,2050,wind_speed_missing_or_nonfinite;power_missing_or_nonfinite;
2017-02-10 19:20:00+00:00,,,,,Kelmarsh 1,2050,wind_speed_missing_or_nonfinite;power_missing_or_nonfinite;
2017-02-10 19:30:00+00:00,,,,,Kelmarsh 1,2050,wind_speed_missing_or_nonfinite;power_missing_or_nonfinite;
2017-02-10 19:40:00+00:00,,,,,Kelmarsh 1,2050,wind_speed_missing_or_nonfinite;power_missing_or_nonfinite;
2017-02-10 19:50:00+00:00,,,,,Kelmarsh 1,2050,wind_speed_missing_or_nonfinite;power_missing_or_nonfinite;
2017-02-10 20:00:00+00:00,,,,,Kelmarsh 1,2050,wind_speed_missing_or_nonfinite;power_missing_or_nonfinite;
2017-02-10 20:10:00+00:00,,,,,Kelmarsh 1,2050,wind_speed_missing_or_nonfinite;power_missing_or_nonfinite;
2017-02-10 20:20:00+00:00,,,,,Kelmarsh 1,2050,wind_speed_missing_or_nonfinite;power_missing_or_nonfinite;
2017-02-10 20:30:00+00:00,,,,,Kelmarsh 1,2050,wind_speed_missing_or_nonfinite;power_missing_or_nonfinite;
2017-02-10 20:40:00+00:00,,,,,Kelmarsh 1,2050,wind_speed_missing_or_nonfinite;power_missing_or_nonfinite;
2017-02-10 20:50:00+00:00,,,,,Kelmarsh 1,2050,wind_speed_missing_or_nonfinite;power_missing_or_nonfinite;
2017-02-10 21:00:00+00:00,,,,,Kelmarsh 1,2050,wind_speed_missing_or_nonfinite;power_missing_or_nonfinite;
2017-02-10 21:10:00+00:00,,,,,Kelmarsh 1,2050,wind_speed_missing_or_nonfinite;power_missing_or_nonfinite;
2017-02-10 21:20:00+00:00,,,,,Kelmarsh 1,2050,wind_speed_missing_or_nonfinite;power_missing_or_nonfinite;
2017-02-10 21:30:00+00:00,,,,,Kelmarsh 1,2050,wind_speed_missing_or_nonfinite;power_missing_or_nonfinite;
2017-02-10 21:40:00+00:00,,,,,Kelmarsh 1,2050,wind_speed_missing_or_nonfinite;power_missing_or_nonfinite;
2017-02-10 21:50:00+00:00,,,,,Kelmarsh 1,2050,wind_speed_missing_or_nonfinite;power_missing_or_nonfinite;
2017-02-10 22:00:00+00:00,,,,,Kelmarsh 1,2050,wind_speed_missing_or_nonfinite;power_missing_or_nonfinite;
2017-02-10 22:10:00+00:00,,,,,Kelmarsh 1,2050,wind_speed_missing_or_nonfinite;power_missing_or_nonfinite;
2017-02-10 22:20:00+00:00,,,,,Kelmarsh 1,2050,wind_speed_missing_or_nonfinite;power_missing_or_nonfinite;
2017-02-10 22:30:00+00:00,,,,,Kelmarsh 1,2050,wind_speed_missing_or_nonfinite;power_missing_or_nonfinite;
2017-02-10 22:40:00+00:00,,,,,Kelmarsh 1,2050,wind_speed_missing_or_nonfinite;power_missing_or_nonfinite;
2017-02-10 22:50:00+00:00,,,,,Kelmarsh 1,2050,wind_speed_missing_or_nonfinite;power_missing_or_nonfinite;
2017-02-10 23:00:00+00:00,,,,,Kelmarsh 1,2050,wind_speed_missing_or_nonfinite;power_missing_or_nonfinite;
2017-02-10 23:10:00+00:00,,,,,Kelmarsh 1,2050,wind_speed_missing_or_nonfinite;power_missing_or_nonfinite;
2017-02-10 23:20:00+00:00,,,,,Kelmarsh 1,2050,wind_speed_missing_or_nonfinite;power_missing_or_nonfinite;
2017-02-10 23:30:00+00:00,,,,,Kelmarsh 1,2050,wind_speed_missing_or_nonfinite;power_missing_or_nonfinite;
2017-02-10 23:40:00+00:00,,,,,Kelmarsh 1,2050,wind_speed_missing_or_nonfinite;power_missing_or_nonfinite;
2017-02-10 23:50:00+00:00,,,,,Kelmarsh 1,2050,wind_speed_missing_or_nonfinite;power_missing_or_nonfinite;
2017-02-11 00:00:00+00:00,,,,,Kelmarsh 1,2050,wind_speed_missing_or_nonfinite;power_missing_or_nonfinite;
2017-02-11 00:10:00+00:00,,,,,Kelmarsh 1,2050,wind_speed_missing_or_nonfinite;power_missing_or_nonfinite;
2017-02-11 00:20:00+00:00,,,,,Kelmarsh 1,2050,wind_speed_missing_or_nonfinite;power_missing_or_nonfinite;
2017-02-11 00:30:00+00:00,,,,,Kelmarsh 1,2050,wind_speed_missing_or_nonfinite;power_missing_or_nonfinite;
2017-02-11 00:40:00+00:00,,,,,Kelmarsh 1,2050,wind_speed_missing_or_nonfinite;power_missing_or_nonfinite;
2017-02-11 00:50:00+00:00,,,,,Kelmarsh 1,2050,wind_speed_missing_or_nonfinite;power_missing_or_nonfinite;
2017-02-11 01:00:00+00:00,,,,,Kelmarsh 1,2050,wind_speed_missing_or_nonfinite;power_missing_or_nonfinite;
2017-02-11 01:10:00+00:00,,,,,Kelmarsh 1,2050,wind_speed_missing_or_nonfinite;power_missing_or_nonfinite;
2017-02-11 01:20:00+00:00,,,,,Kelmarsh 1,2050,wind_speed_missing_or_nonfinite;power_missing_or_nonfinite;
2017-02-11 01:30:00+00:00,,,,,Kelmarsh 1,2050,wind_speed_missing_or_nonfinite;power_missing_or_nonfinite;
2017-02-11 01:40:00+00:00,,,,,Kelmarsh 1,2050,wind_speed_missing_or_nonfinite;power_missing_or_nonfinite;
2017-02-11 01:50:00+00:00,,,,,Kelmarsh 1,2050,wind_speed_missing_or_nonfinite;power_missing_or_nonfinite;
2017-02-11 02:00:00+00:00,,,,,Kelmarsh 1,2050,wind_speed_missing_or_nonfinite;power_missing_or_nonfinite;
2017-02-11 02:10:00+00:00,,,,,Kelmarsh 1,2050,wind_speed_missing_or_nonfinite;power_missing_or_nonfinite;
2017-02-11 02:20:00+00:00,,,,,Kelmarsh 1,2050,wind_speed_missing_or_nonfinite;power_missing_or_nonfinite;
2017-02-11 02:30:00+00:00,,,,,Kelmarsh 1,2050,wind_speed_missing_or_nonfinite;power_missing_or_nonfinite;
2017-02-11 02:40:00+00:00,,,,,Kelmarsh 1,2050,wind_speed_missing_or_nonfinite;power_missing_or_nonfinite;
2017-02-11 02:50:00+00:00,,,,,Kelmarsh 1,2050,wind_speed_missing_or_nonfinite;power_missing_or_nonfinite;
2017-02-11 03:00:00+00:00,,,,,Kelmarsh 1,2050,wind_speed_missing_or_nonfinite;power_missing_or_nonfinite;
2017-02-11 03:10:00+00:00,,,,,Kelmarsh 1,2050,wind_speed_missing_or_nonfinite;power_missing_or_nonfinite;
2017-02-11 03:20:00+00:00,,,,,Kelmarsh 1,2050,wind_speed_missing_or_nonfinite;power_missing_or_nonfinite;
2017-02-11 03:30:00+00:00,,,,,Kelmarsh 1,2050,wind_speed_missing_or_nonfinite;power_missing_or_nonfinite;
2017-02-11 03:40:00+00:00,,,,,Kelmarsh 1,2050,wind_speed_missing_or_nonfinite;power_missing_or_nonfinite;
2017-02-11 03:50:00+00:00,,,,,Kelmarsh 1,2050,wind_speed_missing_or_nonfinite;power_missing_or_nonfinite;
2017-02-11 04:00:00+00:00,,,,,Kelmarsh 1,2050,wind_speed_missing_or_nonfinite;power_missing_or_nonfinite;
2017-02-11 04:10:00+00:00,,,,,Kelmarsh 1,2050,wind_speed_missing_or_nonfinite;power_missing_or_nonfinite;
2017-02-11 04:20:00+00:00,,,,,Kelmarsh 1,2050,wind_speed_missing_or_nonfinite;power_missing_or_nonfinite;
2017-02-11 04:30:00+00:00,,,,,Kelmarsh 1,2050,wind_speed_missing_or_nonfinite;power_missing_or_nonfinite;
2017-02-11 04:40:00+00:00,,,,,Kelmarsh 1,2050,wind_speed_missing_or_nonfinite;power_missing_or_nonfinite;
2017-02-11 04:50:00+00:00,,,,,Kelmarsh 1,2050,wind_speed_missing_or_nonfinite;power_missing_or_nonfinite;
2017-02-11 05:00:00+00:00,,,,,Kelmarsh 1,2050,wind_speed_missing_or_nonfinite;power_missing_or_nonfinite;
2017-02-11 05:10:00+00:00,,,,,Kelmarsh 1,2050,wind_speed_missing_or_nonfinite;power_missing_or_nonfinite;
2017-02-11 05:20:00+00:00,,,,,Kelmarsh 1,2050,wind_speed_missing_or_nonfinite;power_missing_or_nonfinite;
2017-02-11 05:30:00+00:00,,,,,Kelmarsh 1,2050,wind_speed_missing_or_nonfinite;power_missing_or_nonfinite;
2017-02-11 05:40:00+00:00,,,,,Kelmarsh 1,2050,wind_speed_missing_or_nonfinite;power_missing_or_nonfinite;
2017-02-11 05:50:00+00:00,,,,,Kelmarsh 1,2050,wind_speed_missing_or_nonfinite;power_missing_or_nonfinite;
2017-02-11 06:00:00+00:00,,,,,Kelmarsh 1,2050,wind_speed_missing_or_nonfinite;power_missing_or_nonfinite;
2017-02-11 06:10:00+00:00,,,,,Kelmarsh 1,2050,wind_speed_missing_or_nonfinite;power_missing_or_nonfinite;
2017-02-11 06:20:00+00:00,,,,,Kelmarsh 1,2050,wind_speed_missing_or_nonfinite;power_missing_or_nonfinite;
2017-02-11 06:30:00+00:00,,,,,Kelmarsh 1,2050,wind_speed_missing_or_nonfinite;power_missing_or_nonfinite;
2017-02-11 06:40:00+00:00,,,,,Kelmarsh 1,2050,wind_speed_missing_or_nonfinite;power_missing_or_nonfinite;
2017-02-11 06:50:00+00:00,,,,,Kelmarsh 1,2050,wind_speed_missing_or_nonfinite;power_missing_or_nonfinite;
2017-02-11 07:00:00+00:00,,,,,Kelmarsh 1,2050,wind_speed_missing_or_nonfinite;power_missing_or_nonfinite;
2017-02-11 07:10:00+00:00,,,,,Kelmarsh 1,2050,wind_speed_missing_or_nonfinite;power_missing_or_nonfinite;
2017-02-11 07:20:00+00:00,,,,,Kelmarsh 1,2050,wind_speed_missing_or_nonfinite;power_missing_or_nonfinite;
2017-02-11 07:30:00+00:00,,,,,Kelmarsh 1,2050,wind_speed_missing_or_nonfinite;power_missing_or_nonfinite;
2017-02-11 07:40:00+00:00,,,,,Kelmarsh 1,2050,wind_speed_missing_or_nonfinite;power_missing_or_nonfinite;
2017-02-11 07:50:00+00:00,,,,,Kelmarsh 1,2050,wind_speed_missing_or_nonfinite;power_missing_or_nonfinite;
2017-02-11 08:00:00+00:00,,,,,Kelmarsh 1,2050,wind_speed_missing_or_nonfinite;power_missing_or_nonfinite;
2017-02-11 08:10:00+00:00,,,,,Kelmarsh 1,2050,wind_speed_missing_or_nonfinite;power_missing_or_nonfinite;
2017-02-11 08:20:00+00:00,,,,,Kelmarsh 1,2050,wind_speed_missing_or_nonfinite;power_missing_or_nonfinite;
2017-02-11 08:30:00+00:00,,,,,Kelmarsh 1,2050,wind_speed_missing_or_nonfinite;power_missing_or_nonfinite;
2017-02-11 08:40:00+00:00,,,,,Kelmarsh 1,2050,wind_speed_missing_or_nonfinite;power_missing_or_nonfinite;
2017-02-11 08:50:00+00:00,,,,,Kelmarsh 1,2050,wind_speed_missing_or_nonfinite;power_missing_or_nonfinite;
2017-02-11 09:00:00+00:00,,,,,Kelmarsh 1,2050,wind_speed_missing_or_nonfinite;power_missing_or_nonfinite;
2017-02-11 09:10:00+00:00,,,,,Kelmarsh 1,2050,wind_speed_missing_or_nonfinite;power_missing_or_nonfinite;
2017-02-11 09:20:00+00:00,,,,,Kelmarsh 1,2050,wind_speed_missing_or_nonfinite;power_missing_or_nonfinite;
2017-02-11 09:30:00+00:00,,,,,Kelmarsh 1,2050,wind_speed_missing_or_nonfinite;power_missing_or_nonfinite;
2017-02-11 09:40:00+00:00,,,,,Kelmarsh 1,2050,wind_speed_missing_or_nonfinite;power_missing_or_nonfinite;
2017-02-11 09:50:00+00:00,,,,,Kelmarsh 1,2050,wind_speed_missing_or_nonfinite;power_missing_or_nonfinite;
2017-02-11 10:00:00+00:00,,,,,Kelmarsh 1,2050,wind_speed_missing_or_nonfinite;power_missing_or_nonfinite;
2017-02-11 10:10:00+00:00,,,,,Kelmarsh 1,2050,wind_speed_missing_or_nonfinite;power_missing_or_nonfinite;
2017-02-11 10:20:00+00:00,,,,,Kelmarsh 1,2050,wind_speed_missing_or_nonfinite;power_missing_or_nonfinite;
2017-02-11 10:30:00+00:00,,,,,Kelmarsh 1,2050,wind_speed_missing_or_nonfinite;power_missing_or_nonfinite;
2017-02-11 10:40:00+00:00,,,,,Kelmarsh 1,2050,wind_speed_missing_or_nonfinite;power_missing_or_nonfinite;
2017-02-11 10:50:00+00:00,,,,,Kelmarsh 1,2050,wind_speed_missing_or_nonfinite;power_missing_or_nonfinite;
2017-02-11 11:00:00+00:00,,,,,Kelmarsh 1,2050,wind_speed_missing_or_nonfinite;power_missing_or_nonfinite;
2017-02-11 11:10:00+00:00,,,,,Kelmarsh 1,2050,wind_speed_missing_or_nonfinite;power_missing_or_nonfinite;
2017-02-11 11:20:00+00:00,,,,,Kelmarsh 1,2050,wind_speed_missing_or_nonfinite;power_missing_or_nonfinite;
2017-02-11 11:30:00+00:00,,,,,Kelmarsh 1,2050,wind_speed_missing_or_nonfinite;power_missing_or_nonfinite;
2017-02-11 11:40:00+00:00,,,,,Kelmarsh 1,2050,wind_speed_missing_or_nonfinite;power_missing_or_nonfinite;
2017-02-11 11:50:00+00:00,,,,,Kelmarsh 1,2050,wind_speed_missing_or_nonfinite;power_missing_or_nonfinite;
2017-02-11 12:00:00+00:00,,,,,Kelmarsh 1,2050,wind_speed_missing_or_nonfinite;power_missing_or_nonfinite;
2017-02-11 12:10:00+00:00,,,,,Kelmarsh 1,2050,wind_speed_missing_or_nonfinite;power_missing_or_nonfinite;
2017-02-11 12:20:00+00:00,,,,,Kelmarsh 1,2050,wind_speed_missing_or_nonfinite;power_missing_or_nonfinite;
2017-02-11 12:30:00+00:00,,,,,Kelmarsh 1,2050,wind_speed_missing_or_nonfinite;power_missing_or_nonfinite;
2017-02-11 12:40:00+00:00,,,,,Kelmarsh 1,2050,wind_speed_missing_or_nonfinite;power_missing_or_nonfinite;
2017-02-11 12:50:00+00:00,,,,,Kelmarsh 1,2050,wind_speed_missing_or_nonfinite;power_missing_or_nonfinite;
2017-02-11 13:00:00+00:00,,,,,Kelmarsh 1,2050,wind_speed_missing_or_nonfinite;power_missing_or_nonfinite;
2017-02-11 13:10:00+00:00,,,,,Kelmarsh 1,2050,wind_speed_missing_or_nonfinite;power_missing_or_nonfinite;
2017-02-11 13:20:00+00:00,,,,,Kelmarsh 1,2050,wind_speed_missing_or_nonfinite;power_missing_or_nonfinite;
2017-02-11 13:30:00+00:00,,,,,Kelmarsh 1,2050,wind_speed_missing_or_nonfinite;power_missing_or_nonfinite;
2017-02-11 13:40:00+00:00,,,,,Kelmarsh 1,2050,wind_speed_missing_or_nonfinite;power_missing_or_nonfinite;
2017-02-11 13:50:00+00:00,,,,,Kelmarsh 1,2050,wind_speed_missing_or_nonfinite;power_missing_or_nonfinite;
2017-02-11 14:00:00+00:00,,,,,Kelmarsh 1,2050,wind_speed_missing_or_nonfinite;power_missing_or_nonfinite;
2017-02-11 14:10:00+00:00,,,,,Kelmarsh 1,2050,wind_speed_missing_or_nonfinite;power_missing_or_nonfinite;
2017-02-11 14:20:00+00:00,,,,,Kelmarsh 1,2050,wind_speed_missing_or_nonfinite;power_missing_or_nonfinite;
2017-02-11 14:30:00+00:00,,,,,Kelmarsh 1,2050,wind_speed_missing_or_nonfinite;power_missing_or_nonfinite;
2017-02-11 14:40:00+00:00,,,,,Kelmarsh 1,2050,wind_speed_missing_or_nonfinite;power_missing_or_nonfinite;
2017-02-11 14:50:00+00:00,,,,,Kelmarsh 1,2050,wind_speed_missing_or_nonfinite;power_missing_or_nonfinite;
2017-02-11 15:00:00+00:00,,,,,Kelmarsh 1,2050,wind_speed_missing_or_nonfinite;power_missing_or_nonfinite;
2017-02-11 15:10:00+00:00,,,,,Kelmarsh 1,2050,wind_speed_missing_or_nonfinite;power_missing_or_nonfinite;
2017-02-11 15:20:00+00:00,,,,,Kelmarsh 1,2050,wind_speed_missing_or_nonfinite;power_missing_or_nonfinite;
2017-02-11 15:30:00+00:00,,,,,Kelmarsh 1,2050,wind_speed_missing_or_nonfinite;power_missing_or_nonfinite;
2017-02-11 15:40:00+00:00,,,,,Kelmarsh 1,2050,wind_speed_missing_or_nonfinite;power_missing_or_nonfinite;
2017-02-11 15:50:00+00:00,,,,,Kelmarsh 1,2050,wind_speed_missing_or_nonfinite;power_missing_or_nonfinite;
2017-02-11 16:00:00+00:00,,,,,Kelmarsh 1,2050,wind_speed_missing_or_nonfinite;power_missing_or_nonfinite;
2017-02-22 10:20:00+00:00,,,,,Kelmarsh 1,2050,wind_speed_missing_or_nonfinite;power_missing_or_nonfinite;
2017-03-02 12:50:00+00:00,,,,,Kelmarsh 1,2050,wind_speed_missing_or_nonfinite;power_missing_or_nonfinite;
2017-03-02 13:00:00+00:00,,,,,Kelmarsh 1,2050,wind_speed_missing_or_nonfinite;power_missing_or_nonfinite;
2017-03-02 13:10:00+00:00,,,,,Kelmarsh 1,2050,wind_speed_missing_or_nonfinite;power_missing_or_nonfinite;
2017-03-02 13:20:00+00:00,,,,,Kelmarsh 1,2050,wind_speed_missing_or_nonfinite;power_missing_or_nonfinite;
2017-03-02 13:30:00+00:00,,,,,Kelmarsh 1,2050,wind_speed_missing_or_nonfinite;power_missing_or_nonfinite;
2017-03-02 13:40:00+00:00,,,,,Kelmarsh 1,2050,wind_speed_missing_or_nonfinite;power_missing_or_nonfinite;
2017-03-02 13:50:00+00:00,,,,,Kelmarsh 1,2050,wind_speed_missing_or_nonfinite;power_missing_or_nonfinite;
2017-03-02 14:00:00+00:00,,,,,Kelmarsh 1,2050,wind_speed_missing_or_nonfinite;power_missing_or_nonfinite;
2017-03-11 00:00:00+00:00,,,,,Kelmarsh 1,2050,wind_speed_missing_or_nonfinite;power_missing_or_nonfinite;
2017-03-11 00:10:00+00:00,,,,,Kelmarsh 1,2050,wind_speed_missing_or_nonfinite;power_missing_or_nonfinite;
2017-03-11 00:20:00+00:00,,,,,Kelmarsh 1,2050,wind_speed_missing_or_nonfinite;power_missing_or_nonfinite;
2017-03-11 00:30:00+00:00,,,,,Kelmarsh 1,2050,wind_speed_missing_or_nonfinite;power_missing_or_nonfinite;
2017-03-11 00:40:00+00:00,,,,,Kelmarsh 1,2050,wind_speed_missing_or_nonfinite;power_missing_or_nonfinite;
2017-03-11 00:50:00+00:00,,,,,Kelmarsh 1,2050,wind_speed_missing_or_nonfinite;power_missing_or_nonfinite;
2017-03-11 01:00:00+00:00,,,,,Kelmarsh 1,2050,wind_speed_missing_or_nonfinite;power_missing_or_nonfinite;
2017-03-11 01:10:00+00:00,,,,,Kelmarsh 1,2050,wind_speed_missing_or_nonfinite;power_missing_or_nonfinite;
2017-03-11 01:20:00+00:00,,,,,Kelmarsh 1,2050,wind_speed_missing_or_nonfinite;power_missing_or_nonfinite;
2017-03-11 01:30:00+00:00,,,,,Kelmarsh 1,2050,wind_speed_missing_or_nonfinite;power_missing_or_nonfinite;
2017-03-11 01:40:00+00:00,,,,,Kelmarsh 1,2050,wind_speed_missing_or_nonfinite;power_missing_or_nonfinite;
2017-03-11 01:50:00+00:00,,,,,Kelmarsh 1,2050,wind_speed_missing_or_nonfinite;power_missing_or_nonfinite;
2017-03-11 02:00:00+00:00,,,,,Kelmarsh 1,2050,wind_speed_missing_or_nonfinite;power_missing_or_nonfinite;
2017-03-11 02:10:00+00:00,,,,,Kelmarsh 1,2050,wind_speed_missing_or_nonfinite;power_missing_or_nonfinite;
2017-03-11 02:20:00+00:00,,,,,Kelmarsh 1,2050,wind_speed_missing_or_nonfinite;power_missing_or_nonfinite;
2017-03-11 02:30:00+00:00,,,,,Kelmarsh 1,2050,wind_speed_missing_or_nonfinite;power_missing_or_nonfinite;
2017-03-11 02:40:00+00:00,,,,,Kelmarsh 1,2050,wind_speed_missing_or_nonfinite;power_missing_or_nonfinite;
2017-03-11 02:50:00+00:00,,,,,Kelmarsh 1,2050,wind_speed_missing_or_nonfinite;power_missing_or_nonfinite;
2017-03-11 03:00:00+00:00,,,,,Kelmarsh 1,2050,wind_speed_missing_or_nonfinite;power_missing_or_nonfinite;
2017-03-11 03:10:00+00:00,,,,,Kelmarsh 1,2050,wind_speed_missing_or_nonfinite;power_missing_or_nonfinite;
2017-03-11 03:20:00+00:00,,,,,Kelmarsh 1,2050,wind_speed_missing_or_nonfinite;power_missing_or_nonfinite;
2017-03-11 03:30:00+00:00,,,,,Kelmarsh 1,2050,wind_speed_missing_or_nonfinite;power_missing_or_nonfinite;
2017-03-11 03:40:00+00:00,,,,,Kelmarsh 1,2050,wind_speed_missing_or_nonfinite;power_missing_or_nonfinite;
2017-03-11 03:50:00+00:00,,,,,Kelmarsh 1,2050,wind_speed_missing_or_nonfinite;power_missing_or_nonfinite;
2017-03-11 04:00:00+00:00,,,,,Kelmarsh 1,2050,wind_speed_missing_or_nonfinite;power_missing_or_nonfinite;
2017-03-11 04:10:00+00:00,,,,,Kelmarsh 1,2050,wind_speed_missing_or_nonfinite;power_missing_or_nonfinite;
2017-03-11 04:20:00+00:00,,,,,Kelmarsh 1,2050,wind_speed_missing_or_nonfinite;power_missing_or_nonfinite;
2017-03-11 04:30:00+00:00,,,,,Kelmarsh 1,2050,wind_speed_missing_or_nonfinite;power_missing_or_nonfinite;
2017-03-11 04:40:00+00:00,,,,,Kelmarsh 1,2050,wind_speed_missing_or_nonfinite;power_missing_or_nonfinite;
2017-03-11 04:50:00+00:00,,,,,Kelmarsh 1,2050,wind_speed_missing_or_nonfinite;power_missing_or_nonfinite;
2017-03-11 05:00:00+00:00,,,,,Kelmarsh 1,2050,wind_speed_missing_or_nonfinite;power_missing_or_nonfinite;
2017-03-11 05:10:00+00:00,,,,,Kelmarsh 1,2050,wind_speed_missing_or_nonfinite;power_missing_or_nonfinite;
2017-03-11 05:20:00+00:00,,,,,Kelmarsh 1,2050,wind_speed_missing_or_nonfinite;power_missing_or_nonfinite;
2017-03-11 05:30:00+00:00,,,,,Kelmarsh 1,2050,wind_speed_missing_or_nonfinite;power_missing_or_nonfinite;
2017-03-11 05:40:00+00:00,,,,,Kelmarsh 1,2050,wind_speed_missing_or_nonfinite;power_missing_or_nonfinite;
2017-03-11 05:50:00+00:00,,,,,Kelmarsh 1,2050,wind_speed_missing_or_nonfinite;power_missing_or_nonfinite;
2017-03-11 06:00:00+00:00,,,,,Kelmarsh 1,2050,wind_speed_missing_or_nonfinite;power_missing_or_nonfinite;
2017-03-11 06:10:00+00:00,,,,,Kelmarsh 1,2050,wind_speed_missing_or_nonfinite;power_missing_or_nonfinite;
2017-03-11 06:20:00+00:00,,,,,Kelmarsh 1,2050,wind_speed_missing_or_nonfinite;power_missing_or_nonfinite;
2017-03-11 06:30:00+00:00,,,,,Kelmarsh 1,2050,wind_speed_missing_or_nonfinite;power_missing_or_nonfinite;
2017-03-11 06:40:00+00:00,,,,,Kelmarsh 1,2050,wind_speed_missing_or_nonfinite;power_missing_or_nonfinite;
2017-03-11 06:50:00+00:00,,,,,Kelmarsh 1,2050,wind_speed_missing_or_nonfinite;power_missing_or_nonfinite;
2017-03-11 22:20:00+00:00,,,,,Kelmarsh 1,2050,wind_speed_missing_or_nonfinite;power_missing_or_nonfinite;
2017-03-11 22:30:00+00:00,,,,,Kelmarsh 1,2050,wind_speed_missing_or_nonfinite;power_missing_or_nonfinite;
2017-03-11 22:40:00+00:00,,,,,Kelmarsh 1,2050,wind_speed_missing_or_nonfinite;power_missing_or_nonfinite;
2017-03-11 22:50:00+00:00,,,,,Kelmarsh 1,2050,wind_speed_missing_or_nonfinite;power_missing_or_nonfinite;
2017-03-11 23:00:00+00:00,,,,,Kelmarsh 1,2050,wind_speed_missing_or_nonfinite;power_missing_or_nonfinite;
2017-03-11 23:10:00+00:00,,,,,Kelmarsh 1,2050,wind_speed_missing_or_nonfinite;power_missing_or_nonfinite;
2017-03-11 23:20:00+00:00,,,,,Kelmarsh 1,2050,wind_speed_missing_or_nonfinite;power_missing_or_nonfinite;
2017-03-11 23:30:00+00:00,,,,,Kelmarsh 1,2050,wind_speed_missing_or_nonfinite;power_missing_or_nonfinite;
2017-03-11 23:40:00+00:00,,,,,Kelmarsh 1,2050,wind_speed_missing_or_nonfinite;power_missing_or_nonfinite;
2017-03-11 23:50:00+00:00,,,,,Kelmarsh 1,2050,wind_speed_missing_or_nonfinite;power_missing_or_nonfinite;
2017-03-12 00:00:00+00:00,,,,,Kelmarsh 1,2050,wind_speed_missing_or_nonfinite;power_missing_or_nonfinite;
2017-03-12 00:10:00+00:00,,,,,Kelmarsh 1,2050,wind_speed_missing_or_nonfinite;power_missing_or_nonfinite;
2017-03-12 00:20:00+00:00,,,,,Kelmarsh 1,2050,wind_speed_missing_or_nonfinite;power_missing_or_nonfinite;
2017-03-12 00:30:00+00:00,,,,,Kelmarsh 1,2050,wind_speed_missing_or_nonfinite;power_missing_or_nonfinite;
2017-03-12 00:40:00+00:00,,,,,Kelmarsh 1,2050,wind_speed_missing_or_nonfinite;power_missing_or_nonfinite;
2017-03-12 00:50:00+00:00,,,,,Kelmarsh 1,2050,wind_speed_missing_or_nonfinite;power_missing_or_nonfinite;
2017-03-12 01:00:00+00:00,,,,,Kelmarsh 1,2050,wind_speed_missing_or_nonfinite;power_missing_or_nonfinite;
2017-03-12 01:10:00+00:00,,,,,Kelmarsh 1,2050,wind_speed_missing_or_nonfinite;power_missing_or_nonfinite;
2017-03-12 01:20:00+00:00,,,,,Kelmarsh 1,2050,wind_speed_missing_or_nonfinite;power_missing_or_nonfinite;
2017-03-12 01:30:00+00:00,,,,,Kelmarsh 1,2050,wind_speed_missing_or_nonfinite;power_missing_or_nonfinite;
2017-03-12 01:40:00+00:00,,,,,Kelmarsh 1,2050,wind_speed_missing_or_nonfinite;power_missing_or_nonfinite;
2017-03-12 01:50:00+00:00,,,,,Kelmarsh 1,2050,wind_speed_missing_or_nonfinite;power_missing_or_nonfinite;
2017-03-12 02:00:00+00:00,,,,,Kelmarsh 1,2050,wind_speed_missing_or_nonfinite;power_missing_or_nonfinite;
2017-03-12 02:10:00+00:00,,,,,Kelmarsh 1,2050,wind_speed_missing_or_nonfinite;power_missing_or_nonfinite;
2017-03-12 02:20:00+00:00,,,,,Kelmarsh 1,2050,wind_speed_missing_or_nonfinite;power_missing_or_nonfinite;
2017-03-12 02:30:00+00:00,,,,,Kelmarsh 1,2050,wind_speed_missing_or_nonfinite;power_missing_or_nonfinite;
2017-03-12 02:40:00+00:00,,,,,Kelmarsh 1,2050,wind_speed_missing_or_nonfinite;power_missing_or_nonfinite;
2017-03-12 02:50:00+00:00,,,,,Kelmarsh 1,2050,wind_speed_missing_or_nonfinite;power_missing_or_nonfinite;
2017-03-12 03:00:00+00:00,,,,,Kelmarsh 1,2050,wind_speed_missing_or_nonfinite;power_missing_or_nonfinite;
2017-03-12 03:10:00+00:00,,,,,Kelmarsh 1,2050,wind_speed_missing_or_nonfinite;power_missing_or_nonfinite;
2017-03-12 03:20:00+00:00,,,,,Kelmarsh 1,2050,wind_speed_missing_or_nonfinite;power_missing_or_nonfinite;
2017-03-12 03:30:00+00:00,,,,,Kelmarsh 1,2050,wind_speed_missing_or_nonfinite;power_missing_or_nonfinite;
2017-03-12 03:40:00+00:00,,,,,Kelmarsh 1,2050,wind_speed_missing_or_nonfinite;power_missing_or_nonfinite;
2017-03-12 03:50:00+00:00,,,,,Kelmarsh 1,2050,wind_speed_missing_or_nonfinite;power_missing_or_nonfinite;
2017-03-12 04:00:00+00:00,,,,,Kelmarsh 1,2050,wind_speed_missing_or_nonfinite;power_missing_or_nonfinite;
2017-03-12 04:10:00+00:00,,,,,Kelmarsh 1,2050,wind_speed_missing_or_nonfinite;power_missing_or_nonfinite;
2017-03-12 04:20:00+00:00,,,,,Kelmarsh 1,2050,wind_speed_missing_or_nonfinite;power_missing_or_nonfinite;
2017-03-12 04:30:00+00:00,,,,,Kelmarsh 1,2050,wind_speed_missing_or_nonfinite;power_missing_or_nonfinite;
2017-03-12 04:40:00+00:00,,,,,Kelmarsh 1,2050,wind_speed_missing_or_nonfinite;power_missing_or_nonfinite;
2017-03-12 04:50:00+00:00,,,,,Kelmarsh 1,2050,wind_speed_missing_or_nonfinite;power_missing_or_nonfinite;
2017-03-12 05:00:00+00:00,,,,,Kelmarsh 1,2050,wind_speed_missing_or_nonfinite;power_missing_or_nonfinite;
2017-03-12 05:10:00+00:00,,,,,Kelmarsh 1,2050,wind_speed_missing_or_nonfinite;power_missing_or_nonfinite;
2017-03-12 05:20:00+00:00,,,,,Kelmarsh 1,2050,wind_speed_missing_or_nonfinite;power_missing_or_nonfinite;
2017-03-12 05:30:00+00:00,,,,,Kelmarsh 1,2050,wind_speed_missing_or_nonfinite;power_missing_or_nonfinite;
2017-03-12 05:40:00+00:00,,,,,Kelmarsh 1,2050,wind_speed_missing_or_nonfinite;power_missing_or_nonfinite;
2017-03-12 05:50:00+00:00,,,,,Kelmarsh 1,2050,wind_speed_missing_or_nonfinite;power_missing_or_nonfinite;
2017-03-12 06:00:00+00:00,,,,,Kelmarsh 1,2050,wind_speed_missing_or_nonfinite;power_missing_or_nonfinite;
2017-03-12 06:10:00+00:00,,,,,Kelmarsh 1,2050,wind_speed_missing_or_nonfinite;power_missing_or_nonfinite;
2017-03-12 06:20:00+00:00,,,,,Kelmarsh 1,2050,wind_speed_missing_or_nonfinite;power_missing_or_nonfinite;
2017-03-12 06:30:00+00:00,,,,,Kelmarsh 1,2050,wind_speed_missing_or_nonfinite;power_missing_or_nonfinite;
2017-03-12 06:40:00+00:00,,,,,Kelmarsh 1,2050,wind_speed_missing_or_nonfinite;power_missing_or_nonfinite;
2017-03-12 06:50:00+00:00,,,,,Kelmarsh 1,2050,wind_speed_missing_or_nonfinite;power_missing_or_nonfinite;
2017-03-12 07:00:00+00:00,,,,,Kelmarsh 1,2050,wind_speed_missing_or_nonfinite;power_missing_or_nonfinite;
2017-03-12 07:10:00+00:00,,,,,Kelmarsh 1,2050,wind_speed_missing_or_nonfinite;power_missing_or_nonfinite;
2017-03-12 07:20:00+00:00,,,,,Kelmarsh 1,2050,wind_speed_missing_or_nonfinite;power_missing_or_nonfinite;
2017-03-12 07:30:00+00:00,,,,,Kelmarsh 1,2050,wind_speed_missing_or_nonfinite;power_missing_or_nonfinite;
2017-03-12 07:40:00+00:00,,,,,Kelmarsh 1,2050,wind_speed_missing_or_nonfinite;power_missing_or_nonfinite;
2017-03-12 07:50:00+00:00,,,,,Kelmarsh 1,2050,wind_speed_missing_or_nonfinite;power_missing_or_nonfinite;
2017-03-12 08:00:00+00:00,,,,,Kelmarsh 1,2050,wind_speed_missing_or_nonfinite;power_missing_or_nonfinite;
2017-03-12 08:10:00+00:00,,,,,Kelmarsh 1,2050,wind_speed_missing_or_nonfinite;power_missing_or_nonfinite;
2017-03-12 08:20:00+00:00,,,,,Kelmarsh 1,2050,wind_speed_missing_or_nonfinite;power_missing_or_nonfinite;
2017-03-12 08:30:00+00:00,,,,,Kelmarsh 1,2050,wind_speed_missing_or_nonfinite;power_missing_or_nonfinite;
2017-03-12 08:40:00+00:00,,,,,Kelmarsh 1,2050,wind_speed_missing_or_nonfinite;power_missing_or_nonfinite;
2017-03-12 08:50:00+00:00,,,,,Kelmarsh 1,2050,wind_speed_missing_or_nonfinite;power_missing_or_nonfinite;
2017-03-12 09:00:00+00:00,,,,,Kelmarsh 1,2050,wind_speed_missing_or_nonfinite;power_missing_or_nonfinite;
2017-03-12 09:10:00+00:00,,,,,Kelmarsh 1,2050,wind_speed_missing_or_nonfinite;power_missing_or_nonfinite;
2017-03-12 09:20:00+00:00,,,,,Kelmarsh 1,2050,wind_speed_missing_or_nonfinite;power_missing_or_nonfinite;
2017-03-12 09:30:00+00:00,,,,,Kelmarsh 1,2050,wind_speed_missing_or_nonfinite;power_missing_or_nonfinite;
2017-03-12 09:40:00+00:00,,,,,Kelmarsh 1,2050,wind_speed_missing_or_nonfinite;power_missing_or_nonfinite;
2017-03-12 09:50:00+00:00,,,,,Kelmarsh 1,2050,wind_speed_missing_or_nonfinite;power_missing_or_nonfinite;
2017-03-12 10:00:00+00:00,,,,,Kelmarsh 1,2050,wind_speed_missing_or_nonfinite;power_missing_or_nonfinite;
2017-03-12 10:10:00+00:00,,,,,Kelmarsh 1,2050,wind_speed_missing_or_nonfinite;power_missing_or_nonfinite;
2017-03-12 10:20:00+00:00,,,,,Kelmarsh 1,2050,wind_speed_missing_or_nonfinite;power_missing_or_nonfinite;
2017-03-12 10:30:00+00:00,,,,,Kelmarsh 1,2050,wind_speed_missing_or_nonfinite;power_missing_or_nonfinite;
2017-03-12 10:40:00+00:00,,,,,Kelmarsh 1,2050,wind_speed_missing_or_nonfinite;power_missing_or_nonfinite;
2017-03-12 10:50:00+00:00,,,,,Kelmarsh 1,2050,wind_speed_missing_or_nonfinite;power_missing_or_nonfinite;
2017-03-12 11:00:00+00:00,,,,,Kelmarsh 1,2050,wind_speed_missing_or_nonfinite;power_missing_or_nonfinite;
2017-03-29 23:00:00+00:00,,,,,Kelmarsh 1,2050,wind_speed_missing_or_nonfinite;power_missing_or_nonfinite;
2017-04-08 04:50:00+00:00,,,,,Kelmarsh 1,2050,wind_speed_missing_or_nonfinite;power_missing_or_nonfinite;
2017-05-19 14:20:00+00:00,,,,,Kelmarsh 1,2050,wind_speed_missing_or_nonfinite;power_missing_or_nonfinite;
2017-05-21 23:50:00+00:00,,,,,Kelmarsh 1,2050,wind_speed_missing_or_nonfinite;power_missing_or_nonfinite;
2017-06-04 16:00:00+00:00,,,,,Kelmarsh 1,2050,wind_speed_missing_or_nonfinite;power_missing_or_nonfinite;
2017-06-04 16:10:00+00:00,,,,,Kelmarsh 1,2050,wind_speed_missing_or_nonfinite;power_missing_or_nonfinite;
2017-06-04 16:20:00+00:00,,,,,Kelmarsh 1,2050,wind_speed_missing_or_nonfinite;power_missing_or_nonfinite;
2017-06-04 16:30:00+00:00,,,,,Kelmarsh 1,2050,wind_speed_missing_or_nonfinite;power_missing_or_nonfinite;
2017-06-27 08:00:00+00:00,,,,,Kelmarsh 1,2050,wind_speed_missing_or_nonfinite;power_missing_or_nonfinite;
2017-06-27 08:10:00+00:00,,,,,Kelmarsh 1,2050,wind_speed_missing_or_nonfinite;power_missing_or_nonfinite;
2017-06-27 08:20:00+00:00,,,,,Kelmarsh 1,2050,wind_speed_missing_or_nonfinite;power_missing_or_nonfinite;
2017-06-27 08:30:00+00:00,,,,,Kelmarsh 1,2050,wind_speed_missing_or_nonfinite;power_missing_or_nonfinite;
2017-06-27 08:40:00+00:00,,,,,Kelmarsh 1,2050,wind_speed_missing_or_nonfinite;power_missing_or_nonfinite;
2017-07-21 00:20:00+00:00,,,,,Kelmarsh 1,2050,wind_speed_missing_or_nonfinite;power_missing_or_nonfinite;
2017-08-01 09:20:00+00:00,,,,,Kelmarsh 1,2050,wind_speed_missing_or_nonfinite;power_missing_or_nonfinite;
2017-08-01 09:30:00+00:00,,,,,Kelmarsh 1,2050,wind_speed_missing_or_nonfinite;power_missing_or_nonfinite;
2017-08-01 09:40:00+00:00,,,,,Kelmarsh 1,2050,wind_speed_missing_or_nonfinite;power_missing_or_nonfinite;
2017-08-01 10:20:00+00:00,,,,,Kelmarsh 1,2050,wind_speed_missing_or_nonfinite;power_missing_or_nonfinite;
2017-08-01 22:30:00+00:00,,,,,Kelmarsh 1,2050,wind_speed_missing_or_nonfinite;power_missing_or_nonfinite;
2017-08-01 22:40:00+00:00,,,,,Kelmarsh 1,2050,wind_speed_missing_or_nonfinite;power_missing_or_nonfinite;
2017-10-02 11:00:00+00:00,,,,,Kelmarsh 1,2050,wind_speed_missing_or_nonfinite;power_missing_or_nonfinite;
2017-10-02 11:10:00+00:00,,,,,Kelmarsh 1,2050,wind_speed_missing_or_nonfinite;power_missing_or_nonfinite;
2017-10-23 14:40:00+00:00,,,,,Kelmarsh 1,2050,wind_speed_missing_or_nonfinite;power_missing_or_nonfinite;
2017-12-07 15:20:00+00:00,,,,,Kelmarsh 1,2050,wind_speed_missing_or_nonfinite;power_missing_or_nonfinite;
2017-12-07 15:30:00+00:00,,,,,Kelmarsh 1,2050,wind_speed_missing_or_nonfinite;power_missing_or_nonfinite;
2017-12-07 15:40:00+00:00,,,,,Kelmarsh 1,2050,wind_speed_missing_or_nonfinite;power_missing_or_nonfinite;
2017-12-07 15:50:00+00:00,,,,,Kelmarsh 1,2050,wind_speed_missing_or_nonfinite;power_missing_or_nonfinite;
2017-12-07 16:00:00+00:00,,,,,Kelmarsh 1,2050,wind_speed_missing_or_nonfinite;power_missing_or_nonfinite;
2017-01-07 01:20:00+00:00,,,,,Kelmarsh 2,2050,wind_speed_missing_or_nonfinite;power_missing_or_nonfinite;
2017-01-07 01:30:00+00:00,,,,,Kelmarsh 2,2050,wind_speed_missing_or_nonfinite;power_missing_or_nonfinite;
2017-01-07 01:40:00+00:00,,,,,Kelmarsh 2,2050,wind_speed_missing_or_nonfinite;power_missing_or_nonfinite;
2017-01-07 01:50:00+00:00,,,,,Kelmarsh 2,2050,wind_speed_missing_or_nonfinite;power_missing_or_nonfinite;
2017-01-07 02:00:00+00:00,,,,,Kelmarsh 2,2050,wind_speed_missing_or_nonfinite;power_missing_or_nonfinite;
2017-01-07 02:10:00+00:00,,,,,Kelmarsh 2,2050,wind_speed_missing_or_nonfinite;power_missing_or_nonfinite;
2017-01-07 02:20:00+00:00,,,,,Kelmarsh 2,2050,wind_speed_missing_or_nonfinite;power_missing_or_nonfinite;
2017-01-07 02:30:00+00:00,,,,,Kelmarsh 2,2050,wind_speed_missing_or_nonfinite;power_missing_or_nonfinite;
2017-01-07 02:40:00+00:00,,,,,Kelmarsh 2,2050,wind_speed_missing_or_nonfinite;power_missing_or_nonfinite;
2017-01-07 02:50:00+00:00,,,,,Kelmarsh 2,2050,wind_speed_missing_or_nonfinite;power_missing_or_nonfinite;
2017-01-07 03:00:00+00:00,,,,,Kelmarsh 2,2050,wind_speed_missing_or_nonfinite;power_missing_or_nonfinite;
2017-01-07 03:10:00+00:00,,,,,Kelmarsh 2,2050,wind_speed_missing_or_nonfinite;power_missing_or_nonfinite;
2017-01-07 03:20:00+00:00,,,,,Kelmarsh 2,2050,wind_speed_missing_or_nonfinite;power_missing_or_nonfinite;
2017-01-07 03:30:00+00:00,,,,,Kelmarsh 2,2050,wind_speed_missing_or_nonfinite;power_missing_or_nonfinite;
2017-01-07 03:40:00+00:00,,,,,Kelmarsh 2,2050,wind_speed_missing_or_nonfinite;power_missing_or_nonfinite;
2017-01-07 03:50:00+00:00,,,,,Kelmarsh 2,2050,wind_speed_missing_or_nonfinite;power_missing_or_nonfinite;
2017-01-07 04:00:00+00:00,,,,,Kelmarsh 2,2050,wind_speed_missing_or_nonfinite;power_missing_or_nonfinite;
2017-01-07 04:10:00+00:00,,,,,Kelmarsh 2,2050,wind_speed_missing_or_nonfinite;power_missing_or_nonfinite;
2017-01-07 04:20:00+00:00,,,,,Kelmarsh 2,2050,wind_speed_missing_or_nonfinite;power_missing_or_nonfinite;
2017-01-07 04:30:00+00:00,,,,,Kelmarsh 2,2050,wind_speed_missing_or_nonfinite;power_missing_or_nonfinite;
2017-01-07 04:40:00+00:00,,,,,Kelmarsh 2,2050,wind_speed_missing_or_nonfinite;power_missing_or_nonfinite;
2017-01-07 04:50:00+00:00,,,,,Kelmarsh 2,2050,wind_speed_missing_or_nonfinite;power_missing_or_nonfinite;
2017-01-07 05:00:00+00:00,,,,,Kelmarsh 2,2050,wind_speed_missing_or_nonfinite;power_missing_or_nonfinite;
2017-01-07 05:10:00+00:00,,,,,Kelmarsh 2,2050,wind_speed_missing_or_nonfinite;power_missing_or_nonfinite;
2017-01-07 05:20:00+00:00,,,,,Kelmarsh 2,2050,wind_speed_missing_or_nonfinite;power_missing_or_nonfinite;
2017-01-07 05:30:00+00:00,,,,,Kelmarsh 2,2050,wind_speed_missing_or_nonfinite;power_missing_or_nonfinite;
2017-01-07 05:40:00+00:00,,,,,Kelmarsh 2,2050,wind_speed_missing_or_nonfinite;power_missing_or_nonfinite;
2017-01-07 05:50:00+00:00,,,,,Kelmarsh 2,2050,wind_speed_missing_or_nonfinite;power_missing_or_nonfinite;
2017-01-07 06:00:00+00:00,,,,,Kelmarsh 2,2050,wind_speed_missing_or_nonfinite;power_missing_or_nonfinite;
2017-01-07 06:10:00+00:00,,,,,Kelmarsh 2,2050,wind_speed_missing_or_nonfinite;power_missing_or_nonfinite;
2017-01-07 06:20:00+00:00,,,,,Kelmarsh 2,2050,wind_speed_missing_or_nonfinite;power_missing_or_nonfinite;
2017-01-07 06:30:00+00:00,,,,,Kelmarsh 2,2050,wind_speed_missing_or_nonfinite;power_missing_or_nonfinite;
2017-01-07 06:40:00+00:00,,,,,Kelmarsh 2,2050,wind_speed_missing_or_nonfinite;power_missing_or_nonfinite;
2017-01-07 06:50:00+00:00,,,,,Kelmarsh 2,2050,wind_speed_missing_or_nonfinite;power_missing_or_nonfinite;
2017-01-07 07:00:00+00:00,,,,,Kelmarsh 2,2050,wind_speed_missing_or_nonfinite;power_missing_or_nonfinite;
2017-01-07 07:10:00+00:00,,,,,Kelmarsh 2,2050,wind_speed_missing_or_nonfinite;power_missing_or_nonfinite;
2017-01-07 07:20:00+00:00,,,,,Kelmarsh 2,2050,wind_speed_missing_or_nonfinite;power_missing_or_nonfinite;
2017-01-07 07:30:00+00:00,,,,,Kelmarsh 2,2050,wind_speed_missing_or_nonfinite;power_missing_or_nonfinite;
2017-01-07 07:40:00+00:00,,,,,Kelmarsh 2,2050,wind_speed_missing_or_nonfinite;power_missing_or_nonfinite;
2017-01-07 07:50:00+00:00,,,,,Kelmarsh 2,2050,wind_speed_missing_or_nonfinite;power_missing_or_nonfinite;
2017-01-07 08:00:00+00:00,,,,,Kelmarsh 2,2050,wind_speed_missing_or_nonfinite;power_missing_or_nonfinite;
2017-01-07 08:10:00+00:00,,,,,Kelmarsh 2,2050,wind_speed_missing_or_nonfinite;power_missing_or_nonfinite;
2017-01-07 08:20:00+00:00,,,,,Kelmarsh 2,2050,wind_speed_missing_or_nonfinite;power_missing_or_nonfinite;
2017-01-07 08:30:00+00:00,,,,,Kelmarsh 2,2050,wind_speed_missing_or_nonfinite;power_missing_or_nonfinite;
2017-01-07 08:40:00+00:00,,,,,Kelmarsh 2,2050,wind_speed_missing_or_nonfinite;power_missing_or_nonfinite;
2017-01-07 08:50:00+00:00,,,,,Kelmarsh 2,2050,wind_speed_missing_or_nonfinite;power_missing_or_nonfinite;
2017-01-07 09:00:00+00:00,,,,,Kelmarsh 2,2050,wind_speed_missing_or_nonfinite;power_missing_or_nonfinite;
2017-01-07 09:10:00+00:00,,,,,Kelmarsh 2,2050,wind_speed_missing_or_nonfinite;power_missing_or_nonfinite;
2017-01-07 09:20:00+00:00,,,,,Kelmarsh 2,2050,wind_speed_missing_or_nonfinite;power_missing_or_nonfinite;
2017-01-07 09:30:00+00:00,,,,,Kelmarsh 2,2050,wind_speed_missing_or_nonfinite;power_missing_or_nonfinite;
2017-01-07 09:40:00+00:00,,,,,Kelmarsh 2,2050,wind_speed_missing_or_nonfinite;power_missing_or_nonfinite;
2017-01-07 09:50:00+00:00,,,,,Kelmarsh 2,2050,wind_speed_missing_or_nonfinite;power_missing_or_nonfinite;
2017-01-07 10:00:00+00:00,,,,,Kelmarsh 2,2050,wind_speed_missing_or_nonfinite;power_missing_or_nonfinite;
2017-01-07 10:10:00+00:00,,,,,Kelmarsh 2,2050,wind_speed_missing_or_nonfinite;power_missing_or_nonfinite;
2017-01-07 10:20:00+00:00,,,,,Kelmarsh 2,2050,wind_speed_missing_or_nonfinite;power_missing_or_nonfinite;
2017-01-07 10:30:00+00:00,,,,,Kelmarsh 2,2050,wind_speed_missing_or_nonfinite;power_missing_or_nonfinite;
2017-01-07 10:40:00+00:00,,,,,Kelmarsh 2,2050,wind_speed_missing_or_nonfinite;power_missing_or_nonfinite;
2017-01-07 10:50:00+00:00,,,,,Kelmarsh 2,2050,wind_speed_missing_or_nonfinite;power_missing_or_nonfinite;
2017-01-07 11:00:00+00:00,,,,,Kelmarsh 2,2050,wind_speed_missing_or_nonfinite;power_missing_or_nonfinite;
2017-01-07 11:10:00+00:00,,,,,Kelmarsh 2,2050,wind_speed_missing_or_nonfinite;power_missing_or_nonfinite;
2017-01-07 11:20:00+00:00,,,,,Kelmarsh 2,2050,wind_speed_missing_or_nonfinite;power_missing_or_nonfinite;
2017-01-07 11:30:00+00:00,,,,,Kelmarsh 2,2050,wind_speed_missing_or_nonfinite;power_missing_or_nonfinite;
2017-01-07 11:40:00+00:00,,,,,Kelmarsh 2,2050,wind_speed_missing_or_nonfinite;power_missing_or_nonfinite;
2017-01-07 11:50:00+00:00,,,,,Kelmarsh 2,2050,wind_speed_missing_or_nonfinite;power_missing_or_nonfinite;
2017-01-07 12:00:00+00:00,,,,,Kelmarsh 2,2050,wind_speed_missing_or_nonfinite;power_missing_or_nonfinite;
2017-01-07 12:10:00+00:00,,,,,Kelmarsh 2,2050,wind_speed_missing_or_nonfinite;power_missing_or_nonfinite;
2017-01-07 12:20:00+00:00,,,,,Kelmarsh 2,2050,wind_speed_missing_or_nonfinite;power_missing_or_nonfinite;
2017-01-07 12:30:00+00:00,,,,,Kelmarsh 2,2050,wind_speed_missing_or_nonfinite;power_missing_or_nonfinite;
2017-01-07 12:40:00+00:00,,,,,Kelmarsh 2,2050,wind_speed_missing_or_nonfinite;power_missing_or_nonfinite;
2017-01-07 12:50:00+00:00,,,,,Kelmarsh 2,2050,wind_speed_missing_or_nonfinite;power_missing_or_nonfinite;
2017-01-08 14:50:00+00:00,,,,,Kelmarsh 2,2050,wind_speed_missing_or_nonfinite;power_missing_or_nonfinite;
2017-01-08 15:00:00+00:00,,,,,Kelmarsh 2,2050,wind_speed_missing_or_nonfinite;power_missing_or_nonfinite;
2017-01-08 15:10:00+00:00,,,,,Kelmarsh 2,2050,wind_speed_missing_or_nonfinite;power_missing_or_nonfinite;
2017-01-08 15:20:00+00:00,,,,,Kelmarsh 2,2050,wind_speed_missing_or_nonfinite;power_missing_or_nonfinite;
2017-01-08 15:30:00+00:00,,,,,Kelmarsh 2,2050,wind_speed_missing_or_nonfinite;power_missing_or_nonfinite;
2017-01-08 15:40:00+00:00,,,,,Kelmarsh 2,2050,wind_speed_missing_or_nonfinite;power_missing_or_nonfinite;
2017-01-09 02:30:00+00:00,,,,,Kelmarsh 2,2050,wind_speed_missing_or_nonfinite;power_missing_or_nonfinite;
2017-01-09 02:40:00+00:00,,,,,Kelmarsh 2,2050,wind_speed_missing_or_nonfinite;power_missing_or_nonfinite;
2017-01-09 02:50:00+00:00,,,,,Kelmarsh 2,2050,wind_speed_missing_or_nonfinite;power_missing_or_nonfinite;
2017-01-09 03:00:00+00:00,,,,,Kelmarsh 2,2050,wind_speed_missing_or_nonfinite;power_missing_or_nonfinite;
2017-01-09 03:10:00+00:00,,,,,Kelmarsh 2,2050,wind_speed_missing_or_nonfinite;power_missing_or_nonfinite;
2017-01-09 03:20:00+00:00,,,,,Kelmarsh 2,2050,wind_speed_missing_or_nonfinite;power_missing_or_nonfinite;
2017-01-09 03:30:00+00:00,,,,,Kelmarsh 2,2050,wind_speed_missing_or_nonfinite;power_missing_or_nonfinite;
2017-01-09 03:40:00+00:00,,,,,Kelmarsh 2,2050,wind_speed_missing_or_nonfinite;power_missing_or_nonfinite;
2017-01-09 03:50:00+00:00,,,,,Kelmarsh 2,2050,wind_speed_missing_or_nonfinite;power_missing_or_nonfinite;
2017-01-09 04:00:00+00:00,,,,,Kelmarsh 2,2050,wind_speed_missing_or_nonfinite;power_missing_or_nonfinite;
2017-01-09 04:10:00+00:00,,,,,Kelmarsh 2,2050,wind_speed_missing_or_nonfinite;power_missing_or_nonfinite;
2017-01-09 04:20:00+00:00,,,,,Kelmarsh 2,2050,wind_speed_missing_or_nonfinite;power_missing_or_nonfinite;
2017-01-09 04:30:00+00:00,,,,,Kelmarsh 2,2050,wind_speed_missing_or_nonfinite;power_missing_or_nonfinite;
2017-01-09 04:40:00+00:00,,,,,Kelmarsh 2,2050,wind_speed_missing_or_nonfinite;power_missing_or_nonfinite;
2017-01-09 04:50:00+00:00,,,,,Kelmarsh 2,2050,wind_speed_missing_or_nonfinite;power_missing_or_nonfinite;
2017-01-09 05:00:00+00:00,,,,,Kelmarsh 2,2050,wind_speed_missing_or_nonfinite;power_missing_or_nonfinite;
2017-01-09 05:10:00+00:00,,,,,Kelmarsh 2,2050,wind_speed_missing_or_nonfinite;power_missing_or_nonfinite;
2017-01-09 05:20:00+00:00,,,,,Kelmarsh 2,2050,wind_speed_missing_or_nonfinite;power_missing_or_nonfinite;
2017-01-09 05:30:00+00:00,,,,,Kelmarsh 2,2050,wind_speed_missing_or_nonfinite;power_missing_or_nonfinite;
2017-01-09 05:40:00+00:00,,,,,Kelmarsh 2,2050,wind_speed_missing_or_nonfinite;power_missing_or_nonfinite;
2017-01-12 05:40:00+00:00,,,,,Kelmarsh 2,2050,wind_speed_missing_or_nonfinite;power_missing_or_nonfinite;
2017-01-12 05:50:00+00:00,,,,,Kelmarsh 2,2050,wind_speed_missing_or_nonfinite;power_missing_or_nonfinite;
2017-01-12 06:00:00+00:00,,,,,Kelmarsh 2,2050,wind_speed_missing_or_nonfinite;power_missing_or_nonfinite;
2017-01-12 06:10:00+00:00,,,,,Kelmarsh 2,2050,wind_speed_missing_or_nonfinite;power_missing_or_nonfinite;
2017-01-12 06:20:00+00:00,,,,,Kelmarsh 2,2050,wind_speed_missing_or_nonfinite;power_missing_or_nonfinite;
2017-01-12 06:30:00+00:00,,,,,Kelmarsh 2,2050,wind_speed_missing_or_nonfinite;power_missing_or_nonfinite;
2017-01-12 06:40:00+00:00,,,,,Kelmarsh 2,2050,wind_speed_missing_or_nonfinite;power_missing_or_nonfinite;
2017-01-12 06:50:00+00:00,,,,,Kelmarsh 2,2050,wind_speed_missing_or_nonfinite;power_missing_or_nonfinite;
2017-01-12 07:00:00+00:00,,,,,Kelmarsh 2,2050,wind_speed_missing_or_nonfinite;power_missing_or_nonfinite;
2017-01-12 07:10:00+00:00,,,,,Kelmarsh 2,2050,wind_speed_missing_or_nonfinite;power_missing_or_nonfinite;
2017-01-12 07:20:00+00:00,,,,,Kelmarsh 2,2050,wind_speed_missing_or_nonfinite;power_missing_or_nonfinite;
2017-01-12 07:30:00+00:00,,,,,Kelmarsh 2,2050,wind_speed_missing_or_nonfinite;power_missing_or_nonfinite;
2017-01-12 07:40:00+00:00,,,,,Kelmarsh 2,2050,wind_speed_missing_or_nonfinite;power_missing_or_nonfinite;
2017-01-12 07:50:00+00:00,,,,,Kelmarsh 2,2050,wind_speed_missing_or_nonfinite;power_missing_or_nonfinite;
2017-01-12 08:00:00+00:00,,,,,Kelmarsh 2,2050,wind_speed_missing_or_nonfinite;power_missing_or_nonfinite;
2017-01-12 08:10:00+00:00,,,,,Kelmarsh 2,2050,wind_speed_missing_or_nonfinite;power_missing_or_nonfinite;
2017-01-12 08:20:00+00:00,,,,,Kelmarsh 2,2050,wind_speed_missing_or_nonfinite;power_missing_or_nonfinite;
2017-01-12 08:30:00+00:00,,,,,Kelmarsh 2,2050,wind_speed_missing_or_nonfinite;power_missing_or_nonfinite;
2017-01-12 08:40:00+00:00,,,,,Kelmarsh 2,2050,wind_speed_missing_or_nonfinite;power_missing_or_nonfinite;
2017-01-12 08:50:00+00:00,,,,,Kelmarsh 2,2050,wind_speed_missing_or_nonfinite;power_missing_or_nonfinite;
2017-01-12 09:00:00+00:00,,,,,Kelmarsh 2,2050,wind_speed_missing_or_nonfinite;power_missing_or_nonfinite;
2017-01-12 09:10:00+00:00,,,,,Kelmarsh 2,2050,wind_speed_missing_or_nonfinite;power_missing_or_nonfinite;
2017-01-12 09:20:00+00:00,,,,,Kelmarsh 2,2050,wind_speed_missing_or_nonfinite;power_missing_or_nonfinite;
2017-01-12 09:30:00+00:00,,,,,Kelmarsh 2,2050,wind_speed_missing_or_nonfinite;power_missing_or_nonfinite;
2017-01-12 09:40:00+00:00,,,,,Kelmarsh 2,2050,wind_speed_missing_or_nonfinite;power_missing_or_nonfinite;
2017-01-12 09:50:00+00:00,,,,,Kelmarsh 2,2050,wind_speed_missing_or_nonfinite;power_missing_or_nonfinite;
2017-01-12 10:00:00+00:00,,,,,Kelmarsh 2,2050,wind_speed_missing_or_nonfinite;power_missing_or_nonfinite;
2017-01-12 10:10:00+00:00,,,,,Kelmarsh 2,2050,wind_speed_missing_or_nonfinite;power_missing_or_nonfinite;
2017-01-12 10:20:00+00:00,,,,,Kelmarsh 2,2050,wind_speed_missing_or_nonfinite;power_missing_or_nonfinite;
2017-01-12 10:30:00+00:00,,,,,Kelmarsh 2,2050,wind_speed_missing_or_nonfinite;power_missing_or_nonfinite;
2017-01-12 10:40:00+00:00,,,,,Kelmarsh 2,2050,wind_speed_missing_or_nonfinite;power_missing_or_nonfinite;
2017-01-12 10:50:00+00:00,,,,,Kelmarsh 2,2050,wind_speed_missing_or_nonfinite;power_missing_or_nonfinite;
2017-01-12 11:00:00+00:00,,,,,Kelmarsh 2,2050,wind_speed_missing_or_nonfinite;power_missing_or_nonfinite;
2017-01-12 11:10:00+00:00,,,,,Kelmarsh 2,2050,wind_speed_missing_or_nonfinite;power_missing_or_nonfinite;
2017-01-25 07:40:00+00:00,,,,,Kelmarsh 2,2050,wind_speed_missing_or_nonfinite;power_missing_or_nonfinite;
2017-01-25 07:50:00+00:00,,,,,Kelmarsh 2,2050,wind_speed_missing_or_nonfinite;power_missing_or_nonfinite;
2017-01-25 08:00:00+00:00,,,,,Kelmarsh 2,2050,wind_speed_missing_or_nonfinite;power_missing_or_nonfinite;
2017-01-25 08:10:00+00:00,,,,,Kelmarsh 2,2050,wind_speed_missing_or_nonfinite;power_missing_or_nonfinite;
2017-01-25 08:20:00+00:00,,,,,Kelmarsh 2,2050,wind_speed_missing_or_nonfinite;power_missing_or_nonfinite;
2017-01-25 08:30:00+00:00,,,,,Kelmarsh 2,2050,wind_speed_missing_or_nonfinite;power_missing_or_nonfinite;
2017-01-25 08:40:00+00:00,,,,,Kelmarsh 2,2050,wind_speed_missing_or_nonfinite;power_missing_or_nonfinite;
2017-01-25 08:50:00+00:00,,,,,Kelmarsh 2,2050,wind_speed_missing_or_nonfinite;power_missing_or_nonfinite;
2017-01-25 09:00:00+00:00,,,,,Kelmarsh 2,2050,wind_speed_missing_or_nonfinite;power_missing_or_nonfinite;
2017-01-25 09:10:00+00:00,,,,,Kelmarsh 2,2050,wind_speed_missing_or_nonfinite;power_missing_or_nonfinite;
2017-01-25 09:20:00+00:00,,,,,Kelmarsh 2,2050,wind_speed_missing_or_nonfinite;power_missing_or_nonfinite;
2017-01-25 09:30:00+00:00,,,,,Kelmarsh 2,2050,wind_speed_missing_or_nonfinite;power_missing_or_nonfinite;
2017-01-25 09:40:00+00:00,,,,,Kelmarsh 2,2050,wind_speed_missing_or_nonfinite;power_missing_or_nonfinite;
2017-01-25 09:50:00+00:00,,,,,Kelmarsh 2,2050,wind_speed_missing_or_nonfinite;power_missing_or_nonfinite;
2017-01-25 10:00:00+00:00,,,,,Kelmarsh 2,2050,wind_speed_missing_or_nonfinite;power_missing_or_nonfinite;
2017-01-25 10:10:00+00:00,,,,,Kelmarsh 2,2050,wind_speed_missing_or_nonfinite;power_missing_or_nonfinite;
2017-01-25 10:20:00+00:00,,,,,Kelmarsh 2,2050,wind_speed_missing_or_nonfinite;power_missing_or_nonfinite;
2017-01-25 10:30:00+00:00,,,,,Kelmarsh 2,2050,wind_speed_missing_or_nonfinite;power_missing_or_nonfinite;
2017-01-25 10:40:00+00:00,,,,,Kelmarsh 2,2050,wind_speed_missing_or_nonfinite;power_missing_or_nonfinite;
2017-01-25 10:50:00+00:00,,,,,Kelmarsh 2,2050,wind_speed_missing_or_nonfinite;power_missing_or_nonfinite;
2017-01-25 11:00:00+00:00,,,,,Kelmarsh 2,2050,wind_speed_missing_or_nonfinite;power_missing_or_nonfinite;
2017-01-25 11:10:00+00:00,,,,,Kelmarsh 2,2050,wind_speed_missing_or_nonfinite;power_missing_or_nonfinite;
2017-01-25 11:20:00+00:00,,,,,Kelmarsh 2,2050,wind_speed_missing_or_nonfinite;power_missing_or_nonfinite;
2017-01-25 11:30:00+00:00,,,,,Kelmarsh 2,2050,wind_speed_missing_or_nonfinite;power_missing_or_nonfinite;
2017-01-25 11:40:00+00:00,,,,,Kelmarsh 2,2050,wind_speed_missing_or_nonfinite;power_missing_or_nonfinite;
2017-01-25 11:50:00+00:00,,,,,Kelmarsh 2,2050,wind_speed_missing_or_nonfinite;power_missing_or_nonfinite;
2017-01-25 12:00:00+00:00,,,,,Kelmarsh 2,2050,wind_speed_missing_or_nonfinite;power_missing_or_nonfinite;
2017-01-25 12:10:00+00:00,,,,,Kelmarsh 2,2050,wind_speed_missing_or_nonfinite;power_missing_or_nonfinite;
2017-01-25 12:20:00+00:00,,,,,Kelmarsh 2,2050,wind_speed_missing_or_nonfinite;power_missing_or_nonfinite;
2017-01-25 12:30:00+00:00,,,,,Kelmarsh 2,2050,wind_speed_missing_or_nonfinite;power_missing_or_nonfinite;
2017-01-25 12:40:00+00:00,,,,,Kelmarsh 2,2050,wind_speed_missing_or_nonfinite;power_missing_or_nonfinite;
2017-01-25 12:50:00+00:00,,,,,Kelmarsh 2,2050,wind_speed_missing_or_nonfinite;power_missing_or_nonfinite;
2017-01-25 13:00:00+00:00,,,,,Kelmarsh 2,2050,wind_speed_missing_or_nonfinite;power_missing_or_nonfinite;
2017-01-25 13:10:00+00:00,,,,,Kelmarsh 2,2050,wind_speed_missing_or_nonfinite;power_missing_or_nonfinite;
2017-01-25 13:20:00+00:00,,,,,Kelmarsh 2,2050,wind_speed_missing_or_nonfinite;power_missing_or_nonfinite;
2017-01-25 13:30:00+00:00,,,,,Kelmarsh 2,2050,wind_speed_missing_or_nonfinite;power_missing_or_nonfinite;
2017-01-25 13:40:00+00:00,,,,,Kelmarsh 2,2050,wind_speed_missing_or_nonfinite;power_missing_or_nonfinite;
2017-01-25 13:50:00+00:00,,,,,Kelmarsh 2,2050,wind_speed_missing_or_nonfinite;power_missing_or_nonfinite;
2017-01-25 14:00:00+00:00,,,,,Kelmarsh 2,2050,wind_speed_missing_or_nonfinite;power_missing_or_nonfinite;
2017-01-25 14:10:00+00:00,,,,,Kelmarsh 2,2050,wind_speed_missing_or_nonfinite;power_missing_or_nonfinite;
2017-01-25 14:20:00+00:00,,,,,Kelmarsh 2,2050,wind_speed_missing_or_nonfinite;power_missing_or_nonfinite;
2017-01-25 14:30:00+00:00,,,,,Kelmarsh 2,2050,wind_speed_missing_or_nonfinite;power_missing_or_nonfinite;
2017-01-25 14:40:00+00:00,,,,,Kelmarsh 2,2050,wind_speed_missing_or_nonfinite;power_missing_or_nonfinite;
2017-01-25 14:50:00+00:00,,,,,Kelmarsh 2,2050,wind_speed_missing_or_nonfinite;power_missing_or_nonfinite;
2017-01-25 15:00:00+00:00,,,,,Kelmarsh 2,2050,wind_speed_missing_or_nonfinite;power_missing_or_nonfinite;
2017-01-25 15:10:00+00:00,,,,,Kelmarsh 2,2050,wind_speed_missing_or_nonfinite;power_missing_or_nonfinite;
2017-01-25 15:20:00+00:00,,,,,Kelmarsh 2,2050,wind_speed_missing_or_nonfinite;power_missing_or_nonfinite;
2017-01-25 15:30:00+00:00,,,,,Kelmarsh 2,2050,wind_speed_missing_or_nonfinite;power_missing_or_nonfinite;
2017-01-25 15:40:00+00:00,,,,,Kelmarsh 2,2050,wind_speed_missing_or_nonfinite;power_missing_or_nonfinite;
2017-01-25 15:50:00+00:00,,,,,Kelmarsh 2,2050,wind_speed_missing_or_nonfinite;power_missing_or_nonfinite;
2017-01-25 16:00:00+00:00,,,,,Kelmarsh 2,2050,wind_speed_missing_or_nonfinite;power_missing_or_nonfinite;
2017-01-25 16:10:00+00:00,,,,,Kelmarsh 2,2050,wind_speed_missing_or_nonfinite;power_missing_or_nonfinite;
2017-01-25 16:20:00+00:00,,,,,Kelmarsh 2,2050,wind_speed_missing_or_nonfinite;power_missing_or_nonfinite;
2017-01-25 16:30:00+00:00,,,,,Kelmarsh 2,2050,wind_speed_missing_or_nonfinite;power_missing_or_nonfinite;
2017-01-25 16:40:00+00:00,,,,,Kelmarsh 2,2050,wind_speed_missing_or_nonfinite;power_missing_or_nonfinite;
2017-01-25 16:50:00+00:00,,,,,Kelmarsh 2,2050,wind_speed_missing_or_nonfinite;power_missing_or_nonfinite;
2017-01-25 17:00:00+00:00,,,,,Kelmarsh 2,2050,wind_speed_missing_or_nonfinite;power_missing_or_nonfinite;
2017-01-25 17:10:00+00:00,,,,,Kelmarsh 2,2050,wind_speed_missing_or_nonfinite;power_missing_or_nonfinite;
2017-01-25 17:20:00+00:00,,,,,Kelmarsh 2,2050,wind_speed_missing_or_nonfinite;power_missing_or_nonfinite;
2017-01-25 17:30:00+00:00,,,,,Kelmarsh 2,2050,wind_speed_missing_or_nonfinite;power_missing_or_nonfinite;
2017-01-25 17:40:00+00:00,,,,,Kelmarsh 2,2050,wind_speed_missing_or_nonfinite;power_missing_or_nonfinite;
2017-01-25 17:50:00+00:00,,,,,Kelmarsh 2,2050,wind_speed_missing_or_nonfinite;power_missing_or_nonfinite;
2017-01-25 18:00:00+00:00,,,,,Kelmarsh 2,2050,wind_speed_missing_or_nonfinite;power_missing_or_nonfinite;
2017-01-25 18:10:00+00:00,,,,,Kelmarsh 2,2050,wind_speed_missing_or_nonfinite;power_missing_or_nonfinite;
2017-01-25 18:20:00+00:00,,,,,Kelmarsh 2,2050,wind_speed_missing_or_nonfinite;power_missing_or_nonfinite;
2017-01-25 18:30:00+00:00,,,,,Kelmarsh 2,2050,wind_speed_missing_or_nonfinite;power_missing_or_nonfinite;
2017-01-25 18:40:00+00:00,,,,,Kelmarsh 2,2050,wind_speed_missing_or_nonfinite;power_missing_or_nonfinite;
2017-01-25 18:50:00+00:00,,,,,Kelmarsh 2,2050,wind_speed_missing_or_nonfinite;power_missing_or_nonfinite;
2017-01-25 19:00:00+00:00,,,,,Kelmarsh 2,2050,wind_speed_missing_or_nonfinite;power_missing_or_nonfinite;
2017-01-25 19:10:00+00:00,,,,,Kelmarsh 2,2050,wind_speed_missing_or_nonfinite;power_missing_or_nonfinite;
2017-01-25 19:20:00+00:00,,,,,Kelmarsh 2,2050,wind_speed_missing_or_nonfinite;power_missing_or_nonfinite;
2017-01-25 19:30:00+00:00,,,,,Kelmarsh 2,2050,wind_speed_missing_or_nonfinite;power_missing_or_nonfinite;
2017-01-25 19:40:00+00:00,,,,,Kelmarsh 2,2050,wind_speed_missing_or_nonfinite;power_missing_or_nonfinite;
2017-02-10 14:20:00+00:00,,50.73152542114258,-3.460636615753174,2.013333320617676,Kelmarsh 2,2050,wind_speed_missing_or_nonfinite;
2017-02-10 14:30:00+00:00,,50.73152542114258,-1.832777738571167,2.18461537361145,Kelmarsh 2,2050,wind_speed_missing_or_nonfinite;
2017-02-10 14:40:00+00:00,,50.73152542114258,-2.804609537124634,2.2049999237060547,Kelmarsh 2,2050,wind_speed_missing_or_nonfinite;
2017-02-10 14:50:00+00:00,,50.73152542114258,-2.443963527679444,2.6549999713897705,Kelmarsh 2,2050,wind_speed_missing_or_nonfinite;
2017-02-10 15:00:00+00:00,,50.73152542114258,-1.7861580848693848,2.190000057220459,Kelmarsh 2,2050,wind_speed_missing_or_nonfinite;
2017-02-10 15:10:00+00:00,,50.73152542114258,-2.700176954269409,1.856250047683716,Kelmarsh 2,2050,wind_speed_missing_or_nonfinite;
2017-02-10 15:20:00+00:00,,50.73152542114258,-3.0521535873413086,1.600000023841858,Kelmarsh 2,2050,wind_speed_missing_or_nonfinite;
2017-02-10 15:30:00+00:00,,50.73152542114258,-2.349534034729004,1.6950000524520874,Kelmarsh 2,2050,wind_speed_missing_or_nonfinite;
2017-02-10 15:40:00+00:00,,50.73152542114258,-2.4967799186706543,1.6850000619888306,Kelmarsh 2,2050,wind_speed_missing_or_nonfinite;
2017-02-10 15:50:00+00:00,,50.73152542114258,-2.6130831241607666,1.7699999809265137,Kelmarsh 2,2050,wind_speed_missing_or_nonfinite;
2017-02-10 16:00:00+00:00,,50.73152542114258,-2.526122570037842,1.625,Kelmarsh 2,2050,wind_speed_missing_or_nonfinite;
2017-02-10 16:10:00+00:00,,50.73152542114258,-2.256705045700073,1.350000023841858,Kelmarsh 2,2050,wind_speed_missing_or_nonfinite;
2017-02-10 16:20:00+00:00,,50.73152542114258,-2.2268290519714355,0.9275000095367432,Kelmarsh 2,2050,wind_speed_missing_or_nonfinite;
2017-02-10 16:30:00+00:00,,50.73152542114258,-1.9995579719543457,0.800000011920929,Kelmarsh 2,2050,wind_speed_missing_or_nonfinite;
2017-02-10 16:40:00+00:00,,50.73152542114258,-2.3938145637512207,0.75,Kelmarsh 2,2050,wind_speed_missing_or_nonfinite;
2017-02-10 16:50:00+00:00,,50.73152542114258,-1.9931559562683103,0.8025000095367432,Kelmarsh 2,2050,wind_speed_missing_or_nonfinite;
2017-02-10 17:00:00+00:00,,50.73152542114258,-1.8565800189971924,0.800000011920929,Kelmarsh 2,2050,wind_speed_missing_or_nonfinite;
2017-02-10 17:10:00+00:00,,50.73152542114258,-2.390613555908203,0.800000011920929,Kelmarsh 2,2050,wind_speed_missing_or_nonfinite;
2017-02-10 17:20:00+00:00,,50.73152542114258,-2.5645346641540527,0.7900000214576721,Kelmarsh 2,2050,wind_speed_missing_or_nonfinite;
2017-02-10 17:30:00+00:00,,50.73152542114258,-2.1275980472564697,0.8274999856948853,Kelmarsh 2,2050,wind_speed_missing_or_nonfinite;
2017-02-10 17:40:00+00:00,,50.73152542114258,-2.395948648452759,0.8974999785423279,Kelmarsh 2,2050,wind_speed_missing_or_nonfinite;
2017-02-10 17:50:00+00:00,,50.73152542114258,-1.9216669797897337,0.8050000071525574,Kelmarsh 2,2050,wind_speed_missing_or_nonfinite;
2017-02-10 18:00:00+00:00,,50.73152542114258,-2.620552062988281,0.800000011920929,Kelmarsh 2,2050,wind_speed_missing_or_nonfinite;
2017-02-10 18:10:00+00:00,,50.73152542114258,-2.577872037887573,0.800000011920929,Kelmarsh 2,2050,wind_speed_missing_or_nonfinite;
2017-02-10 18:20:00+00:00,,50.73152542114258,-1.9072625637054443,0.6899999976158142,Kelmarsh 2,2050,wind_speed_missing_or_nonfinite;
2017-02-10 18:30:00+00:00,,50.73152542114258,-1.9520765542984009,0.5350000262260437,Kelmarsh 2,2050,wind_speed_missing_or_nonfinite;
2017-02-10 18:40:00+00:00,,50.73152542114258,-3.1999330520629883,0.5099999904632568,Kelmarsh 2,2050,wind_speed_missing_or_nonfinite;
2017-02-10 18:50:00+00:00,,50.73152542114258,-2.241766929626465,0.4449999928474426,Kelmarsh 2,2050,wind_speed_missing_or_nonfinite;
2017-02-10 19:00:00+00:00,,50.73152542114258,-2.0902531147003174,0.5,Kelmarsh 2,2050,wind_speed_missing_or_nonfinite;
2017-02-10 19:10:00+00:00,,50.73152542114258,-2.6845719814300537,0.4850000143051147,Kelmarsh 2,2050,wind_speed_missing_or_nonfinite;
2017-02-10 19:20:00+00:00,,50.73152542114258,-2.218826532363892,0.5,Kelmarsh 2,2050,wind_speed_missing_or_nonfinite;
2017-02-10 19:30:00+00:00,,50.73152542114258,-2.209223508834839,0.4799999892711639,Kelmarsh 2,2050,wind_speed_missing_or_nonfinite;
2017-02-10 19:40:00+00:00,,50.73152542114258,-2.8035426139831543,0.4550000131130218,Kelmarsh 2,2050,wind_speed_missing_or_nonfinite;
2017-02-10 19:50:00+00:00,,50.73152542114258,-2.2513699531555176,0.3799999952316284,Kelmarsh 2,2050,wind_speed_missing_or_nonfinite;
2017-02-10 20:00:00+00:00,,50.73152542114258,-2.061444044113159,0.5,Kelmarsh 2,2050,wind_speed_missing_or_nonfinite;
2017-02-10 20:10:00+00:00,,50.73152542114258,-2.795006513595581,0.5,Kelmarsh 2,2050,wind_speed_missing_or_nonfinite;
2017-02-10 20:20:00+00:00,,50.73152542114258,-2.384211540222168,0.4380952417850494,Kelmarsh 2,2050,wind_speed_missing_or_nonfinite;
2017-02-10 20:30:00+00:00,,50.73152542114258,-2.867028951644897,0.4300000071525574,Kelmarsh 2,2050,wind_speed_missing_or_nonfinite;
2017-02-10 20:40:00+00:00,,50.73152542114258,-3.2692880630493164,0.4799999892711639,Kelmarsh 2,2050,wind_speed_missing_or_nonfinite;
2017-02-10 20:50:00+00:00,,50.73152542114258,-3.07669448852539,0.4052631556987762,Kelmarsh 2,2050,wind_speed_missing_or_nonfinite;
2017-02-10 21:00:00+00:00,,50.73152542114258,-2.7613959312438965,0.3000000119209289,Kelmarsh 2,2050,wind_speed_missing_or_nonfinite;
2017-02-10 21:10:00+00:00,,50.73152542114258,-3.07669448852539,0.3000000119209289,Kelmarsh 2,2050,wind_speed_missing_or_nonfinite;
2017-02-10 21:20:00+00:00,,50.73152542114258,-2.649529457092285,0.2650000154972076,Kelmarsh 2,2050,wind_speed_missing_or_nonfinite;
2017-02-10 21:30:00+00:00,,50.73152542114258,-2.844088554382324,0.2125000059604644,Kelmarsh 2,2050,wind_speed_missing_or_nonfinite;
2017-02-10 21:40:00+00:00,,50.73152542114258,-3.278891086578369,0.2000000029802322,Kelmarsh 2,2050,wind_speed_missing_or_nonfinite;
2017-02-10 21:50:00+00:00,,50.73152542114258,-2.7896714210510254,0.2100000083446502,Kelmarsh 2,2050,wind_speed_missing_or_nonfinite;
2017-02-10 22:00:00+00:00,,50.73152542114258,-2.577338457107544,0.2049999982118606,Kelmarsh 2,2050,wind_speed_missing_or_nonfinite;
2017-02-10 22:10:00+00:00,,50.73152542114258,-3.629934072494507,0.2375000119209289,Kelmarsh 2,2050,wind_speed_missing_or_nonfinite;
2017-02-10 22:20:00+00:00,,50.73152542114258,-2.633711814880371,0.2000000029802322,Kelmarsh 2,2050,wind_speed_missing_or_nonfinite;
2017-02-10 22:30:00+00:00,,50.73152542114258,-3.236211061477661,0.2000000029802322,Kelmarsh 2,2050,wind_speed_missing_or_nonfinite;
2017-02-10 22:40:00+00:00,,50.73152542114258,-3.881746053695679,0.2000000029802322,Kelmarsh 2,2050,wind_speed_missing_or_nonfinite;
2017-02-10 22:50:00+00:00,,50.73152542114258,-3.7979583740234375,0.2000000029802322,Kelmarsh 2,2050,wind_speed_missing_or_nonfinite;
2017-02-10 23:00:00+00:00,,50.73152542114258,-3.3615834712982178,0.2100000083446502,Kelmarsh 2,2050,wind_speed_missing_or_nonfinite;
2017-02-10 23:10:00+00:00,,50.73152542114258,-3.923358917236328,0.2725000083446502,Kelmarsh 2,2050,wind_speed_missing_or_nonfinite;
2017-02-10 23:20:00+00:00,,50.73152542114258,-3.5392391681671143,0.2900000214576721,Kelmarsh 2,2050,wind_speed_missing_or_nonfinite;
2017-02-10 23:30:00+00:00,,50.73152542114258,-3.6576759815216064,0.3000000119209289,Kelmarsh 2,2050,wind_speed_missing_or_nonfinite;
2017-02-10 23:40:00+00:00,,50.73152542114258,-4.05513334274292,0.2975000143051147,Kelmarsh 2,2050,wind_speed_missing_or_nonfinite;
2017-02-10 23:50:00+00:00,,50.73152542114258,-3.223407030105591,0.2849999964237213,Kelmarsh 2,2050,wind_speed_missing_or_nonfinite;
2017-02-11 00:00:00+00:00,,50.73152542114258,-3.477353096008301,0.2824999988079071,Kelmarsh 2,2050,wind_speed_missing_or_nonfinite;
2017-02-11 00:10:00+00:00,,50.73152542114258,-4.02632474899292,0.2750000059604645,Kelmarsh 2,2050,wind_speed_missing_or_nonfinite;
2017-02-11 00:20:00+00:00,,50.73152542114258,-3.506695508956909,0.2849999964237213,Kelmarsh 2,2050,wind_speed_missing_or_nonfinite;
2017-02-11 00:30:00+00:00,,50.73152542114258,-3.259685039520264,0.2750000059604645,Kelmarsh 2,2050,wind_speed_missing_or_nonfinite;
2017-02-11 00:40:00+00:00,,50.73152542114258,-4.064736366271973,0.2849999964237213,Kelmarsh 2,2050,wind_speed_missing_or_nonfinite;
2017-02-11 00:50:00+00:00,,50.73152542114258,-3.618730545043945,0.3000000119209289,Kelmarsh 2,2050,wind_speed_missing_or_nonfinite;
2017-02-11 01:00:00+00:00,,50.73152542114258,-3.446943521499634,0.2950000166893005,Kelmarsh 2,2050,wind_speed_missing_or_nonfinite;
2017-02-11 01:10:00+00:00,,50.73152542114258,-4.510742664337158,0.2775000035762787,Kelmarsh 2,2050,wind_speed_missing_or_nonfinite;
2017-02-11 01:20:00+00:00,,50.73152542114258,-3.0788285732269287,0.2900000214576721,Kelmarsh 2,2050,wind_speed_missing_or_nonfinite;
2017-02-11 01:30:00+00:00,,50.73152542114258,-3.3919930458068848,0.2975000143051147,Kelmarsh 2,2050,wind_speed_missing_or_nonfinite;
2017-02-11 01:40:00+00:00,,50.73152542114258,-4.2146501541137695,0.3000000119209289,Kelmarsh 2,2050,wind_speed_missing_or_nonfinite;
2017-02-11 01:50:00+00:00,,50.73152542114258,-3.333841562271118,0.3300000131130218,Kelmarsh 2,2050,wind_speed_missing_or_nonfinite;
2017-02-11 02:00:00+00:00,,50.73152542114258,-3.5013606548309326,0.3100000023841858,Kelmarsh 2,2050,wind_speed_missing_or_nonfinite;
2017-02-11 02:10:00+00:00,,50.73152542114258,-3.8444008827209473,0.3149999976158142,Kelmarsh 2,2050,wind_speed_missing_or_nonfinite;
2017-02-11 02:20:00+00:00,,50.73152542114258,-2.996135950088501,0.3000000119209289,Kelmarsh 2,2050,wind_speed_missing_or_nonfinite;
2017-02-11 02:30:00+00:00,,50.73152542114258,-3.3018314838409424,0.3000000119209289,Kelmarsh 2,2050,wind_speed_missing_or_nonfinite;
2017-02-11 02:40:00+00:00,,50.73152542114258,-3.844934463500977,0.3799999952316284,Kelmarsh 2,2050,wind_speed_missing_or_nonfinite;
2017-02-11 02:50:00+00:00,,50.73152542114258,-3.43840765953064,0.4799999892711639,Kelmarsh 2,2050,wind_speed_missing_or_nonfinite;
2017-02-11 03:00:00+00:00,,50.73152542114258,-3.059088945388794,0.4799999892711639,Kelmarsh 2,2050,wind_speed_missing_or_nonfinite;
2017-02-11 03:10:00+00:00,,50.73152542114258,-3.7793140411376953,0.4950000047683716,Kelmarsh 2,2050,wind_speed_missing_or_nonfinite;
2017-02-11 03:20:00+00:00,,50.73152542114258,-3.2730226516723637,0.5,Kelmarsh 2,2050,wind_speed_missing_or_nonfinite;
2017-02-11 03:30:00+00:00,,50.73152542114258,-3.6005916595458984,0.5,Kelmarsh 2,2050,wind_speed_missing_or_nonfinite;
2017-02-11 03:40:00+00:00,,50.73152542114258,-4.732678413391113,0.5,Kelmarsh 2,2050,wind_speed_missing_or_nonfinite;
2017-02-11 03:50:00+00:00,,50.73152542114258,-3.280491590499878,0.5,Kelmarsh 2,2050,wind_speed_missing_or_nonfinite;
2017-02-11 04:00:00+00:00,,50.73152542114258,-2.541060447692871,0.5,Kelmarsh 2,2050,wind_speed_missing_or_nonfinite;
2017-02-11 04:10:00+00:00,,50.73152542114258,-4.289873600006104,0.5950000286102295,Kelmarsh 2,2050,wind_speed_missing_or_nonfinite;
2017-02-11 04:20:00+00:00,,50.73152542114258,-3.200999975204468,0.5475000143051147,Kelmarsh 2,2050,wind_speed_missing_or_nonfinite;
2017-02-11 04:30:00+00:00,,50.73152542114258,-3.2842259407043457,0.2849999964237213,Kelmarsh 2,2050,wind_speed_missing_or_nonfinite;
2017-02-11 04:40:00+00:00,,50.73152542114258,-3.8081231117248535,0.1500000059604644,Kelmarsh 2,2050,wind_speed_missing_or_nonfinite;
2017-02-11 04:50:00+00:00,,50.73152542114258,-3.9377634525299072,-0.0300000011920928,Kelmarsh 2,2050,wind_speed_missing_or_nonfinite;
2017-02-11 05:00:00+00:00,,50.73152542114258,-3.286360025405884,-0.1000000014901161,Kelmarsh 2,2050,wind_speed_missing_or_nonfinite;
2017-02-11 05:10:00+00:00,,50.73152542114258,-4.112217903137207,-0.1599999964237213,Kelmarsh 2,2050,wind_speed_missing_or_nonfinite;
2017-02-11 05:20:00+00:00,,50.73152542114258,-3.455479621887207,-0.1050000041723251,Kelmarsh 2,2050,wind_speed_missing_or_nonfinite;
2017-02-11 05:30:00+00:00,,50.73152542114258,-4.073805809020996,-0.1099999994039535,Kelmarsh 2,2050,wind_speed_missing_or_nonfinite;
2017-02-11 05:40:00+00:00,,50.73152542114258,-3.9916470050811768,-0.1000000014901161,Kelmarsh 2,2050,wind_speed_missing_or_nonfinite;
2017-02-11 05:50:00+00:00,,50.73152542114258,-3.333841562271118,-0.1000000014901161,Kelmarsh 2,2050,wind_speed_missing_or_nonfinite;
2017-02-11 06:00:00+00:00,,50.73152542114258,-3.58618712425232,0.050000000745058,Kelmarsh 2,2050,wind_speed_missing_or_nonfinite;
2017-02-11 06:10:00+00:00,,50.73152542114258,-4.243992328643799,0.0300000011920928,Kelmarsh 2,2050,wind_speed_missing_or_nonfinite;
2017-02-11 06:20:00+00:00,,50.73152542114258,-3.487489461898804,-0.0350000001490116,Kelmarsh 2,2050,wind_speed_missing_or_nonfinite;
2017-02-11 06:30:00+00:00,,50.73152542114258,-2.998270034790039,-0.0850000008940696,Kelmarsh 2,2050,wind_speed_missing_or_nonfinite;
2017-02-11 06:40:00+00:00,,50.73152542114258,-4.351759433746338,-0.1000000014901161,Kelmarsh 2,2050,wind_speed_missing_or_nonfinite;
2017-02-11 06:50:00+00:00,,50.73152542114258,-3.266620635986328,-0.1000000014901161,Kelmarsh 2,2050,wind_speed_missing_or_nonfinite;
2017-02-11 07:00:00+00:00,,50.73152542114258,-3.3471791744232178,-0.1225000023841857,Kelmarsh 2,2050,wind_speed_missing_or_nonfinite;
2017-02-11 07:10:00+00:00,,50.73152542114258,-3.873210191726685,-0.1449999958276748,Kelmarsh 2,2050,wind_speed_missing_or_nonfinite;
2017-02-11 07:20:00+00:00,,50.73152542114258,-3.910021543502808,-0.1875,Kelmarsh 2,2050,wind_speed_missing_or_nonfinite;
2017-02-11 07:30:00+00:00,,50.73152542114258,-3.566981077194214,-0.2000000029802322,Kelmarsh 2,2050,wind_speed_missing_or_nonfinite;
2017-02-11 07:40:00+00:00,,50.73152542114258,-4.383235931396484,-0.2000000029802322,Kelmarsh 2,2050,wind_speed_missing_or_nonfinite;
2017-02-11 07:50:00+00:00,,50.73152542114258,-3.154585599899292,-0.2000000029802322,Kelmarsh 2,2050,wind_speed_missing_or_nonfinite;
2017-02-11 08:00:00+00:00,,50.73152542114258,-3.864140510559082,-0.1850000023841858,Kelmarsh 2,2050,wind_speed_missing_or_nonfinite;
2017-02-11 08:10:00+00:00,,50.73152542114258,-3.9772424697875977,-0.1274999976158142,Kelmarsh 2,2050,wind_speed_missing_or_nonfinite;
2017-02-11 08:20:00+00:00,,50.73152542114258,-3.774512529373169,-0.1000000014901161,Kelmarsh 2,2050,wind_speed_missing_or_nonfinite;
2017-02-11 08:30:00+00:00,,50.73152542114258,-3.158853530883789,-0.1000000014901161,Kelmarsh 2,2050,wind_speed_missing_or_nonfinite;
2017-02-11 08:40:00+00:00,,50.73152542114258,-4.53688383102417,-0.0450000017881393,Kelmarsh 2,2050,wind_speed_missing_or_nonfinite;
2017-02-11 08:50:00+00:00,,50.73152542114258,-3.008406639099121,0.1024999991059303,Kelmarsh 2,2050,wind_speed_missing_or_nonfinite;
2017-02-11 09:00:00+00:00,,50.73152542114258,-3.81292462348938,0.197500005364418,Kelmarsh 2,2050,wind_speed_missing_or_nonfinite;
2017-02-11 09:10:00+00:00,,50.73152542114258,-3.870542526245117,0.2275000065565109,Kelmarsh 2,2050,wind_speed_missing_or_nonfinite;
2017-02-11 09:20:00+00:00,,50.73152542114258,-4.047131061553955,0.3000000119209289,Kelmarsh 2,2050,wind_speed_missing_or_nonfinite;
2017-02-11 09:30:00+00:00,,50.73152542114258,-3.567514419555664,0.3000000119209289,Kelmarsh 2,2050,wind_speed_missing_or_nonfinite;
2017-02-11 09:40:00+00:00,,50.73152542114258,-4.410444736480713,0.3000000119209289,Kelmarsh 2,2050,wind_speed_missing_or_nonfinite;
2017-02-11 09:50:00+00:00,,50.73152542114258,-3.450144529342652,0.3000000119209289,Kelmarsh 2,2050,wind_speed_missing_or_nonfinite;
2017-02-11 10:00:00+00:00,,50.73152542114258,-3.584053039550781,0.3000000119209289,Kelmarsh 2,2050,wind_speed_missing_or_nonfinite;
2017-02-11 10:10:00+00:00,,50.73152542114258,-4.043396472930908,0.449999988079071,Kelmarsh 2,2050,wind_speed_missing_or_nonfinite;
2017-02-11 10:20:00+00:00,,50.73152542114258,-3.5584449768066406,0.5,Kelmarsh 2,2050,wind_speed_missing_or_nonfinite;
2017-02-11 10:30:00+00:00,,50.73152542114258,-3.3146355152130127,0.5,Kelmarsh 2,2050,wind_speed_missing_or_nonfinite;
2017-02-11 10:40:00+00:00,,50.73152542114258,-4.963150501251221,0.5,Kelmarsh 2,2050,wind_speed_missing_or_nonfinite;
2017-02-11 10:50:00+00:00,,50.73152542114258,-3.0921661853790283,0.512499988079071,Kelmarsh 2,2050,wind_speed_missing_or_nonfinite;
2017-02-11 11:00:00+00:00,,50.73152542114258,-3.3487796783447266,0.5,Kelmarsh 2,2050,wind_speed_missing_or_nonfinite;
2017-02-11 11:10:00+00:00,,50.73152542114258,-4.150629997253418,0.5,Kelmarsh 2,2050,wind_speed_missing_or_nonfinite;
2017-02-11 11:20:00+00:00,,50.73152542114258,-3.409598588943481,0.5,Kelmarsh 2,2050,wind_speed_missing_or_nonfinite;
2017-02-11 11:30:00+00:00,,50.73152542114258,-3.303431987762451,0.5099999904632568,Kelmarsh 2,2050,wind_speed_missing_or_nonfinite;
2017-02-11 11:40:00+00:00,,50.73152542114258,-4.165567874908447,0.5975000262260437,Kelmarsh 2,2050,wind_speed_missing_or_nonfinite;
2017-02-11 11:50:00+00:00,,50.73152542114258,-3.341844081878662,0.6000000238418579,Kelmarsh 2,2050,wind_speed_missing_or_nonfinite;
2017-02-11 12:00:00+00:00,,50.73152542114258,-3.2490150928497314,0.7300000190734863,Kelmarsh 2,2050,wind_speed_missing_or_nonfinite;
2017-02-11 12:10:00+00:00,,50.73152542114258,-3.601658582687378,0.800000011920929,Kelmarsh 2,2050,wind_speed_missing_or_nonfinite;
2017-02-11 12:20:00+00:00,,50.73152542114258,-3.359449625015259,0.800000011920929,Kelmarsh 2,2050,wind_speed_missing_or_nonfinite;
2017-02-11 12:30:00+00:00,,50.73152542114258,-2.9843990802764893,0.800000011920929,Kelmarsh 2,2050,wind_speed_missing_or_nonfinite;
2017-02-11 12:40:00+00:00,,50.73152542114258,-4.568360328674316,0.800000011920929,Kelmarsh 2,2050,wind_speed_missing_or_nonfinite;
2017-02-11 12:50:00+00:00,,50.73152542114258,-3.461881637573242,0.800000011920929,Kelmarsh 2,2050,wind_speed_missing_or_nonfinite;
2017-02-11 13:00:00+00:00,,50.73152542114258,-3.4853556156158447,0.800000011920929,Kelmarsh 2,2050,wind_speed_missing_or_nonfinite;
2017-02-11 13:10:00+00:00,,50.73152542114258,-4.022056579589844,0.8424999713897705,Kelmarsh 2,2050,wind_speed_missing_or_nonfinite;
2017-02-11 13:20:00+00:00,,50.73152542114258,-3.628333568572998,0.8575000166893005,Kelmarsh 2,2050,wind_speed_missing_or_nonfinite;
2017-02-11 13:30:00+00:00,,50.73152542114258,-2.8691630363464355,0.8324999809265137,Kelmarsh 2,2050,wind_speed_missing_or_nonfinite;
2017-02-11 13:40:00+00:00,,50.73152542114258,-4.234389305114746,0.8525000214576721,Kelmarsh 2,2050,wind_speed_missing_or_nonfinite;
2017-02-11 13:50:00+00:00,,50.73152542114258,-3.42507004737854,0.8999999761581421,Kelmarsh 2,2050,wind_speed_missing_or_nonfinite;
2017-02-11 14:00:00+00:00,,50.73152542114258,-3.996448516845703,0.8999999761581421,Kelmarsh 2,2050,wind_speed_missing_or_nonfinite;
2017-02-11 14:10:00+00:00,,50.73152542114258,-4.32295036315918,0.8999999761581421,Kelmarsh 2,2050,wind_speed_missing_or_nonfinite;
2017-02-11 14:20:00+00:00,,50.73152542114258,-3.3626506328582764,0.8999999761581421,Kelmarsh 2,2050,wind_speed_missing_or_nonfinite;
2017-02-11 14:30:00+00:00,,50.73152542114258,-2.963592529296875,0.8999999761581421,Kelmarsh 2,2050,wind_speed_missing_or_nonfinite;
2017-02-11 14:40:00+00:00,,50.73152542114258,-4.475531578063965,0.8999999761581421,Kelmarsh 2,2050,wind_speed_missing_or_nonfinite;
2017-02-11 14:50:00+00:00,,50.73152542114258,-3.2122035026550293,0.92249995470047,Kelmarsh 2,2050,wind_speed_missing_or_nonfinite;
2017-02-11 15:00:00+00:00,,50.73152542114258,-3.675815105438232,0.9950000047683716,Kelmarsh 2,2050,wind_speed_missing_or_nonfinite;
2017-02-11 15:10:00+00:00,,50.73152542114258,-4.1148858070373535,1.0,Kelmarsh 2,2050,wind_speed_missing_or_nonfinite;
2017-02-11 15:20:00+00:00,,50.73152542114258,-3.6619441509246826,1.1100000143051147,Kelmarsh 2,2050,wind_speed_missing_or_nonfinite;
2017-02-11 15:30:00+00:00,,50.73152542114258,-3.0500195026397705,1.2400000095367432,Kelmarsh 2,2050,wind_speed_missing_or_nonfinite;
2017-02-11 15:40:00+00:00,,50.73152542114258,-4.017788410186768,1.2999999523162842,Kelmarsh 2,2050,wind_speed_missing_or_nonfinite;
2017-02-11 15:50:00+00:00,,50.73152542114258,-3.67901611328125,1.3049999475479126,Kelmarsh 2,2050,wind_speed_missing_or_nonfinite;
2017-02-11 16:00:00+00:00,,50.73152542114258,-3.4234695434570312,1.2999999523162842,Kelmarsh 2,2050,wind_speed_missing_or_nonfinite;
2017-02-11 16:10:00+00:00,,50.73152542114258,-3.928694009780884,1.2999999523162842,Kelmarsh 2,2050,wind_speed_missing_or_nonfinite;
2017-02-11 16:20:00+00:00,,50.73152542114258,-3.972378253936768,1.2999999523162842,Kelmarsh 2,2050,wind_speed_missing_or_nonfinite;
2017-02-11 16:30:00+00:00,,50.73152542114258,-7.472734451293945,1.2999999523162842,Kelmarsh 2,2050,wind_speed_missing_or_nonfinite;
2017-02-11 16:40:00+00:00,,50.73152542114258,-5.019167900085449,1.2999999523162842,Kelmarsh 2,2050,wind_speed_missing_or_nonfinite;
2017-02-11 16:50:00+00:00,,50.73152542114258,-3.544574022293091,1.2999999523162842,Kelmarsh 2,2050,wind_speed_missing_or_nonfinite;
2017-03-02 12:50:00+00:00,,,,,Kelmarsh 2,2050,wind_speed_missing_or_nonfinite;power_missing_or_nonfinite;
2017-03-02 13:00:00+00:00,,,,,Kelmarsh 2,2050,wind_speed_missing_or_nonfinite;power_missing_or_nonfinite;
2017-03-02 13:10:00+00:00,,,,,Kelmarsh 2,2050,wind_speed_missing_or_nonfinite;power_missing_or_nonfinite;
2017-03-02 13:20:00+00:00,,,,,Kelmarsh 2,2050,wind_speed_missing_or_nonfinite;power_missing_or_nonfinite;
2017-03-02 13:30:00+00:00,,,,,Kelmarsh 2,2050,wind_speed_missing_or_nonfinite;power_missing_or_nonfinite;
2017-03-02 13:40:00+00:00,,,,,Kelmarsh 2,2050,wind_speed_missing_or_nonfinite;power_missing_or_nonfinite;
2017-03-02 13:50:00+00:00,,,,,Kelmarsh 2,2050,wind_speed_missing_or_nonfinite;power_missing_or_nonfinite;
2017-03-02 14:00:00+00:00,,,,,Kelmarsh 2,2050,wind_speed_missing_or_nonfinite;power_missing_or_nonfinite;
2017-03-11 00:00:00+00:00,,,,,Kelmarsh 2,2050,wind_speed_missing_or_nonfinite;power_missing_or_nonfinite;
2017-03-11 00:10:00+00:00,,,,,Kelmarsh 2,2050,wind_speed_missing_or_nonfinite;power_missing_or_nonfinite;
2017-03-11 00:20:00+00:00,,,,,Kelmarsh 2,2050,wind_speed_missing_or_nonfinite;power_missing_or_nonfinite;
2017-03-11 00:30:00+00:00,,,,,Kelmarsh 2,2050,wind_speed_missing_or_nonfinite;power_missing_or_nonfinite;
2017-03-11 00:40:00+00:00,,,,,Kelmarsh 2,2050,wind_speed_missing_or_nonfinite;power_missing_or_nonfinite;
2017-03-11 00:50:00+00:00,,,,,Kelmarsh 2,2050,wind_speed_missing_or_nonfinite;power_missing_or_nonfinite;
2017-03-11 01:00:00+00:00,,,,,Kelmarsh 2,2050,wind_speed_missing_or_nonfinite;power_missing_or_nonfinite;
2017-03-11 01:10:00+00:00,,,,,Kelmarsh 2,2050,wind_speed_missing_or_nonfinite;power_missing_or_nonfinite;
2017-03-11 01:20:00+00:00,,,,,Kelmarsh 2,2050,wind_speed_missing_or_nonfinite;power_missing_or_nonfinite;
2017-03-11 01:30:00+00:00,,,,,Kelmarsh 2,2050,wind_speed_missing_or_nonfinite;power_missing_or_nonfinite;
2017-03-11 01:40:00+00:00,,,,,Kelmarsh 2,2050,wind_speed_missing_or_nonfinite;power_missing_or_nonfinite;
2017-03-11 01:50:00+00:00,,,,,Kelmarsh 2,2050,wind_speed_missing_or_nonfinite;power_missing_or_nonfinite;
2017-03-11 02:00:00+00:00,,,,,Kelmarsh 2,2050,wind_speed_missing_or_nonfinite;power_missing_or_nonfinite;
2017-03-11 02:10:00+00:00,,,,,Kelmarsh 2,2050,wind_speed_missing_or_nonfinite;power_missing_or_nonfinite;
2017-03-11 02:20:00+00:00,,,,,Kelmarsh 2,2050,wind_speed_missing_or_nonfinite;power_missing_or_nonfinite;
2017-03-11 02:30:00+00:00,,,,,Kelmarsh 2,2050,wind_speed_missing_or_nonfinite;power_missing_or_nonfinite;
2017-03-11 02:40:00+00:00,,,,,Kelmarsh 2,2050,wind_speed_missing_or_nonfinite;power_missing_or_nonfinite;
2017-03-11 02:50:00+00:00,,,,,Kelmarsh 2,2050,wind_speed_missing_or_nonfinite;power_missing_or_nonfinite;
2017-03-11 03:00:00+00:00,,,,,Kelmarsh 2,2050,wind_speed_missing_or_nonfinite;power_missing_or_nonfinite;
2017-03-11 03:10:00+00:00,,,,,Kelmarsh 2,2050,wind_speed_missing_or_nonfinite;power_missing_or_nonfinite;
2017-03-11 03:20:00+00:00,,,,,Kelmarsh 2,2050,wind_speed_missing_or_nonfinite;power_missing_or_nonfinite;
2017-03-11 03:30:00+00:00,,,,,Kelmarsh 2,2050,wind_speed_missing_or_nonfinite;power_missing_or_nonfinite;
2017-03-11 03:40:00+00:00,,,,,Kelmarsh 2,2050,wind_speed_missing_or_nonfinite;power_missing_or_nonfinite;
2017-03-11 03:50:00+00:00,,,,,Kelmarsh 2,2050,wind_speed_missing_or_nonfinite;power_missing_or_nonfinite;
2017-03-11 04:00:00+00:00,,,,,Kelmarsh 2,2050,wind_speed_missing_or_nonfinite;power_missing_or_nonfinite;
2017-03-11 04:10:00+00:00,,,,,Kelmarsh 2,2050,wind_speed_missing_or_nonfinite;power_missing_or_nonfinite;
2017-03-11 04:20:00+00:00,,,,,Kelmarsh 2,2050,wind_speed_missing_or_nonfinite;power_missing_or_nonfinite;
2017-03-11 04:30:00+00:00,,,,,Kelmarsh 2,2050,wind_speed_missing_or_nonfinite;power_missing_or_nonfinite;
2017-03-11 04:40:00+00:00,,,,,Kelmarsh 2,2050,wind_speed_missing_or_nonfinite;power_missing_or_nonfinite;
2017-03-11 04:50:00+00:00,,,,,Kelmarsh 2,2050,wind_speed_missing_or_nonfinite;power_missing_or_nonfinite;
2017-03-11 05:00:00+00:00,,,,,Kelmarsh 2,2050,wind_speed_missing_or_nonfinite;power_missing_or_nonfinite;
2017-03-11 05:10:00+00:00,,,,,Kelmarsh 2,2050,wind_speed_missing_or_nonfinite;power_missing_or_nonfinite;
2017-03-11 05:20:00+00:00,,,,,Kelmarsh 2,2050,wind_speed_missing_or_nonfinite;power_missing_or_nonfinite;
2017-03-11 05:30:00+00:00,,,,,Kelmarsh 2,2050,wind_speed_missing_or_nonfinite;power_missing_or_nonfinite;
2017-03-11 05:40:00+00:00,,,,,Kelmarsh 2,2050,wind_speed_missing_or_nonfinite;power_missing_or_nonfinite;
2017-03-11 05:50:00+00:00,,,,,Kelmarsh 2,2050,wind_speed_missing_or_nonfinite;power_missing_or_nonfinite;
2017-03-11 06:00:00+00:00,,,,,Kelmarsh 2,2050,wind_speed_missing_or_nonfinite;power_missing_or_nonfinite;
2017-03-11 06:10:00+00:00,,,,,Kelmarsh 2,2050,wind_speed_missing_or_nonfinite;power_missing_or_nonfinite;
2017-03-11 06:20:00+00:00,,,,,Kelmarsh 2,2050,wind_speed_missing_or_nonfinite;power_missing_or_nonfinite;
2017-03-11 06:30:00+00:00,,,,,Kelmarsh 2,2050,wind_speed_missing_or_nonfinite;power_missing_or_nonfinite;
2017-03-11 06:40:00+00:00,,,,,Kelmarsh 2,2050,wind_speed_missing_or_nonfinite;power_missing_or_nonfinite;
2017-03-11 06:50:00+00:00,,,,,Kelmarsh 2,2050,wind_speed_missing_or_nonfinite;power_missing_or_nonfinite;
2017-03-11 22:20:00+00:00,,,,,Kelmarsh 2,2050,wind_speed_missing_or_nonfinite;power_missing_or_nonfinite;
2017-03-11 22:30:00+00:00,,,,,Kelmarsh 2,2050,wind_speed_missing_or_nonfinite;power_missing_or_nonfinite;
2017-03-11 22:40:00+00:00,,,,,Kelmarsh 2,2050,wind_speed_missing_or_nonfinite;power_missing_or_nonfinite;
2017-03-11 22:50:00+00:00,,,,,Kelmarsh 2,2050,wind_speed_missing_or_nonfinite;power_missing_or_nonfinite;
2017-03-11 23:00:00+00:00,,,,,Kelmarsh 2,2050,wind_speed_missing_or_nonfinite;power_missing_or_nonfinite;
2017-03-11 23:10:00+00:00,,,,,Kelmarsh 2,2050,wind_speed_missing_or_nonfinite;power_missing_or_nonfinite;
2017-03-11 23:20:00+00:00,,,,,Kelmarsh 2,2050,wind_speed_missing_or_nonfinite;power_missing_or_nonfinite;
2017-03-11 23:30:00+00:00,,,,,Kelmarsh 2,2050,wind_speed_missing_or_nonfinite;power_missing_or_nonfinite;
2017-03-11 23:40:00+00:00,,,,,Kelmarsh 2,2050,wind_speed_missing_or_nonfinite;power_missing_or_nonfinite;
2017-03-11 23:50:00+00:00,,,,,Kelmarsh 2,2050,wind_speed_missing_or_nonfinite;power_missing_or_nonfinite;
2017-03-12 00:00:00+00:00,,,,,Kelmarsh 2,2050,wind_speed_missing_or_nonfinite;power_missing_or_nonfinite;
2017-03-12 00:10:00+00:00,,,,,Kelmarsh 2,2050,wind_speed_missing_or_nonfinite;power_missing_or_nonfinite;
2017-03-12 00:20:00+00:00,,,,,Kelmarsh 2,2050,wind_speed_missing_or_nonfinite;power_missing_or_nonfinite;
2017-03-12 00:30:00+00:00,,,,,Kelmarsh 2,2050,wind_speed_missing_or_nonfinite;power_missing_or_nonfinite;
2017-03-12 00:40:00+00:00,,,,,Kelmarsh 2,2050,wind_speed_missing_or_nonfinite;power_missing_or_nonfinite;
2017-03-12 00:50:00+00:00,,,,,Kelmarsh 2,2050,wind_speed_missing_or_nonfinite;power_missing_or_nonfinite;
2017-03-12 01:00:00+00:00,,,,,Kelmarsh 2,2050,wind_speed_missing_or_nonfinite;power_missing_or_nonfinite;
2017-03-12 01:10:00+00:00,,,,,Kelmarsh 2,2050,wind_speed_missing_or_nonfinite;power_missing_or_nonfinite;
2017-03-12 01:20:00+00:00,,,,,Kelmarsh 2,2050,wind_speed_missing_or_nonfinite;power_missing_or_nonfinite;
2017-03-12 01:30:00+00:00,,,,,Kelmarsh 2,2050,wind_speed_missing_or_nonfinite;power_missing_or_nonfinite;
2017-03-12 01:40:00+00:00,,,,,Kelmarsh 2,2050,wind_speed_missing_or_nonfinite;power_missing_or_nonfinite;
2017-03-12 01:50:00+00:00,,,,,Kelmarsh 2,2050,wind_speed_missing_or_nonfinite;power_missing_or_nonfinite;
2017-03-12 02:00:00+00:00,,,,,Kelmarsh 2,2050,wind_speed_missing_or_nonfinite;power_missing_or_nonfinite;
2017-03-12 02:10:00+00:00,,,,,Kelmarsh 2,2050,wind_speed_missing_or_nonfinite;power_missing_or_nonfinite;
2017-03-12 02:20:00+00:00,,,,,Kelmarsh 2,2050,wind_speed_missing_or_nonfinite;power_missing_or_nonfinite;
2017-03-12 02:30:00+00:00,,,,,Kelmarsh 2,2050,wind_speed_missing_or_nonfinite;power_missing_or_nonfinite;
2017-03-12 02:40:00+00:00,,,,,Kelmarsh 2,2050,wind_speed_missing_or_nonfinite;power_missing_or_nonfinite;
2017-03-12 02:50:00+00:00,,,,,Kelmarsh 2,2050,wind_speed_missing_or_nonfinite;power_missing_or_nonfinite;
2017-03-12 03:00:00+00:00,,,,,Kelmarsh 2,2050,wind_speed_missing_or_nonfinite;power_missing_or_nonfinite;
2017-03-12 03:10:00+00:00,,,,,Kelmarsh 2,2050,wind_speed_missing_or_nonfinite;power_missing_or_nonfinite;
2017-03-12 03:20:00+00:00,,,,,Kelmarsh 2,2050,wind_speed_missing_or_nonfinite;power_missing_or_nonfinite;
2017-03-12 03:30:00+00:00,,,,,Kelmarsh 2,2050,wind_speed_missing_or_nonfinite;power_missing_or_nonfinite;
2017-03-12 03:40:00+00:00,,,,,Kelmarsh 2,2050,wind_speed_missing_or_nonfinite;power_missing_or_nonfinite;
2017-03-12 03:50:00+00:00,,,,,Kelmarsh 2,2050,wind_speed_missing_or_nonfinite;power_missing_or_nonfinite;
2017-03-12 04:00:00+00:00,,,,,Kelmarsh 2,2050,wind_speed_missing_or_nonfinite;power_missing_or_nonfinite;
2017-03-12 04:10:00+00:00,,,,,Kelmarsh 2,2050,wind_speed_missing_or_nonfinite;power_missing_or_nonfinite;
2017-03-12 04:20:00+00:00,,,,,Kelmarsh 2,2050,wind_speed_missing_or_nonfinite;power_missing_or_nonfinite;
2017-03-12 04:30:00+00:00,,,,,Kelmarsh 2,2050,wind_speed_missing_or_nonfinite;power_missing_or_nonfinite;
2017-03-12 04:40:00+00:00,,,,,Kelmarsh 2,2050,wind_speed_missing_or_nonfinite;power_missing_or_nonfinite;
2017-03-12 04:50:00+00:00,,,,,Kelmarsh 2,2050,wind_speed_missing_or_nonfinite;power_missing_or_nonfinite;
2017-03-12 05:00:00+00:00,,,,,Kelmarsh 2,2050,wind_speed_missing_or_nonfinite;power_missing_or_nonfinite;
2017-03-12 05:10:00+00:00,,,,,Kelmarsh 2,2050,wind_speed_missing_or_nonfinite;power_missing_or_nonfinite;
2017-03-12 05:20:00+00:00,,,,,Kelmarsh 2,2050,wind_speed_missing_or_nonfinite;power_missing_or_nonfinite;
2017-03-12 05:30:00+00:00,,,,,Kelmarsh 2,2050,wind_speed_missing_or_nonfinite;power_missing_or_nonfinite;
2017-03-12 05:40:00+00:00,,,,,Kelmarsh 2,2050,wind_speed_missing_or_nonfinite;power_missing_or_nonfinite;
2017-03-12 05:50:00+00:00,,,,,Kelmarsh 2,2050,wind_speed_missing_or_nonfinite;power_missing_or_nonfinite;
2017-03-12 06:00:00+00:00,,,,,Kelmarsh 2,2050,wind_speed_missing_or_nonfinite;power_missing_or_nonfinite;
2017-03-12 06:10:00+00:00,,,,,Kelmarsh 2,2050,wind_speed_missing_or_nonfinite;power_missing_or_nonfinite;
2017-03-12 06:20:00+00:00,,,,,Kelmarsh 2,2050,wind_speed_missing_or_nonfinite;power_missing_or_nonfinite;
2017-03-12 06:30:00+00:00,,,,,Kelmarsh 2,2050,wind_speed_missing_or_nonfinite;power_missing_or_nonfinite;
2017-03-12 06:40:00+00:00,,,,,Kelmarsh 2,2050,wind_speed_missing_or_nonfinite;power_missing_or_nonfinite;
2017-03-12 06:50:00+00:00,,,,,Kelmarsh 2,2050,wind_speed_missing_or_nonfinite;power_missing_or_nonfinite;
2017-03-12 07:00:00+00:00,,,,,Kelmarsh 2,2050,wind_speed_missing_or_nonfinite;power_missing_or_nonfinite;
2017-03-12 07:10:00+00:00,,,,,Kelmarsh 2,2050,wind_speed_missing_or_nonfinite;power_missing_or_nonfinite;
2017-03-12 07:20:00+00:00,,,,,Kelmarsh 2,2050,wind_speed_missing_or_nonfinite;power_missing_or_nonfinite;
2017-03-12 07:30:00+00:00,,,,,Kelmarsh 2,2050,wind_speed_missing_or_nonfinite;power_missing_or_nonfinite;
2017-03-12 07:40:00+00:00,,,,,Kelmarsh 2,2050,wind_speed_missing_or_nonfinite;power_missing_or_nonfinite;
2017-03-12 07:50:00+00:00,,,,,Kelmarsh 2,2050,wind_speed_missing_or_nonfinite;power_missing_or_nonfinite;
2017-03-12 08:00:00+00:00,,,,,Kelmarsh 2,2050,wind_speed_missing_or_nonfinite;power_missing_or_nonfinite;
2017-03-12 08:10:00+00:00,,,,,Kelmarsh 2,2050,wind_speed_missing_or_nonfinite;power_missing_or_nonfinite;
2017-03-12 08:20:00+00:00,,,,,Kelmarsh 2,2050,wind_speed_missing_or_nonfinite;power_missing_or_nonfinite;
2017-03-12 08:30:00+00:00,,,,,Kelmarsh 2,2050,wind_speed_missing_or_nonfinite;power_missing_or_nonfinite;
2017-03-12 08:40:00+00:00,,,,,Kelmarsh 2,2050,wind_speed_missing_or_nonfinite;power_missing_or_nonfinite;
2017-03-12 08:50:00+00:00,,,,,Kelmarsh 2,2050,wind_speed_missing_or_nonfinite;power_missing_or_nonfinite;
2017-03-12 09:00:00+00:00,,,,,Kelmarsh 2,2050,wind_speed_missing_or_nonfinite;power_missing_or_nonfinite;
2017-03-12 09:10:00+00:00,,,,,Kelmarsh 2,2050,wind_speed_missing_or_nonfinite;power_missing_or_nonfinite;
2017-03-12 09:20:00+00:00,,,,,Kelmarsh 2,2050,wind_speed_missing_or_nonfinite;power_missing_or_nonfinite;
2017-03-12 09:30:00+00:00,,,,,Kelmarsh 2,2050,wind_speed_missing_or_nonfinite;power_missing_or_nonfinite;
2017-03-12 09:40:00+00:00,,,,,Kelmarsh 2,2050,wind_speed_missing_or_nonfinite;power_missing_or_nonfinite;
2017-03-12 09:50:00+00:00,,,,,Kelmarsh 2,2050,wind_speed_missing_or_nonfinite;power_missing_or_nonfinite;
2017-03-12 10:00:00+00:00,,,,,Kelmarsh 2,2050,wind_speed_missing_or_nonfinite;power_missing_or_nonfinite;
2017-03-12 10:10:00+00:00,,,,,Kelmarsh 2,2050,wind_speed_missing_or_nonfinite;power_missing_or_nonfinite;
2017-03-12 10:20:00+00:00,,,,,Kelmarsh 2,2050,wind_speed_missing_or_nonfinite;power_missing_or_nonfinite;
2017-03-12 10:30:00+00:00,,,,,Kelmarsh 2,2050,wind_speed_missing_or_nonfinite;power_missing_or_nonfinite;
2017-03-12 10:40:00+00:00,,,,,Kelmarsh 2,2050,wind_speed_missing_or_nonfinite;power_missing_or_nonfinite;
2017-03-12 10:50:00+00:00,,,,,Kelmarsh 2,2050,wind_speed_missing_or_nonfinite;power_missing_or_nonfinite;
2017-03-12 11:00:00+00:00,,,,,Kelmarsh 2,2050,wind_speed_missing_or_nonfinite;power_missing_or_nonfinite;
2017-03-29 23:00:00+00:00,,,,,Kelmarsh 2,2050,wind_speed_missing_or_nonfinite;power_missing_or_nonfinite;
2017-05-19 14:20:00+00:00,,,,,Kelmarsh 2,2050,wind_speed_missing_or_nonfinite;power_missing_or_nonfinite;
2017-05-21 23:50:00+00:00,,,,,Kelmarsh 2,2050,wind_speed_missing_or_nonfinite;power_missing_or_nonfinite;
2017-06-04 16:00:00+00:00,,,,,Kelmarsh 2,2050,wind_speed_missing_or_nonfinite;power_missing_or_nonfinite;
2017-06-04 16:10:00+00:00,,,,,Kelmarsh 2,2050,wind_speed_missing_or_nonfinite;power_missing_or_nonfinite;
2017-06-04 16:20:00+00:00,,,,,Kelmarsh 2,2050,wind_speed_missing_or_nonfinite;power_missing_or_nonfinite;
2017-06-04 16:30:00+00:00,,,,,Kelmarsh 2,2050,wind_speed_missing_or_nonfinite;power_missing_or_nonfinite;
2017-06-27 08:00:00+00:00,,,,,Kelmarsh 2,2050,wind_speed_missing_or_nonfinite;power_missing_or_nonfinite;
2017-06-27 08:10:00+00:00,,,,,Kelmarsh 2,2050,wind_speed_missing_or_nonfinite;power_missing_or_nonfinite;
2017-06-27 08:20:00+00:00,,,,,Kelmarsh 2,2050,wind_speed_missing_or_nonfinite;power_missing_or_nonfinite;
2017-06-27 08:30:00+00:00,,,,,Kelmarsh 2,2050,wind_speed_missing_or_nonfinite;power_missing_or_nonfinite;
2017-06-27 08:40:00+00:00,,,,,Kelmarsh 2,2050,wind_speed_missing_or_nonfinite;power_missing_or_nonfinite;
2017-07-21 00:20:00+00:00,,,,,Kelmarsh 2,2050,wind_speed_missing_or_nonfinite;power_missing_or_nonfinite;
2017-08-01 09:20:00+00:00,,,,,Kelmarsh 2,2050,wind_speed_missing_or_nonfinite;power_missing_or_nonfinite;
2017-08-01 09:30:00+00:00,,,,,Kelmarsh 2,2050,wind_speed_missing_or_nonfinite;power_missing_or_nonfinite;
2017-08-01 09:40:00+00:00,,,,,Kelmarsh 2,2050,wind_speed_missing_or_nonfinite;power_missing_or_nonfinite;
2017-08-01 22:30:00+00:00,,,,,Kelmarsh 2,2050,wind_speed_missing_or_nonfinite;power_missing_or_nonfinite;
2017-08-01 22:40:00+00:00,,,,,Kelmarsh 2,2050,wind_speed_missing_or_nonfinite;power_missing_or_nonfinite;
2017-10-02 11:00:00+00:00,,,,,Kelmarsh 2,2050,wind_speed_missing_or_nonfinite;power_missing_or_nonfinite;
2017-10-02 11:10:00+00:00,,,,,Kelmarsh 2,2050,wind_speed_missing_or_nonfinite;power_missing_or_nonfinite;
2017-12-07 15:20:00+00:00,,,,,Kelmarsh 2,2050,wind_speed_missing_or_nonfinite;power_missing_or_nonfinite;
2017-12-07 15:30:00+00:00,,,,,Kelmarsh 2,2050,wind_speed_missing_or_nonfinite;power_missing_or_nonfinite;
2017-12-07 15:40:00+00:00,,,,,Kelmarsh 2,2050,wind_speed_missing_or_nonfinite;power_missing_or_nonfinite;
2017-12-07 15:50:00+00:00,,,,,Kelmarsh 2,2050,wind_speed_missing_or_nonfinite;power_missing_or_nonfinite;
2017-12-07 16:00:00+00:00,,,,,Kelmarsh 2,2050,wind_speed_missing_or_nonfinite;power_missing_or_nonfinite;
2017-01-07 01:20:00+00:00,,,,,Kelmarsh 3,2050,wind_speed_missing_or_nonfinite;power_missing_or_nonfinite;
2017-01-07 01:30:00+00:00,,,,,Kelmarsh 3,2050,wind_speed_missing_or_nonfinite;power_missing_or_nonfinite;
2017-01-07 01:40:00+00:00,,,,,Kelmarsh 3,2050,wind_speed_missing_or_nonfinite;power_missing_or_nonfinite;
2017-01-07 01:50:00+00:00,,,,,Kelmarsh 3,2050,wind_speed_missing_or_nonfinite;power_missing_or_nonfinite;
2017-01-07 02:00:00+00:00,,,,,Kelmarsh 3,2050,wind_speed_missing_or_nonfinite;power_missing_or_nonfinite;
2017-01-07 02:10:00+00:00,,,,,Kelmarsh 3,2050,wind_speed_missing_or_nonfinite;power_missing_or_nonfinite;
2017-01-07 02:20:00+00:00,,,,,Kelmarsh 3,2050,wind_speed_missing_or_nonfinite;power_missing_or_nonfinite;
2017-01-07 02:30:00+00:00,,,,,Kelmarsh 3,2050,wind_speed_missing_or_nonfinite;power_missing_or_nonfinite;
2017-01-07 02:40:00+00:00,,,,,Kelmarsh 3,2050,wind_speed_missing_or_nonfinite;power_missing_or_nonfinite;
2017-01-07 02:50:00+00:00,,,,,Kelmarsh 3,2050,wind_speed_missing_or_nonfinite;power_missing_or_nonfinite;
2017-01-07 03:00:00+00:00,,,,,Kelmarsh 3,2050,wind_speed_missing_or_nonfinite;power_missing_or_nonfinite;
2017-01-07 03:10:00+00:00,,,,,Kelmarsh 3,2050,wind_speed_missing_or_nonfinite;power_missing_or_nonfinite;
2017-01-07 03:20:00+00:00,,,,,Kelmarsh 3,2050,wind_speed_missing_or_nonfinite;power_missing_or_nonfinite;
2017-01-07 03:30:00+00:00,,,,,Kelmarsh 3,2050,wind_speed_missing_or_nonfinite;power_missing_or_nonfinite;
2017-01-07 03:40:00+00:00,,,,,Kelmarsh 3,2050,wind_speed_missing_or_nonfinite;power_missing_or_nonfinite;
2017-01-07 03:50:00+00:00,,,,,Kelmarsh 3,2050,wind_speed_missing_or_nonfinite;power_missing_or_nonfinite;
2017-01-07 04:00:00+00:00,,,,,Kelmarsh 3,2050,wind_speed_missing_or_nonfinite;power_missing_or_nonfinite;
2017-01-07 04:10:00+00:00,,,,,Kelmarsh 3,2050,wind_speed_missing_or_nonfinite;power_missing_or_nonfinite;
2017-01-07 04:20:00+00:00,,,,,Kelmarsh 3,2050,wind_speed_missing_or_nonfinite;power_missing_or_nonfinite;
2017-01-07 04:30:00+00:00,,,,,Kelmarsh 3,2050,wind_speed_missing_or_nonfinite;power_missing_or_nonfinite;
2017-01-07 04:40:00+00:00,,,,,Kelmarsh 3,2050,wind_speed_missing_or_nonfinite;power_missing_or_nonfinite;
2017-01-07 04:50:00+00:00,,,,,Kelmarsh 3,2050,wind_speed_missing_or_nonfinite;power_missing_or_nonfinite;
2017-01-07 05:00:00+00:00,,,,,Kelmarsh 3,2050,wind_speed_missing_or_nonfinite;power_missing_or_nonfinite;
2017-01-07 05:10:00+00:00,,,,,Kelmarsh 3,2050,wind_speed_missing_or_nonfinite;power_missing_or_nonfinite;
2017-01-07 05:20:00+00:00,,,,,Kelmarsh 3,2050,wind_speed_missing_or_nonfinite;power_missing_or_nonfinite;
2017-01-07 05:30:00+00:00,,,,,Kelmarsh 3,2050,wind_speed_missing_or_nonfinite;power_missing_or_nonfinite;
2017-01-07 05:40:00+00:00,,,,,Kelmarsh 3,2050,wind_speed_missing_or_nonfinite;power_missing_or_nonfinite;
2017-01-07 05:50:00+00:00,,,,,Kelmarsh 3,2050,wind_speed_missing_or_nonfinite;power_missing_or_nonfinite;
2017-01-07 06:00:00+00:00,,,,,Kelmarsh 3,2050,wind_speed_missing_or_nonfinite;power_missing_or_nonfinite;
2017-01-07 06:10:00+00:00,,,,,Kelmarsh 3,2050,wind_speed_missing_or_nonfinite;power_missing_or_nonfinite;
2017-01-07 06:20:00+00:00,,,,,Kelmarsh 3,2050,wind_speed_missing_or_nonfinite;power_missing_or_nonfinite;
2017-01-07 06:30:00+00:00,,,,,Kelmarsh 3,2050,wind_speed_missing_or_nonfinite;power_missing_or_nonfinite;
2017-01-07 06:40:00+00:00,,,,,Kelmarsh 3,2050,wind_speed_missing_or_nonfinite;power_missing_or_nonfinite;
2017-01-07 06:50:00+00:00,,,,,Kelmarsh 3,2050,wind_speed_missing_or_nonfinite;power_missing_or_nonfinite;
2017-01-07 07:00:00+00:00,,,,,Kelmarsh 3,2050,wind_speed_missing_or_nonfinite;power_missing_or_nonfinite;
2017-01-07 07:10:00+00:00,,,,,Kelmarsh 3,2050,wind_speed_missing_or_nonfinite;power_missing_or_nonfinite;
2017-01-07 07:20:00+00:00,,,,,Kelmarsh 3,2050,wind_speed_missing_or_nonfinite;power_missing_or_nonfinite;
2017-01-07 07:30:00+00:00,,,,,Kelmarsh 3,2050,wind_speed_missing_or_nonfinite;power_missing_or_nonfinite;
2017-01-07 07:40:00+00:00,,,,,Kelmarsh 3,2050,wind_speed_missing_or_nonfinite;power_missing_or_nonfinite;
2017-01-07 07:50:00+00:00,,,,,Kelmarsh 3,2050,wind_speed_missing_or_nonfinite;power_missing_or_nonfinite;
2017-01-07 08:00:00+00:00,,,,,Kelmarsh 3,2050,wind_speed_missing_or_nonfinite;power_missing_or_nonfinite;
2017-01-07 08:10:00+00:00,,,,,Kelmarsh 3,2050,wind_speed_missing_or_nonfinite;power_missing_or_nonfinite;
2017-01-07 08:20:00+00:00,,,,,Kelmarsh 3,2050,wind_speed_missing_or_nonfinite;power_missing_or_nonfinite;
2017-01-07 08:30:00+00:00,,,,,Kelmarsh 3,2050,wind_speed_missing_or_nonfinite;power_missing_or_nonfinite;
2017-01-07 08:40:00+00:00,,,,,Kelmarsh 3,2050,wind_speed_missing_or_nonfinite;power_missing_or_nonfinite;
2017-01-07 08:50:00+00:00,,,,,Kelmarsh 3,2050,wind_speed_missing_or_nonfinite;power_missing_or_nonfinite;
2017-01-07 09:00:00+00:00,,,,,Kelmarsh 3,2050,wind_speed_missing_or_nonfinite;power_missing_or_nonfinite;
2017-01-07 09:10:00+00:00,,,,,Kelmarsh 3,2050,wind_speed_missing_or_nonfinite;power_missing_or_nonfinite;
2017-01-07 09:20:00+00:00,,,,,Kelmarsh 3,2050,wind_speed_missing_or_nonfinite;power_missing_or_nonfinite;
2017-01-07 09:30:00+00:00,,,,,Kelmarsh 3,2050,wind_speed_missing_or_nonfinite;power_missing_or_nonfinite;
2017-01-07 09:40:00+00:00,,,,,Kelmarsh 3,2050,wind_speed_missing_or_nonfinite;power_missing_or_nonfinite;
2017-01-07 09:50:00+00:00,,,,,Kelmarsh 3,2050,wind_speed_missing_or_nonfinite;power_missing_or_nonfinite;
2017-01-07 10:00:00+00:00,,,,,Kelmarsh 3,2050,wind_speed_missing_or_nonfinite;power_missing_or_nonfinite;
2017-01-07 10:10:00+00:00,,,,,Kelmarsh 3,2050,wind_speed_missing_or_nonfinite;power_missing_or_nonfinite;
2017-01-07 10:20:00+00:00,,,,,Kelmarsh 3,2050,wind_speed_missing_or_nonfinite;power_missing_or_nonfinite;
2017-01-07 10:30:00+00:00,,,,,Kelmarsh 3,2050,wind_speed_missing_or_nonfinite;power_missing_or_nonfinite;
2017-01-07 10:40:00+00:00,,,,,Kelmarsh 3,2050,wind_speed_missing_or_nonfinite;power_missing_or_nonfinite;
2017-01-07 10:50:00+00:00,,,,,Kelmarsh 3,2050,wind_speed_missing_or_nonfinite;power_missing_or_nonfinite;
2017-01-07 11:00:00+00:00,,,,,Kelmarsh 3,2050,wind_speed_missing_or_nonfinite;power_missing_or_nonfinite;
2017-01-07 11:10:00+00:00,,,,,Kelmarsh 3,2050,wind_speed_missing_or_nonfinite;power_missing_or_nonfinite;
2017-01-07 11:20:00+00:00,,,,,Kelmarsh 3,2050,wind_speed_missing_or_nonfinite;power_missing_or_nonfinite;
2017-01-07 11:30:00+00:00,,,,,Kelmarsh 3,2050,wind_speed_missing_or_nonfinite;power_missing_or_nonfinite;
2017-01-07 11:40:00+00:00,,,,,Kelmarsh 3,2050,wind_speed_missing_or_nonfinite;power_missing_or_nonfinite;
2017-01-07 11:50:00+00:00,,,,,Kelmarsh 3,2050,wind_speed_missing_or_nonfinite;power_missing_or_nonfinite;
2017-01-07 12:00:00+00:00,,,,,Kelmarsh 3,2050,wind_speed_missing_or_nonfinite;power_missing_or_nonfinite;
2017-01-07 12:10:00+00:00,,,,,Kelmarsh 3,2050,wind_speed_missing_or_nonfinite;power_missing_or_nonfinite;
2017-01-07 12:20:00+00:00,,,,,Kelmarsh 3,2050,wind_speed_missing_or_nonfinite;power_missing_or_nonfinite;
2017-01-07 12:30:00+00:00,,,,,Kelmarsh 3,2050,wind_speed_missing_or_nonfinite;power_missing_or_nonfinite;
2017-01-07 12:40:00+00:00,,,,,Kelmarsh 3,2050,wind_speed_missing_or_nonfinite;power_missing_or_nonfinite;
2017-01-07 12:50:00+00:00,,,,,Kelmarsh 3,2050,wind_speed_missing_or_nonfinite;power_missing_or_nonfinite;
2017-01-08 10:10:00+00:00,,,,,Kelmarsh 3,2050,wind_speed_missing_or_nonfinite;power_missing_or_nonfinite;
2017-01-08 10:20:00+00:00,,,,,Kelmarsh 3,2050,wind_speed_missing_or_nonfinite;power_missing_or_nonfinite;
2017-01-08 10:30:00+00:00,,,,,Kelmarsh 3,2050,wind_speed_missing_or_nonfinite;power_missing_or_nonfinite;
2017-01-08 14:50:00+00:00,,,,,Kelmarsh 3,2050,wind_speed_missing_or_nonfinite;power_missing_or_nonfinite;
2017-01-08 15:00:00+00:00,,,,,Kelmarsh 3,2050,wind_speed_missing_or_nonfinite;power_missing_or_nonfinite;
2017-01-08 15:10:00+00:00,,,,,Kelmarsh 3,2050,wind_speed_missing_or_nonfinite;power_missing_or_nonfinite;
2017-01-08 15:20:00+00:00,,,,,Kelmarsh 3,2050,wind_speed_missing_or_nonfinite;power_missing_or_nonfinite;
2017-01-08 15:30:00+00:00,,,,,Kelmarsh 3,2050,wind_speed_missing_or_nonfinite;power_missing_or_nonfinite;
2017-01-08 15:40:00+00:00,,,,,Kelmarsh 3,2050,wind_speed_missing_or_nonfinite;power_missing_or_nonfinite;
2017-01-09 02:30:00+00:00,,,,,Kelmarsh 3,2050,wind_speed_missing_or_nonfinite;power_missing_or_nonfinite;
2017-01-09 02:40:00+00:00,,,,,Kelmarsh 3,2050,wind_speed_missing_or_nonfinite;power_missing_or_nonfinite;
2017-01-09 02:50:00+00:00,,,,,Kelmarsh 3,2050,wind_speed_missing_or_nonfinite;power_missing_or_nonfinite;
2017-01-09 03:00:00+00:00,,,,,Kelmarsh 3,2050,wind_speed_missing_or_nonfinite;power_missing_or_nonfinite;
2017-01-09 03:10:00+00:00,,,,,Kelmarsh 3,2050,wind_speed_missing_or_nonfinite;power_missing_or_nonfinite;
2017-01-09 03:20:00+00:00,,,,,Kelmarsh 3,2050,wind_speed_missing_or_nonfinite;power_missing_or_nonfinite;
2017-01-09 03:30:00+00:00,,,,,Kelmarsh 3,2050,wind_speed_missing_or_nonfinite;power_missing_or_nonfinite;
2017-01-09 03:40:00+00:00,,,,,Kelmarsh 3,2050,wind_speed_missing_or_nonfinite;power_missing_or_nonfinite;
2017-01-09 03:50:00+00:00,,,,,Kelmarsh 3,2050,wind_speed_missing_or_nonfinite;power_missing_or_nonfinite;
2017-01-09 04:00:00+00:00,,,,,Kelmarsh 3,2050,wind_speed_missing_or_nonfinite;power_missing_or_nonfinite;
2017-01-09 04:10:00+00:00,,,,,Kelmarsh 3,2050,wind_speed_missing_or_nonfinite;power_missing_or_nonfinite;
2017-01-09 04:20:00+00:00,,,,,Kelmarsh 3,2050,wind_speed_missing_or_nonfinite;power_missing_or_nonfinite;
2017-01-09 04:30:00+00:00,,,,,Kelmarsh 3,2050,wind_speed_missing_or_nonfinite;power_missing_or_nonfinite;
2017-01-09 04:40:00+00:00,,,,,Kelmarsh 3,2050,wind_speed_missing_or_nonfinite;power_missing_or_nonfinite;
2017-01-09 04:50:00+00:00,,,,,Kelmarsh 3,2050,wind_speed_missing_or_nonfinite;power_missing_or_nonfinite;
2017-01-09 05:00:00+00:00,,,,,Kelmarsh 3,2050,wind_speed_missing_or_nonfinite;power_missing_or_nonfinite;
2017-01-09 05:10:00+00:00,,,,,Kelmarsh 3,2050,wind_speed_missing_or_nonfinite;power_missing_or_nonfinite;
2017-01-09 05:20:00+00:00,,,,,Kelmarsh 3,2050,wind_speed_missing_or_nonfinite;power_missing_or_nonfinite;
2017-01-09 05:30:00+00:00,,,,,Kelmarsh 3,2050,wind_speed_missing_or_nonfinite;power_missing_or_nonfinite;
2017-01-09 05:40:00+00:00,,,,,Kelmarsh 3,2050,wind_speed_missing_or_nonfinite;power_missing_or_nonfinite;
2017-01-10 15:00:00+00:00,,,,,Kelmarsh 3,2050,wind_speed_missing_or_nonfinite;power_missing_or_nonfinite;
2017-01-10 15:10:00+00:00,,,,,Kelmarsh 3,2050,wind_speed_missing_or_nonfinite;power_missing_or_nonfinite;
2017-01-10 15:20:00+00:00,,,,,Kelmarsh 3,2050,wind_speed_missing_or_nonfinite;power_missing_or_nonfinite;
2017-01-10 15:30:00+00:00,,,,,Kelmarsh 3,2050,wind_speed_missing_or_nonfinite;power_missing_or_nonfinite;
2017-01-10 15:40:00+00:00,,,,,Kelmarsh 3,2050,wind_speed_missing_or_nonfinite;power_missing_or_nonfinite;
2017-01-10 15:50:00+00:00,,,,,Kelmarsh 3,2050,wind_speed_missing_or_nonfinite;power_missing_or_nonfinite;
2017-01-10 16:00:00+00:00,,,,,Kelmarsh 3,2050,wind_speed_missing_or_nonfinite;power_missing_or_nonfinite;
2017-01-10 16:10:00+00:00,,,,,Kelmarsh 3,2050,wind_speed_missing_or_nonfinite;power_missing_or_nonfinite;
2017-01-10 16:20:00+00:00,,,,,Kelmarsh 3,2050,wind_speed_missing_or_nonfinite;power_missing_or_nonfinite;
2017-01-10 16:30:00+00:00,,,,,Kelmarsh 3,2050,wind_speed_missing_or_nonfinite;power_missing_or_nonfinite;
2017-01-10 16:40:00+00:00,,,,,Kelmarsh 3,2050,wind_speed_missing_or_nonfinite;power_missing_or_nonfinite;
2017-01-10 16:50:00+00:00,,,,,Kelmarsh 3,2050,wind_speed_missing_or_nonfinite;power_missing_or_nonfinite;
2017-01-10 17:00:00+00:00,,,,,Kelmarsh 3,2050,wind_speed_missing_or_nonfinite;power_missing_or_nonfinite;
2017-01-10 17:10:00+00:00,,,,,Kelmarsh 3,2050,wind_speed_missing_or_nonfinite;power_missing_or_nonfinite;
2017-01-10 17:20:00+00:00,,,,,Kelmarsh 3,2050,wind_speed_missing_or_nonfinite;power_missing_or_nonfinite;
2017-01-10 17:30:00+00:00,,,,,Kelmarsh 3,2050,wind_speed_missing_or_nonfinite;power_missing_or_nonfinite;
2017-01-10 17:40:00+00:00,,,,,Kelmarsh 3,2050,wind_speed_missing_or_nonfinite;power_missing_or_nonfinite;
2017-01-10 17:50:00+00:00,,,,,Kelmarsh 3,2050,wind_speed_missing_or_nonfinite;power_missing_or_nonfinite;
2017-01-10 18:00:00+00:00,,,,,Kelmarsh 3,2050,wind_speed_missing_or_nonfinite;power_missing_or_nonfinite;
2017-01-10 18:10:00+00:00,,,,,Kelmarsh 3,2050,wind_speed_missing_or_nonfinite;power_missing_or_nonfinite;
2017-01-10 18:20:00+00:00,,,,,Kelmarsh 3,2050,wind_speed_missing_or_nonfinite;power_missing_or_nonfinite;
2017-01-10 18:30:00+00:00,,,,,Kelmarsh 3,2050,wind_speed_missing_or_nonfinite;power_missing_or_nonfinite;
2017-01-10 18:40:00+00:00,,,,,Kelmarsh 3,2050,wind_speed_missing_or_nonfinite;power_missing_or_nonfinite;
2017-01-10 18:50:00+00:00,,,,,Kelmarsh 3,2050,wind_speed_missing_or_nonfinite;power_missing_or_nonfinite;
2017-01-10 19:00:00+00:00,,,,,Kelmarsh 3,2050,wind_speed_missing_or_nonfinite;power_missing_or_nonfinite;
2017-01-10 19:10:00+00:00,,,,,Kelmarsh 3,2050,wind_speed_missing_or_nonfinite;power_missing_or_nonfinite;
2017-01-10 19:20:00+00:00,,,,,Kelmarsh 3,2050,wind_speed_missing_or_nonfinite;power_missing_or_nonfinite;
2017-01-10 19:30:00+00:00,,,,,Kelmarsh 3,2050,wind_speed_missing_or_nonfinite;power_missing_or_nonfinite;
2017-01-10 20:50:00+00:00,,,,,Kelmarsh 3,2050,wind_speed_missing_or_nonfinite;power_missing_or_nonfinite;
2017-01-10 21:00:00+00:00,,,,,Kelmarsh 3,2050,wind_speed_missing_or_nonfinite;power_missing_or_nonfinite;
2017-01-10 21:10:00+00:00,,,,,Kelmarsh 3,2050,wind_speed_missing_or_nonfinite;power_missing_or_nonfinite;
2017-01-10 21:20:00+00:00,,,,,Kelmarsh 3,2050,wind_speed_missing_or_nonfinite;power_missing_or_nonfinite;
2017-01-10 21:30:00+00:00,,,,,Kelmarsh 3,2050,wind_speed_missing_or_nonfinite;power_missing_or_nonfinite;
2017-01-10 21:40:00+00:00,,,,,Kelmarsh 3,2050,wind_speed_missing_or_nonfinite;power_missing_or_nonfinite;
2017-01-10 21:50:00+00:00,,,,,Kelmarsh 3,2050,wind_speed_missing_or_nonfinite;power_missing_or_nonfinite;
2017-01-10 22:00:00+00:00,,,,,Kelmarsh 3,2050,wind_speed_missing_or_nonfinite;power_missing_or_nonfinite;
2017-01-10 22:10:00+00:00,,,,,Kelmarsh 3,2050,wind_speed_missing_or_nonfinite;power_missing_or_nonfinite;
2017-01-10 22:20:00+00:00,,,,,Kelmarsh 3,2050,wind_speed_missing_or_nonfinite;power_missing_or_nonfinite;
2017-01-10 22:30:00+00:00,,,,,Kelmarsh 3,2050,wind_speed_missing_or_nonfinite;power_missing_or_nonfinite;
2017-01-10 22:40:00+00:00,,,,,Kelmarsh 3,2050,wind_speed_missing_or_nonfinite;power_missing_or_nonfinite;
2017-01-10 22:50:00+00:00,,,,,Kelmarsh 3,2050,wind_speed_missing_or_nonfinite;power_missing_or_nonfinite;
2017-01-10 23:00:00+00:00,,,,,Kelmarsh 3,2050,wind_speed_missing_or_nonfinite;power_missing_or_nonfinite;
2017-01-10 23:10:00+00:00,,,,,Kelmarsh 3,2050,wind_speed_missing_or_nonfinite;power_missing_or_nonfinite;
2017-01-10 23:20:00+00:00,,,,,Kelmarsh 3,2050,wind_speed_missing_or_nonfinite;power_missing_or_nonfinite;
2017-01-10 23:30:00+00:00,,,,,Kelmarsh 3,2050,wind_speed_missing_or_nonfinite;power_missing_or_nonfinite;
2017-01-10 23:40:00+00:00,,,,,Kelmarsh 3,2050,wind_speed_missing_or_nonfinite;power_missing_or_nonfinite;
2017-01-10 23:50:00+00:00,,,,,Kelmarsh 3,2050,wind_speed_missing_or_nonfinite;power_missing_or_nonfinite;
2017-01-11 00:00:00+00:00,,,,,Kelmarsh 3,2050,wind_speed_missing_or_nonfinite;power_missing_or_nonfinite;
2017-01-11 00:10:00+00:00,,,,,Kelmarsh 3,2050,wind_speed_missing_or_nonfinite;power_missing_or_nonfinite;
2017-01-11 00:20:00+00:00,,,,,Kelmarsh 3,2050,wind_speed_missing_or_nonfinite;power_missing_or_nonfinite;
2017-01-11 00:30:00+00:00,,,,,Kelmarsh 3,2050,wind_speed_missing_or_nonfinite;power_missing_or_nonfinite;
2017-01-11 00:40:00+00:00,,,,,Kelmarsh 3,2050,wind_speed_missing_or_nonfinite;power_missing_or_nonfinite;
2017-01-11 00:50:00+00:00,,,,,Kelmarsh 3,2050,wind_speed_missing_or_nonfinite;power_missing_or_nonfinite;
2017-01-11 01:00:00+00:00,,,,,Kelmarsh 3,2050,wind_speed_missing_or_nonfinite;power_missing_or_nonfinite;
2017-01-11 01:10:00+00:00,,,,,Kelmarsh 3,2050,wind_speed_missing_or_nonfinite;power_missing_or_nonfinite;
2017-01-11 01:20:00+00:00,,,,,Kelmarsh 3,2050,wind_speed_missing_or_nonfinite;power_missing_or_nonfinite;
2017-01-11 01:30:00+00:00,,,,,Kelmarsh 3,2050,wind_speed_missing_or_nonfinite;power_missing_or_nonfinite;
2017-01-11 01:40:00+00:00,,,,,Kelmarsh 3,2050,wind_speed_missing_or_nonfinite;power_missing_or_nonfinite;
2017-01-11 01:50:00+00:00,,,,,Kelmarsh 3,2050,wind_speed_missing_or_nonfinite;power_missing_or_nonfinite;
2017-01-11 02:00:00+00:00,,,,,Kelmarsh 3,2050,wind_speed_missing_or_nonfinite;power_missing_or_nonfinite;
2017-01-11 02:10:00+00:00,,,,,Kelmarsh 3,2050,wind_speed_missing_or_nonfinite;power_missing_or_nonfinite;
2017-01-11 02:20:00+00:00,,,,,Kelmarsh 3,2050,wind_speed_missing_or_nonfinite;power_missing_or_nonfinite;
2017-01-11 02:30:00+00:00,,,,,Kelmarsh 3,2050,wind_speed_missing_or_nonfinite;power_missing_or_nonfinite;
2017-01-11 02:40:00+00:00,,,,,Kelmarsh 3,2050,wind_speed_missing_or_nonfinite;power_missing_or_nonfinite;
2017-01-11 02:50:00+00:00,,,,,Kelmarsh 3,2050,wind_speed_missing_or_nonfinite;power_missing_or_nonfinite;
2017-01-11 03:00:00+00:00,,,,,Kelmarsh 3,2050,wind_speed_missing_or_nonfinite;power_missing_or_nonfinite;
2017-01-11 20:50:00+00:00,,,,,Kelmarsh 3,2050,wind_speed_missing_or_nonfinite;power_missing_or_nonfinite;
2017-01-11 21:00:00+00:00,,,,,Kelmarsh 3,2050,wind_speed_missing_or_nonfinite;power_missing_or_nonfinite;
2017-01-11 21:10:00+00:00,,,,,Kelmarsh 3,2050,wind_speed_missing_or_nonfinite;power_missing_or_nonfinite;
2017-01-11 21:20:00+00:00,,,,,Kelmarsh 3,2050,wind_speed_missing_or_nonfinite;power_missing_or_nonfinite;
2017-01-11 21:30:00+00:00,,,,,Kelmarsh 3,2050,wind_speed_missing_or_nonfinite;power_missing_or_nonfinite;
2017-01-12 05:40:00+00:00,,,,,Kelmarsh 3,2050,wind_speed_missing_or_nonfinite;power_missing_or_nonfinite;
2017-01-12 05:50:00+00:00,,,,,Kelmarsh 3,2050,wind_speed_missing_or_nonfinite;power_missing_or_nonfinite;
2017-01-12 06:00:00+00:00,,,,,Kelmarsh 3,2050,wind_speed_missing_or_nonfinite;power_missing_or_nonfinite;
2017-01-12 06:10:00+00:00,,,,,Kelmarsh 3,2050,wind_speed_missing_or_nonfinite;power_missing_or_nonfinite;
2017-01-12 06:20:00+00:00,,,,,Kelmarsh 3,2050,wind_speed_missing_or_nonfinite;power_missing_or_nonfinite;
2017-01-12 06:30:00+00:00,,,,,Kelmarsh 3,2050,wind_speed_missing_or_nonfinite;power_missing_or_nonfinite;
2017-01-12 06:40:00+00:00,,,,,Kelmarsh 3,2050,wind_speed_missing_or_nonfinite;power_missing_or_nonfinite;
2017-01-12 06:50:00+00:00,,,,,Kelmarsh 3,2050,wind_speed_missing_or_nonfinite;power_missing_or_nonfinite;
2017-01-12 07:00:00+00:00,,,,,Kelmarsh 3,2050,wind_speed_missing_or_nonfinite;power_missing_or_nonfinite;
2017-01-12 07:10:00+00:00,,,,,Kelmarsh 3,2050,wind_speed_missing_or_nonfinite;power_missing_or_nonfinite;
2017-01-12 07:20:00+00:00,,,,,Kelmarsh 3,2050,wind_speed_missing_or_nonfinite;power_missing_or_nonfinite;
2017-01-12 07:30:00+00:00,,,,,Kelmarsh 3,2050,wind_speed_missing_or_nonfinite;power_missing_or_nonfinite;
2017-01-12 07:40:00+00:00,,,,,Kelmarsh 3,2050,wind_speed_missing_or_nonfinite;power_missing_or_nonfinite;
2017-01-12 07:50:00+00:00,,,,,Kelmarsh 3,2050,wind_speed_missing_or_nonfinite;power_missing_or_nonfinite;
2017-01-12 08:00:00+00:00,,,,,Kelmarsh 3,2050,wind_speed_missing_or_nonfinite;power_missing_or_nonfinite;
2017-01-12 08:10:00+00:00,,,,,Kelmarsh 3,2050,wind_speed_missing_or_nonfinite;power_missing_or_nonfinite;
2017-01-12 08:20:00+00:00,,,,,Kelmarsh 3,2050,wind_speed_missing_or_nonfinite;power_missing_or_nonfinite;
2017-01-12 08:30:00+00:00,,,,,Kelmarsh 3,2050,wind_speed_missing_or_nonfinite;power_missing_or_nonfinite;
2017-01-12 08:40:00+00:00,,,,,Kelmarsh 3,2050,wind_speed_missing_or_nonfinite;power_missing_or_nonfinite;
2017-01-12 08:50:00+00:00,,,,,Kelmarsh 3,2050,wind_speed_missing_or_nonfinite;power_missing_or_nonfinite;
2017-01-12 09:00:00+00:00,,,,,Kelmarsh 3,2050,wind_speed_missing_or_nonfinite;power_missing_or_nonfinite;
2017-01-12 09:10:00+00:00,,,,,Kelmarsh 3,2050,wind_speed_missing_or_nonfinite;power_missing_or_nonfinite;
2017-01-12 09:20:00+00:00,,,,,Kelmarsh 3,2050,wind_speed_missing_or_nonfinite;power_missing_or_nonfinite;
2017-01-12 09:30:00+00:00,,,,,Kelmarsh 3,2050,wind_speed_missing_or_nonfinite;power_missing_or_nonfinite;
2017-01-12 09:40:00+00:00,,,,,Kelmarsh 3,2050,wind_speed_missing_or_nonfinite;power_missing_or_nonfinite;
2017-01-12 09:50:00+00:00,,,,,Kelmarsh 3,2050,wind_speed_missing_or_nonfinite;power_missing_or_nonfinite;
2017-01-12 10:00:00+00:00,,,,,Kelmarsh 3,2050,wind_speed_missing_or_nonfinite;power_missing_or_nonfinite;
2017-01-12 10:10:00+00:00,,,,,Kelmarsh 3,2050,wind_speed_missing_or_nonfinite;power_missing_or_nonfinite;
2017-01-12 10:20:00+00:00,,,,,Kelmarsh 3,2050,wind_speed_missing_or_nonfinite;power_missing_or_nonfinite;
2017-01-12 10:30:00+00:00,,,,,Kelmarsh 3,2050,wind_speed_missing_or_nonfinite;power_missing_or_nonfinite;
2017-01-12 10:40:00+00:00,,,,,Kelmarsh 3,2050,wind_speed_missing_or_nonfinite;power_missing_or_nonfinite;
2017-01-12 10:50:00+00:00,,,,,Kelmarsh 3,2050,wind_speed_missing_or_nonfinite;power_missing_or_nonfinite;
2017-01-12 11:00:00+00:00,,,,,Kelmarsh 3,2050,wind_speed_missing_or_nonfinite;power_missing_or_nonfinite;
2017-01-12 11:10:00+00:00,,,,,Kelmarsh 3,2050,wind_speed_missing_or_nonfinite;power_missing_or_nonfinite;
2017-01-25 07:40:00+00:00,,,,,Kelmarsh 3,2050,wind_speed_missing_or_nonfinite;power_missing_or_nonfinite;
2017-01-25 07:50:00+00:00,,,,,Kelmarsh 3,2050,wind_speed_missing_or_nonfinite;power_missing_or_nonfinite;
2017-01-25 08:00:00+00:00,,,,,Kelmarsh 3,2050,wind_speed_missing_or_nonfinite;power_missing_or_nonfinite;
2017-01-25 08:10:00+00:00,,,,,Kelmarsh 3,2050,wind_speed_missing_or_nonfinite;power_missing_or_nonfinite;
2017-01-25 08:20:00+00:00,,,,,Kelmarsh 3,2050,wind_speed_missing_or_nonfinite;power_missing_or_nonfinite;
2017-01-25 08:30:00+00:00,,,,,Kelmarsh 3,2050,wind_speed_missing_or_nonfinite;power_missing_or_nonfinite;
2017-01-25 08:40:00+00:00,,,,,Kelmarsh 3,2050,wind_speed_missing_or_nonfinite;power_missing_or_nonfinite;
2017-01-25 08:50:00+00:00,,,,,Kelmarsh 3,2050,wind_speed_missing_or_nonfinite;power_missing_or_nonfinite;
2017-01-25 09:00:00+00:00,,,,,Kelmarsh 3,2050,wind_speed_missing_or_nonfinite;power_missing_or_nonfinite;
2017-01-25 09:10:00+00:00,,,,,Kelmarsh 3,2050,wind_speed_missing_or_nonfinite;power_missing_or_nonfinite;
2017-01-25 09:20:00+00:00,,,,,Kelmarsh 3,2050,wind_speed_missing_or_nonfinite;power_missing_or_nonfinite;
2017-01-25 09:30:00+00:00,,,,,Kelmarsh 3,2050,wind_speed_missing_or_nonfinite;power_missing_or_nonfinite;
2017-01-25 09:40:00+00:00,,,,,Kelmarsh 3,2050,wind_speed_missing_or_nonfinite;power_missing_or_nonfinite;
2017-01-25 09:50:00+00:00,,,,,Kelmarsh 3,2050,wind_speed_missing_or_nonfinite;power_missing_or_nonfinite;
2017-01-25 10:00:00+00:00,,,,,Kelmarsh 3,2050,wind_speed_missing_or_nonfinite;power_missing_or_nonfinite;
2017-01-25 10:10:00+00:00,,,,,Kelmarsh 3,2050,wind_speed_missing_or_nonfinite;power_missing_or_nonfinite;
2017-01-25 10:20:00+00:00,,,,,Kelmarsh 3,2050,wind_speed_missing_or_nonfinite;power_missing_or_nonfinite;
2017-01-25 10:30:00+00:00,,,,,Kelmarsh 3,2050,wind_speed_missing_or_nonfinite;power_missing_or_nonfinite;
2017-01-25 10:40:00+00:00,,,,,Kelmarsh 3,2050,wind_speed_missing_or_nonfinite;power_missing_or_nonfinite;
2017-01-25 10:50:00+00:00,,,,,Kelmarsh 3,2050,wind_speed_missing_or_nonfinite;power_missing_or_nonfinite;
2017-01-25 11:00:00+00:00,,,,,Kelmarsh 3,2050,wind_speed_missing_or_nonfinite;power_missing_or_nonfinite;
2017-01-25 11:10:00+00:00,,,,,Kelmarsh 3,2050,wind_speed_missing_or_nonfinite;power_missing_or_nonfinite;
2017-01-25 11:20:00+00:00,,,,,Kelmarsh 3,2050,wind_speed_missing_or_nonfinite;power_missing_or_nonfinite;
2017-01-25 11:30:00+00:00,,,,,Kelmarsh 3,2050,wind_speed_missing_or_nonfinite;power_missing_or_nonfinite;
2017-01-25 11:40:00+00:00,,,,,Kelmarsh 3,2050,wind_speed_missing_or_nonfinite;power_missing_or_nonfinite;
2017-01-25 11:50:00+00:00,,,,,Kelmarsh 3,2050,wind_speed_missing_or_nonfinite;power_missing_or_nonfinite;
2017-01-25 12:00:00+00:00,,,,,Kelmarsh 3,2050,wind_speed_missing_or_nonfinite;power_missing_or_nonfinite;
2017-01-25 12:10:00+00:00,,,,,Kelmarsh 3,2050,wind_speed_missing_or_nonfinite;power_missing_or_nonfinite;
2017-01-25 12:20:00+00:00,,,,,Kelmarsh 3,2050,wind_speed_missing_or_nonfinite;power_missing_or_nonfinite;
2017-01-25 12:30:00+00:00,,,,,Kelmarsh 3,2050,wind_speed_missing_or_nonfinite;power_missing_or_nonfinite;
2017-01-25 12:40:00+00:00,,,,,Kelmarsh 3,2050,wind_speed_missing_or_nonfinite;power_missing_or_nonfinite;
2017-01-25 12:50:00+00:00,,,,,Kelmarsh 3,2050,wind_speed_missing_or_nonfinite;power_missing_or_nonfinite;
2017-01-25 13:00:00+00:00,,,,,Kelmarsh 3,2050,wind_speed_missing_or_nonfinite;power_missing_or_nonfinite;
2017-01-25 13:10:00+00:00,,,,,Kelmarsh 3,2050,wind_speed_missing_or_nonfinite;power_missing_or_nonfinite;
2017-01-25 13:20:00+00:00,,,,,Kelmarsh 3,2050,wind_speed_missing_or_nonfinite;power_missing_or_nonfinite;
2017-01-25 13:30:00+00:00,,,,,Kelmarsh 3,2050,wind_speed_missing_or_nonfinite;power_missing_or_nonfinite;
2017-01-25 13:40:00+00:00,,,,,Kelmarsh 3,2050,wind_speed_missing_or_nonfinite;power_missing_or_nonfinite;
2017-01-25 13:50:00+00:00,,,,,Kelmarsh 3,2050,wind_speed_missing_or_nonfinite;power_missing_or_nonfinite;
2017-01-25 14:00:00+00:00,,,,,Kelmarsh 3,2050,wind_speed_missing_or_nonfinite;power_missing_or_nonfinite;
2017-01-25 14:10:00+00:00,,,,,Kelmarsh 3,2050,wind_speed_missing_or_nonfinite;power_missing_or_nonfinite;
2017-01-25 14:20:00+00:00,,,,,Kelmarsh 3,2050,wind_speed_missing_or_nonfinite;power_missing_or_nonfinite;
2017-01-25 14:30:00+00:00,,,,,Kelmarsh 3,2050,wind_speed_missing_or_nonfinite;power_missing_or_nonfinite;
2017-01-25 14:40:00+00:00,,,,,Kelmarsh 3,2050,wind_speed_missing_or_nonfinite;power_missing_or_nonfinite;
2017-01-25 14:50:00+00:00,,,,,Kelmarsh 3,2050,wind_speed_missing_or_nonfinite;power_missing_or_nonfinite;
2017-01-25 15:00:00+00:00,,,,,Kelmarsh 3,2050,wind_speed_missing_or_nonfinite;power_missing_or_nonfinite;
2017-01-25 15:10:00+00:00,,,,,Kelmarsh 3,2050,wind_speed_missing_or_nonfinite;power_missing_or_nonfinite;
2017-01-25 15:20:00+00:00,,,,,Kelmarsh 3,2050,wind_speed_missing_or_nonfinite;power_missing_or_nonfinite;
2017-01-25 15:30:00+00:00,,,,,Kelmarsh 3,2050,wind_speed_missing_or_nonfinite;power_missing_or_nonfinite;
2017-01-25 15:40:00+00:00,,,,,Kelmarsh 3,2050,wind_speed_missing_or_nonfinite;power_missing_or_nonfinite;
2017-01-25 15:50:00+00:00,,,,,Kelmarsh 3,2050,wind_speed_missing_or_nonfinite;power_missing_or_nonfinite;
2017-01-25 16:00:00+00:00,,,,,Kelmarsh 3,2050,wind_speed_missing_or_nonfinite;power_missing_or_nonfinite;
2017-01-25 16:10:00+00:00,,,,,Kelmarsh 3,2050,wind_speed_missing_or_nonfinite;power_missing_or_nonfinite;
2017-01-25 16:20:00+00:00,,,,,Kelmarsh 3,2050,wind_speed_missing_or_nonfinite;power_missing_or_nonfinite;
2017-01-25 16:30:00+00:00,,,,,Kelmarsh 3,2050,wind_speed_missing_or_nonfinite;power_missing_or_nonfinite;
2017-01-25 16:40:00+00:00,,,,,Kelmarsh 3,2050,wind_speed_missing_or_nonfinite;power_missing_or_nonfinite;
2017-01-25 16:50:00+00:00,,,,,Kelmarsh 3,2050,wind_speed_missing_or_nonfinite;power_missing_or_nonfinite;
2017-01-25 17:00:00+00:00,,,,,Kelmarsh 3,2050,wind_speed_missing_or_nonfinite;power_missing_or_nonfinite;
2017-01-25 17:10:00+00:00,,,,,Kelmarsh 3,2050,wind_speed_missing_or_nonfinite;power_missing_or_nonfinite;
2017-01-25 17:20:00+00:00,,,,,Kelmarsh 3,2050,wind_speed_missing_or_nonfinite;power_missing_or_nonfinite;
2017-01-25 17:30:00+00:00,,,,,Kelmarsh 3,2050,wind_speed_missing_or_nonfinite;power_missing_or_nonfinite;
2017-01-25 17:40:00+00:00,,,,,Kelmarsh 3,2050,wind_speed_missing_or_nonfinite;power_missing_or_nonfinite;
2017-01-25 17:50:00+00:00,,,,,Kelmarsh 3,2050,wind_speed_missing_or_nonfinite;power_missing_or_nonfinite;
2017-01-25 18:00:00+00:00,,,,,Kelmarsh 3,2050,wind_speed_missing_or_nonfinite;power_missing_or_nonfinite;
2017-01-25 18:10:00+00:00,,,,,Kelmarsh 3,2050,wind_speed_missing_or_nonfinite;power_missing_or_nonfinite;
2017-01-25 18:20:00+00:00,,,,,Kelmarsh 3,2050,wind_speed_missing_or_nonfinite;power_missing_or_nonfinite;
2017-01-25 18:30:00+00:00,,,,,Kelmarsh 3,2050,wind_speed_missing_or_nonfinite;power_missing_or_nonfinite;
2017-01-25 18:40:00+00:00,,,,,Kelmarsh 3,2050,wind_speed_missing_or_nonfinite;power_missing_or_nonfinite;
2017-01-25 18:50:00+00:00,,,,,Kelmarsh 3,2050,wind_speed_missing_or_nonfinite;power_missing_or_nonfinite;
2017-01-25 19:00:00+00:00,,,,,Kelmarsh 3,2050,wind_speed_missing_or_nonfinite;power_missing_or_nonfinite;
2017-01-25 19:10:00+00:00,,,,,Kelmarsh 3,2050,wind_speed_missing_or_nonfinite;power_missing_or_nonfinite;
2017-01-25 19:20:00+00:00,,,,,Kelmarsh 3,2050,wind_speed_missing_or_nonfinite;power_missing_or_nonfinite;
2017-01-25 19:30:00+00:00,,,,,Kelmarsh 3,2050,wind_speed_missing_or_nonfinite;power_missing_or_nonfinite;
2017-01-25 19:40:00+00:00,,,,,Kelmarsh 3,2050,wind_speed_missing_or_nonfinite;power_missing_or_nonfinite;
2017-01-25 19:50:00+00:00,,,,,Kelmarsh 3,2050,wind_speed_missing_or_nonfinite;power_missing_or_nonfinite;
2017-01-25 20:00:00+00:00,,,,,Kelmarsh 3,2050,wind_speed_missing_or_nonfinite;power_missing_or_nonfinite;
2017-01-25 20:10:00+00:00,,,,,Kelmarsh 3,2050,wind_speed_missing_or_nonfinite;power_missing_or_nonfinite;
2017-01-25 20:20:00+00:00,,,,,Kelmarsh 3,2050,wind_speed_missing_or_nonfinite;power_missing_or_nonfinite;
2017-01-25 20:30:00+00:00,,,,,Kelmarsh 3,2050,wind_speed_missing_or_nonfinite;power_missing_or_nonfinite;
2017-01-25 20:40:00+00:00,,,,,Kelmarsh 3,2050,wind_speed_missing_or_nonfinite;power_missing_or_nonfinite;
2017-01-25 20:50:00+00:00,,,,,Kelmarsh 3,2050,wind_speed_missing_or_nonfinite;power_missing_or_nonfinite;
2017-01-25 21:00:00+00:00,,,,,Kelmarsh 3,2050,wind_speed_missing_or_nonfinite;power_missing_or_nonfinite;
2017-01-25 21:10:00+00:00,,,,,Kelmarsh 3,2050,wind_speed_missing_or_nonfinite;power_missing_or_nonfinite;
2017-01-25 21:20:00+00:00,,,,,Kelmarsh 3,2050,wind_speed_missing_or_nonfinite;power_missing_or_nonfinite;
2017-01-25 21:30:00+00:00,,,,,Kelmarsh 3,2050,wind_speed_missing_or_nonfinite;power_missing_or_nonfinite;
2017-01-25 21:40:00+00:00,,,,,Kelmarsh 3,2050,wind_speed_missing_or_nonfinite;power_missing_or_nonfinite;
2017-01-25 21:50:00+00:00,,,,,Kelmarsh 3,2050,wind_speed_missing_or_nonfinite;power_missing_or_nonfinite;
2017-01-25 22:00:00+00:00,,,,,Kelmarsh 3,2050,wind_speed_missing_or_nonfinite;power_missing_or_nonfinite;
2017-01-25 22:10:00+00:00,,,,,Kelmarsh 3,2050,wind_speed_missing_or_nonfinite;power_missing_or_nonfinite;
2017-01-25 22:20:00+00:00,,,,,Kelmarsh 3,2050,wind_speed_missing_or_nonfinite;power_missing_or_nonfinite;
2017-01-25 22:30:00+00:00,,,,,Kelmarsh 3,2050,wind_speed_missing_or_nonfinite;power_missing_or_nonfinite;
2017-01-25 22:40:00+00:00,,,,,Kelmarsh 3,2050,wind_speed_missing_or_nonfinite;power_missing_or_nonfinite;
2017-01-25 22:50:00+00:00,,,,,Kelmarsh 3,2050,wind_speed_missing_or_nonfinite;power_missing_or_nonfinite;
2017-01-25 23:00:00+00:00,,,,,Kelmarsh 3,2050,wind_speed_missing_or_nonfinite;power_missing_or_nonfinite;
2017-01-25 23:10:00+00:00,,,,,Kelmarsh 3,2050,wind_speed_missing_or_nonfinite;power_missing_or_nonfinite;
2017-01-25 23:20:00+00:00,,,,,Kelmarsh 3,2050,wind_speed_missing_or_nonfinite;power_missing_or_nonfinite;
2017-01-25 23:30:00+00:00,,,,,Kelmarsh 3,2050,wind_speed_missing_or_nonfinite;power_missing_or_nonfinite;
2017-01-25 23:40:00+00:00,,,,,Kelmarsh 3,2050,wind_speed_missing_or_nonfinite;power_missing_or_nonfinite;
2017-01-25 23:50:00+00:00,,,,,Kelmarsh 3,2050,wind_speed_missing_or_nonfinite;power_missing_or_nonfinite;
2017-01-26 00:00:00+00:00,,,,,Kelmarsh 3,2050,wind_speed_missing_or_nonfinite;power_missing_or_nonfinite;
2017-01-26 00:10:00+00:00,,,,,Kelmarsh 3,2050,wind_speed_missing_or_nonfinite;power_missing_or_nonfinite;
2017-01-26 00:20:00+00:00,,,,,Kelmarsh 3,2050,wind_speed_missing_or_nonfinite;power_missing_or_nonfinite;
2017-01-26 00:30:00+00:00,,,,,Kelmarsh 3,2050,wind_speed_missing_or_nonfinite;power_missing_or_nonfinite;
2017-01-26 00:40:00+00:00,,,,,Kelmarsh 3,2050,wind_speed_missing_or_nonfinite;power_missing_or_nonfinite;
2017-01-26 00:50:00+00:00,,,,,Kelmarsh 3,2050,wind_speed_missing_or_nonfinite;power_missing_or_nonfinite;
2017-01-26 01:00:00+00:00,,,,,Kelmarsh 3,2050,wind_speed_missing_or_nonfinite;power_missing_or_nonfinite;
2017-01-26 01:10:00+00:00,,,,,Kelmarsh 3,2050,wind_speed_missing_or_nonfinite;power_missing_or_nonfinite;
2017-01-26 01:20:00+00:00,,,,,Kelmarsh 3,2050,wind_speed_missing_or_nonfinite;power_missing_or_nonfinite;
2017-01-26 01:30:00+00:00,,,,,Kelmarsh 3,2050,wind_speed_missing_or_nonfinite;power_missing_or_nonfinite;
2017-01-26 01:40:00+00:00,,,,,Kelmarsh 3,2050,wind_speed_missing_or_nonfinite;power_missing_or_nonfinite;
2017-01-26 01:50:00+00:00,,,,,Kelmarsh 3,2050,wind_speed_missing_or_nonfinite;power_missing_or_nonfinite;
2017-01-26 02:00:00+00:00,,,,,Kelmarsh 3,2050,wind_speed_missing_or_nonfinite;power_missing_or_nonfinite;
2017-01-26 02:10:00+00:00,,,,,Kelmarsh 3,2050,wind_speed_missing_or_nonfinite;power_missing_or_nonfinite;
2017-01-26 02:20:00+00:00,,,,,Kelmarsh 3,2050,wind_speed_missing_or_nonfinite;power_missing_or_nonfinite;
2017-01-26 02:30:00+00:00,,,,,Kelmarsh 3,2050,wind_speed_missing_or_nonfinite;power_missing_or_nonfinite;
2017-01-26 02:40:00+00:00,,,,,Kelmarsh 3,2050,wind_speed_missing_or_nonfinite;power_missing_or_nonfinite;
2017-01-26 02:50:00+00:00,,,,,Kelmarsh 3,2050,wind_speed_missing_or_nonfinite;power_missing_or_nonfinite;
2017-01-26 03:00:00+00:00,,,,,Kelmarsh 3,2050,wind_speed_missing_or_nonfinite;power_missing_or_nonfinite;
2017-01-26 03:10:00+00:00,,,,,Kelmarsh 3,2050,wind_speed_missing_or_nonfinite;power_missing_or_nonfinite;
2017-01-26 03:20:00+00:00,,,,,Kelmarsh 3,2050,wind_speed_missing_or_nonfinite;power_missing_or_nonfinite;
2017-01-26 03:30:00+00:00,,,,,Kelmarsh 3,2050,wind_speed_missing_or_nonfinite;power_missing_or_nonfinite;
2017-01-26 03:40:00+00:00,,,,,Kelmarsh 3,2050,wind_speed_missing_or_nonfinite;power_missing_or_nonfinite;
2017-01-26 03:50:00+00:00,,,,,Kelmarsh 3,2050,wind_speed_missing_or_nonfinite;power_missing_or_nonfinite;
2017-01-26 04:00:00+00:00,,,,,Kelmarsh 3,2050,wind_speed_missing_or_nonfinite;power_missing_or_nonfinite;
2017-01-26 04:10:00+00:00,,,,,Kelmarsh 3,2050,wind_speed_missing_or_nonfinite;power_missing_or_nonfinite;
2017-01-26 04:20:00+00:00,,,,,Kelmarsh 3,2050,wind_speed_missing_or_nonfinite;power_missing_or_nonfinite;
2017-01-26 04:30:00+00:00,,,,,Kelmarsh 3,2050,wind_speed_missing_or_nonfinite;power_missing_or_nonfinite;
2017-01-26 04:40:00+00:00,,,,,Kelmarsh 3,2050,wind_speed_missing_or_nonfinite;power_missing_or_nonfinite;
2017-01-26 04:50:00+00:00,,,,,Kelmarsh 3,2050,wind_speed_missing_or_nonfinite;power_missing_or_nonfinite;
2017-01-26 05:00:00+00:00,,,,,Kelmarsh 3,2050,wind_speed_missing_or_nonfinite;power_missing_or_nonfinite;
2017-01-26 05:10:00+00:00,,,,,Kelmarsh 3,2050,wind_speed_missing_or_nonfinite;power_missing_or_nonfinite;
2017-01-26 05:20:00+00:00,,,,,Kelmarsh 3,2050,wind_speed_missing_or_nonfinite;power_missing_or_nonfinite;
2017-01-26 05:30:00+00:00,,,,,Kelmarsh 3,2050,wind_speed_missing_or_nonfinite;power_missing_or_nonfinite;
2017-01-26 05:40:00+00:00,,,,,Kelmarsh 3,2050,wind_speed_missing_or_nonfinite;power_missing_or_nonfinite;
2017-01-26 05:50:00+00:00,,,,,Kelmarsh 3,2050,wind_speed_missing_or_nonfinite;power_missing_or_nonfinite;
2017-01-26 06:00:00+00:00,,,,,Kelmarsh 3,2050,wind_speed_missing_or_nonfinite;power_missing_or_nonfinite;
2017-01-26 06:10:00+00:00,,,,,Kelmarsh 3,2050,wind_speed_missing_or_nonfinite;power_missing_or_nonfinite;
2017-01-26 06:20:00+00:00,,,,,Kelmarsh 3,2050,wind_speed_missing_or_nonfinite;power_missing_or_nonfinite;
2017-01-26 06:30:00+00:00,,,,,Kelmarsh 3,2050,wind_speed_missing_or_nonfinite;power_missing_or_nonfinite;
2017-01-26 06:40:00+00:00,,,,,Kelmarsh 3,2050,wind_speed_missing_or_nonfinite;power_missing_or_nonfinite;
2017-01-26 06:50:00+00:00,,,,,Kelmarsh 3,2050,wind_speed_missing_or_nonfinite;power_missing_or_nonfinite;
2017-01-26 07:00:00+00:00,,,,,Kelmarsh 3,2050,wind_speed_missing_or_nonfinite;power_missing_or_nonfinite;
2017-01-26 07:10:00+00:00,,,,,Kelmarsh 3,2050,wind_speed_missing_or_nonfinite;power_missing_or_nonfinite;
2017-01-26 07:20:00+00:00,,,,,Kelmarsh 3,2050,wind_speed_missing_or_nonfinite;power_missing_or_nonfinite;
2017-01-26 07:30:00+00:00,,,,,Kelmarsh 3,2050,wind_speed_missing_or_nonfinite;power_missing_or_nonfinite;
2017-01-26 07:40:00+00:00,,,,,Kelmarsh 3,2050,wind_speed_missing_or_nonfinite;power_missing_or_nonfinite;
2017-01-26 07:50:00+00:00,,,,,Kelmarsh 3,2050,wind_speed_missing_or_nonfinite;power_missing_or_nonfinite;
2017-01-26 08:00:00+00:00,,,,,Kelmarsh 3,2050,wind_speed_missing_or_nonfinite;power_missing_or_nonfinite;
2017-01-26 08:10:00+00:00,,,,,Kelmarsh 3,2050,wind_speed_missing_or_nonfinite;power_missing_or_nonfinite;
2017-01-26 08:20:00+00:00,,,,,Kelmarsh 3,2050,wind_speed_missing_or_nonfinite;power_missing_or_nonfinite;
2017-01-26 08:30:00+00:00,,,,,Kelmarsh 3,2050,wind_speed_missing_or_nonfinite;power_missing_or_nonfinite;
2017-01-26 08:40:00+00:00,,,,,Kelmarsh 3,2050,wind_speed_missing_or_nonfinite;power_missing_or_nonfinite;
2017-01-26 08:50:00+00:00,,,,,Kelmarsh 3,2050,wind_speed_missing_or_nonfinite;power_missing_or_nonfinite;
2017-01-26 09:00:00+00:00,,,,,Kelmarsh 3,2050,wind_speed_missing_or_nonfinite;power_missing_or_nonfinite;
2017-01-26 09:10:00+00:00,,,,,Kelmarsh 3,2050,wind_speed_missing_or_nonfinite;power_missing_or_nonfinite;
2017-01-26 09:20:00+00:00,,,,,Kelmarsh 3,2050,wind_speed_missing_or_nonfinite;power_missing_or_nonfinite;
2017-01-26 09:30:00+00:00,,,,,Kelmarsh 3,2050,wind_speed_missing_or_nonfinite;power_missing_or_nonfinite;
2017-01-26 09:40:00+00:00,,,,,Kelmarsh 3,2050,wind_speed_missing_or_nonfinite;power_missing_or_nonfinite;
2017-01-26 09:50:00+00:00,,,,,Kelmarsh 3,2050,wind_speed_missing_or_nonfinite;power_missing_or_nonfinite;
2017-01-26 10:00:00+00:00,,,,,Kelmarsh 3,2050,wind_speed_missing_or_nonfinite;power_missing_or_nonfinite;
2017-01-26 10:10:00+00:00,,,,,Kelmarsh 3,2050,wind_speed_missing_or_nonfinite;power_missing_or_nonfinite;
2017-01-26 10:20:00+00:00,,,,,Kelmarsh 3,2050,wind_speed_missing_or_nonfinite;power_missing_or_nonfinite;
2017-01-26 10:30:00+00:00,,,,,Kelmarsh 3,2050,wind_speed_missing_or_nonfinite;power_missing_or_nonfinite;
2017-01-26 10:40:00+00:00,,,,,Kelmarsh 3,2050,wind_speed_missing_or_nonfinite;power_missing_or_nonfinite;
2017-01-26 10:50:00+00:00,,,,,Kelmarsh 3,2050,wind_speed_missing_or_nonfinite;power_missing_or_nonfinite;
2017-01-26 11:00:00+00:00,,,,,Kelmarsh 3,2050,wind_speed_missing_or_nonfinite;power_missing_or_nonfinite;
2017-01-26 11:10:00+00:00,,,,,Kelmarsh 3,2050,wind_speed_missing_or_nonfinite;power_missing_or_nonfinite;
2017-01-26 11:20:00+00:00,,,,,Kelmarsh 3,2050,wind_speed_missing_or_nonfinite;power_missing_or_nonfinite;
2017-01-26 11:30:00+00:00,,,,,Kelmarsh 3,2050,wind_speed_missing_or_nonfinite;power_missing_or_nonfinite;
2017-01-26 11:40:00+00:00,,,,,Kelmarsh 3,2050,wind_speed_missing_or_nonfinite;power_missing_or_nonfinite;
2017-01-26 11:50:00+00:00,,,,,Kelmarsh 3,2050,wind_speed_missing_or_nonfinite;power_missing_or_nonfinite;
2017-01-26 12:00:00+00:00,,,,,Kelmarsh 3,2050,wind_speed_missing_or_nonfinite;power_missing_or_nonfinite;
2017-01-26 12:10:00+00:00,,,,,Kelmarsh 3,2050,wind_speed_missing_or_nonfinite;power_missing_or_nonfinite;
2017-01-26 12:20:00+00:00,,,,,Kelmarsh 3,2050,wind_speed_missing_or_nonfinite;power_missing_or_nonfinite;
2017-01-26 12:30:00+00:00,,,,,Kelmarsh 3,2050,wind_speed_missing_or_nonfinite;power_missing_or_nonfinite;
2017-01-26 12:40:00+00:00,,,,,Kelmarsh 3,2050,wind_speed_missing_or_nonfinite;power_missing_or_nonfinite;
2017-01-26 12:50:00+00:00,,,,,Kelmarsh 3,2050,wind_speed_missing_or_nonfinite;power_missing_or_nonfinite;
2017-01-26 13:00:00+00:00,,,,,Kelmarsh 3,2050,wind_speed_missing_or_nonfinite;power_missing_or_nonfinite;
2017-01-26 13:10:00+00:00,,,,,Kelmarsh 3,2050,wind_speed_missing_or_nonfinite;power_missing_or_nonfinite;
2017-01-26 13:20:00+00:00,,,,,Kelmarsh 3,2050,wind_speed_missing_or_nonfinite;power_missing_or_nonfinite;
2017-01-26 13:30:00+00:00,,,,,Kelmarsh 3,2050,wind_speed_missing_or_nonfinite;power_missing_or_nonfinite;
2017-01-26 13:40:00+00:00,,,,,Kelmarsh 3,2050,wind_speed_missing_or_nonfinite;power_missing_or_nonfinite;
2017-01-26 13:50:00+00:00,,,,,Kelmarsh 3,2050,wind_speed_missing_or_nonfinite;power_missing_or_nonfinite;
2017-01-26 14:00:00+00:00,,,,,Kelmarsh 3,2050,wind_speed_missing_or_nonfinite;power_missing_or_nonfinite;
2017-01-26 14:10:00+00:00,,,,,Kelmarsh 3,2050,wind_speed_missing_or_nonfinite;power_missing_or_nonfinite;
2017-01-26 14:20:00+00:00,,,,,Kelmarsh 3,2050,wind_speed_missing_or_nonfinite;power_missing_or_nonfinite;
2017-01-26 14:30:00+00:00,,,,,Kelmarsh 3,2050,wind_speed_missing_or_nonfinite;power_missing_or_nonfinite;
2017-01-26 14:40:00+00:00,,,,,Kelmarsh 3,2050,wind_speed_missing_or_nonfinite;power_missing_or_nonfinite;
2017-01-26 14:50:00+00:00,,,,,Kelmarsh 3,2050,wind_speed_missing_or_nonfinite;power_missing_or_nonfinite;
2017-01-26 15:00:00+00:00,,,,,Kelmarsh 3,2050,wind_speed_missing_or_nonfinite;power_missing_or_nonfinite;
2017-01-26 15:10:00+00:00,,,,,Kelmarsh 3,2050,wind_speed_missing_or_nonfinite;power_missing_or_nonfinite;
2017-01-26 15:20:00+00:00,,,,,Kelmarsh 3,2050,wind_speed_missing_or_nonfinite;power_missing_or_nonfinite;
2017-01-26 15:30:00+00:00,,,,,Kelmarsh 3,2050,wind_speed_missing_or_nonfinite;power_missing_or_nonfinite;
2017-01-26 15:40:00+00:00,,,,,Kelmarsh 3,2050,wind_speed_missing_or_nonfinite;power_missing_or_nonfinite;
2017-01-26 15:50:00+00:00,,,,,Kelmarsh 3,2050,wind_speed_missing_or_nonfinite;power_missing_or_nonfinite;
2017-01-26 16:00:00+00:00,,,,,Kelmarsh 3,2050,wind_speed_missing_or_nonfinite;power_missing_or_nonfinite;
2017-02-22 12:10:00+00:00,,,,,Kelmarsh 3,2050,wind_speed_missing_or_nonfinite;power_missing_or_nonfinite;
2017-03-02 12:50:00+00:00,,,,,Kelmarsh 3,2050,wind_speed_missing_or_nonfinite;power_missing_or_nonfinite;
2017-03-02 13:00:00+00:00,,,,,Kelmarsh 3,2050,wind_speed_missing_or_nonfinite;power_missing_or_nonfinite;
2017-03-02 13:10:00+00:00,,,,,Kelmarsh 3,2050,wind_speed_missing_or_nonfinite;power_missing_or_nonfinite;
2017-03-02 13:20:00+00:00,,,,,Kelmarsh 3,2050,wind_speed_missing_or_nonfinite;power_missing_or_nonfinite;
2017-03-02 13:30:00+00:00,,,,,Kelmarsh 3,2050,wind_speed_missing_or_nonfinite;power_missing_or_nonfinite;
2017-03-02 13:40:00+00:00,,,,,Kelmarsh 3,2050,wind_speed_missing_or_nonfinite;power_missing_or_nonfinite;
2017-03-02 13:50:00+00:00,,,,,Kelmarsh 3,2050,wind_speed_missing_or_nonfinite;power_missing_or_nonfinite;
2017-03-02 14:00:00+00:00,,,,,Kelmarsh 3,2050,wind_speed_missing_or_nonfinite;power_missing_or_nonfinite;
2017-03-11 00:00:00+00:00,,,,,Kelmarsh 3,2050,wind_speed_missing_or_nonfinite;power_missing_or_nonfinite;
2017-03-11 00:10:00+00:00,,,,,Kelmarsh 3,2050,wind_speed_missing_or_nonfinite;power_missing_or_nonfinite;
2017-03-11 00:20:00+00:00,,,,,Kelmarsh 3,2050,wind_speed_missing_or_nonfinite;power_missing_or_nonfinite;
2017-03-11 00:30:00+00:00,,,,,Kelmarsh 3,2050,wind_speed_missing_or_nonfinite;power_missing_or_nonfinite;
2017-03-11 00:40:00+00:00,,,,,Kelmarsh 3,2050,wind_speed_missing_or_nonfinite;power_missing_or_nonfinite;
2017-03-11 00:50:00+00:00,,,,,Kelmarsh 3,2050,wind_speed_missing_or_nonfinite;power_missing_or_nonfinite;
2017-03-11 01:00:00+00:00,,,,,Kelmarsh 3,2050,wind_speed_missing_or_nonfinite;power_missing_or_nonfinite;
2017-03-11 01:10:00+00:00,,,,,Kelmarsh 3,2050,wind_speed_missing_or_nonfinite;power_missing_or_nonfinite;
2017-03-11 01:20:00+00:00,,,,,Kelmarsh 3,2050,wind_speed_missing_or_nonfinite;power_missing_or_nonfinite;
2017-03-11 01:30:00+00:00,,,,,Kelmarsh 3,2050,wind_speed_missing_or_nonfinite;power_missing_or_nonfinite;
2017-03-11 01:40:00+00:00,,,,,Kelmarsh 3,2050,wind_speed_missing_or_nonfinite;power_missing_or_nonfinite;
2017-03-11 01:50:00+00:00,,,,,Kelmarsh 3,2050,wind_speed_missing_or_nonfinite;power_missing_or_nonfinite;
2017-03-11 02:00:00+00:00,,,,,Kelmarsh 3,2050,wind_speed_missing_or_nonfinite;power_missing_or_nonfinite;
2017-03-11 02:10:00+00:00,,,,,Kelmarsh 3,2050,wind_speed_missing_or_nonfinite;power_missing_or_nonfinite;
2017-03-11 02:20:00+00:00,,,,,Kelmarsh 3,2050,wind_speed_missing_or_nonfinite;power_missing_or_nonfinite;
2017-03-11 02:30:00+00:00,,,,,Kelmarsh 3,2050,wind_speed_missing_or_nonfinite;power_missing_or_nonfinite;
2017-03-11 02:40:00+00:00,,,,,Kelmarsh 3,2050,wind_speed_missing_or_nonfinite;power_missing_or_nonfinite;
2017-03-11 02:50:00+00:00,,,,,Kelmarsh 3,2050,wind_speed_missing_or_nonfinite;power_missing_or_nonfinite;
2017-03-11 03:00:00+00:00,,,,,Kelmarsh 3,2050,wind_speed_missing_or_nonfinite;power_missing_or_nonfinite;
2017-03-11 03:10:00+00:00,,,,,Kelmarsh 3,2050,wind_speed_missing_or_nonfinite;power_missing_or_nonfinite;
2017-03-11 03:20:00+00:00,,,,,Kelmarsh 3,2050,wind_speed_missing_or_nonfinite;power_missing_or_nonfinite;
2017-03-11 03:30:00+00:00,,,,,Kelmarsh 3,2050,wind_speed_missing_or_nonfinite;power_missing_or_nonfinite;
2017-03-11 03:40:00+00:00,,,,,Kelmarsh 3,2050,wind_speed_missing_or_nonfinite;power_missing_or_nonfinite;
2017-03-11 03:50:00+00:00,,,,,Kelmarsh 3,2050,wind_speed_missing_or_nonfinite;power_missing_or_nonfinite;
2017-03-11 04:00:00+00:00,,,,,Kelmarsh 3,2050,wind_speed_missing_or_nonfinite;power_missing_or_nonfinite;
2017-03-11 04:10:00+00:00,,,,,Kelmarsh 3,2050,wind_speed_missing_or_nonfinite;power_missing_or_nonfinite;
2017-03-11 04:20:00+00:00,,,,,Kelmarsh 3,2050,wind_speed_missing_or_nonfinite;power_missing_or_nonfinite;
2017-03-11 04:30:00+00:00,,,,,Kelmarsh 3,2050,wind_speed_missing_or_nonfinite;power_missing_or_nonfinite;
2017-03-11 04:40:00+00:00,,,,,Kelmarsh 3,2050,wind_speed_missing_or_nonfinite;power_missing_or_nonfinite;
2017-03-11 04:50:00+00:00,,,,,Kelmarsh 3,2050,wind_speed_missing_or_nonfinite;power_missing_or_nonfinite;
2017-03-11 05:00:00+00:00,,,,,Kelmarsh 3,2050,wind_speed_missing_or_nonfinite;power_missing_or_nonfinite;
2017-03-11 05:10:00+00:00,,,,,Kelmarsh 3,2050,wind_speed_missing_or_nonfinite;power_missing_or_nonfinite;
2017-03-11 05:20:00+00:00,,,,,Kelmarsh 3,2050,wind_speed_missing_or_nonfinite;power_missing_or_nonfinite;
2017-03-11 05:30:00+00:00,,,,,Kelmarsh 3,2050,wind_speed_missing_or_nonfinite;power_missing_or_nonfinite;
2017-03-11 05:40:00+00:00,,,,,Kelmarsh 3,2050,wind_speed_missing_or_nonfinite;power_missing_or_nonfinite;
2017-03-11 05:50:00+00:00,,,,,Kelmarsh 3,2050,wind_speed_missing_or_nonfinite;power_missing_or_nonfinite;
2017-03-11 06:00:00+00:00,,,,,Kelmarsh 3,2050,wind_speed_missing_or_nonfinite;power_missing_or_nonfinite;
2017-03-11 06:10:00+00:00,,,,,Kelmarsh 3,2050,wind_speed_missing_or_nonfinite;power_missing_or_nonfinite;
2017-03-11 06:20:00+00:00,,,,,Kelmarsh 3,2050,wind_speed_missing_or_nonfinite;power_missing_or_nonfinite;
2017-03-11 06:30:00+00:00,,,,,Kelmarsh 3,2050,wind_speed_missing_or_nonfinite;power_missing_or_nonfinite;
2017-03-11 06:40:00+00:00,,,,,Kelmarsh 3,2050,wind_speed_missing_or_nonfinite;power_missing_or_nonfinite;
2017-03-11 06:50:00+00:00,,,,,Kelmarsh 3,2050,wind_speed_missing_or_nonfinite;power_missing_or_nonfinite;
2017-03-11 22:20:00+00:00,,,,,Kelmarsh 3,2050,wind_speed_missing_or_nonfinite;power_missing_or_nonfinite;
2017-03-11 22:30:00+00:00,,,,,Kelmarsh 3,2050,wind_speed_missing_or_nonfinite;power_missing_or_nonfinite;
2017-03-11 22:40:00+00:00,,,,,Kelmarsh 3,2050,wind_speed_missing_or_nonfinite;power_missing_or_nonfinite;
2017-03-11 22:50:00+00:00,,,,,Kelmarsh 3,2050,wind_speed_missing_or_nonfinite;power_missing_or_nonfinite;
2017-03-11 23:00:00+00:00,,,,,Kelmarsh 3,2050,wind_speed_missing_or_nonfinite;power_missing_or_nonfinite;
2017-03-11 23:10:00+00:00,,,,,Kelmarsh 3,2050,wind_speed_missing_or_nonfinite;power_missing_or_nonfinite;
2017-03-11 23:20:00+00:00,,,,,Kelmarsh 3,2050,wind_speed_missing_or_nonfinite;power_missing_or_nonfinite;
2017-03-11 23:30:00+00:00,,,,,Kelmarsh 3,2050,wind_speed_missing_or_nonfinite;power_missing_or_nonfinite;
2017-03-11 23:40:00+00:00,,,,,Kelmarsh 3,2050,wind_speed_missing_or_nonfinite;power_missing_or_nonfinite;
2017-03-11 23:50:00+00:00,,,,,Kelmarsh 3,2050,wind_speed_missing_or_nonfinite;power_missing_or_nonfinite;
2017-03-12 00:00:00+00:00,,,,,Kelmarsh 3,2050,wind_speed_missing_or_nonfinite;power_missing_or_nonfinite;
2017-03-12 00:10:00+00:00,,,,,Kelmarsh 3,2050,wind_speed_missing_or_nonfinite;power_missing_or_nonfinite;
2017-03-12 00:20:00+00:00,,,,,Kelmarsh 3,2050,wind_speed_missing_or_nonfinite;power_missing_or_nonfinite;
2017-03-12 00:30:00+00:00,,,,,Kelmarsh 3,2050,wind_speed_missing_or_nonfinite;power_missing_or_nonfinite;
2017-03-12 00:40:00+00:00,,,,,Kelmarsh 3,2050,wind_speed_missing_or_nonfinite;power_missing_or_nonfinite;
2017-03-12 00:50:00+00:00,,,,,Kelmarsh 3,2050,wind_speed_missing_or_nonfinite;power_missing_or_nonfinite;
2017-03-12 01:00:00+00:00,,,,,Kelmarsh 3,2050,wind_speed_missing_or_nonfinite;power_missing_or_nonfinite;
2017-03-12 01:10:00+00:00,,,,,Kelmarsh 3,2050,wind_speed_missing_or_nonfinite;power_missing_or_nonfinite;
2017-03-12 01:20:00+00:00,,,,,Kelmarsh 3,2050,wind_speed_missing_or_nonfinite;power_missing_or_nonfinite;
2017-03-12 01:30:00+00:00,,,,,Kelmarsh 3,2050,wind_speed_missing_or_nonfinite;power_missing_or_nonfinite;
2017-03-12 01:40:00+00:00,,,,,Kelmarsh 3,2050,wind_speed_missing_or_nonfinite;power_missing_or_nonfinite;
2017-03-12 01:50:00+00:00,,,,,Kelmarsh 3,2050,wind_speed_missing_or_nonfinite;power_missing_or_nonfinite;
2017-03-12 02:00:00+00:00,,,,,Kelmarsh 3,2050,wind_speed_missing_or_nonfinite;power_missing_or_nonfinite;
2017-03-12 02:10:00+00:00,,,,,Kelmarsh 3,2050,wind_speed_missing_or_nonfinite;power_missing_or_nonfinite;
2017-03-12 02:20:00+00:00,,,,,Kelmarsh 3,2050,wind_speed_missing_or_nonfinite;power_missing_or_nonfinite;
2017-03-12 02:30:00+00:00,,,,,Kelmarsh 3,2050,wind_speed_missing_or_nonfinite;power_missing_or_nonfinite;
2017-03-12 02:40:00+00:00,,,,,Kelmarsh 3,2050,wind_speed_missing_or_nonfinite;power_missing_or_nonfinite;
2017-03-12 02:50:00+00:00,,,,,Kelmarsh 3,2050,wind_speed_missing_or_nonfinite;power_missing_or_nonfinite;
2017-03-12 03:00:00+00:00,,,,,Kelmarsh 3,2050,wind_speed_missing_or_nonfinite;power_missing_or_nonfinite;
2017-03-12 03:10:00+00:00,,,,,Kelmarsh 3,2050,wind_speed_missing_or_nonfinite;power_missing_or_nonfinite;
2017-03-12 03:20:00+00:00,,,,,Kelmarsh 3,2050,wind_speed_missing_or_nonfinite;power_missing_or_nonfinite;
2017-03-12 03:30:00+00:00,,,,,Kelmarsh 3,2050,wind_speed_missing_or_nonfinite;power_missing_or_nonfinite;
2017-03-12 03:40:00+00:00,,,,,Kelmarsh 3,2050,wind_speed_missing_or_nonfinite;power_missing_or_nonfinite;
2017-03-12 03:50:00+00:00,,,,,Kelmarsh 3,2050,wind_speed_missing_or_nonfinite;power_missing_or_nonfinite;
2017-03-12 04:00:00+00:00,,,,,Kelmarsh 3,2050,wind_speed_missing_or_nonfinite;power_missing_or_nonfinite;
2017-03-12 04:10:00+00:00,,,,,Kelmarsh 3,2050,wind_speed_missing_or_nonfinite;power_missing_or_nonfinite;
2017-03-12 04:20:00+00:00,,,,,Kelmarsh 3,2050,wind_speed_missing_or_nonfinite;power_missing_or_nonfinite;
2017-03-12 04:30:00+00:00,,,,,Kelmarsh 3,2050,wind_speed_missing_or_nonfinite;power_missing_or_nonfinite;
2017-03-12 04:40:00+00:00,,,,,Kelmarsh 3,2050,wind_speed_missing_or_nonfinite;power_missing_or_nonfinite;
2017-03-12 04:50:00+00:00,,,,,Kelmarsh 3,2050,wind_speed_missing_or_nonfinite;power_missing_or_nonfinite;
2017-03-12 05:00:00+00:00,,,,,Kelmarsh 3,2050,wind_speed_missing_or_nonfinite;power_missing_or_nonfinite;
2017-03-12 05:10:00+00:00,,,,,Kelmarsh 3,2050,wind_speed_missing_or_nonfinite;power_missing_or_nonfinite;
2017-03-12 05:20:00+00:00,,,,,Kelmarsh 3,2050,wind_speed_missing_or_nonfinite;power_missing_or_nonfinite;
2017-03-12 05:30:00+00:00,,,,,Kelmarsh 3,2050,wind_speed_missing_or_nonfinite;power_missing_or_nonfinite;
2017-03-12 05:40:00+00:00,,,,,Kelmarsh 3,2050,wind_speed_missing_or_nonfinite;power_missing_or_nonfinite;
2017-03-12 05:50:00+00:00,,,,,Kelmarsh 3,2050,wind_speed_missing_or_nonfinite;power_missing_or_nonfinite;
2017-03-12 06:00:00+00:00,,,,,Kelmarsh 3,2050,wind_speed_missing_or_nonfinite;power_missing_or_nonfinite;
2017-03-12 06:10:00+00:00,,,,,Kelmarsh 3,2050,wind_speed_missing_or_nonfinite;power_missing_or_nonfinite;
2017-03-12 06:20:00+00:00,,,,,Kelmarsh 3,2050,wind_speed_missing_or_nonfinite;power_missing_or_nonfinite;
2017-03-12 06:30:00+00:00,,,,,Kelmarsh 3,2050,wind_speed_missing_or_nonfinite;power_missing_or_nonfinite;
2017-03-12 06:40:00+00:00,,,,,Kelmarsh 3,2050,wind_speed_missing_or_nonfinite;power_missing_or_nonfinite;
2017-03-12 06:50:00+00:00,,,,,Kelmarsh 3,2050,wind_speed_missing_or_nonfinite;power_missing_or_nonfinite;
2017-03-12 07:00:00+00:00,,,,,Kelmarsh 3,2050,wind_speed_missing_or_nonfinite;power_missing_or_nonfinite;
2017-03-12 07:10:00+00:00,,,,,Kelmarsh 3,2050,wind_speed_missing_or_nonfinite;power_missing_or_nonfinite;
2017-03-12 07:20:00+00:00,,,,,Kelmarsh 3,2050,wind_speed_missing_or_nonfinite;power_missing_or_nonfinite;
2017-03-12 07:30:00+00:00,,,,,Kelmarsh 3,2050,wind_speed_missing_or_nonfinite;power_missing_or_nonfinite;
2017-03-12 07:40:00+00:00,,,,,Kelmarsh 3,2050,wind_speed_missing_or_nonfinite;power_missing_or_nonfinite;
2017-03-12 07:50:00+00:00,,,,,Kelmarsh 3,2050,wind_speed_missing_or_nonfinite;power_missing_or_nonfinite;
2017-03-12 08:00:00+00:00,,,,,Kelmarsh 3,2050,wind_speed_missing_or_nonfinite;power_missing_or_nonfinite;
2017-03-12 08:10:00+00:00,,,,,Kelmarsh 3,2050,wind_speed_missing_or_nonfinite;power_missing_or_nonfinite;
2017-03-12 08:20:00+00:00,,,,,Kelmarsh 3,2050,wind_speed_missing_or_nonfinite;power_missing_or_nonfinite;
2017-03-12 08:30:00+00:00,,,,,Kelmarsh 3,2050,wind_speed_missing_or_nonfinite;power_missing_or_nonfinite;
2017-03-12 08:40:00+00:00,,,,,Kelmarsh 3,2050,wind_speed_missing_or_nonfinite;power_missing_or_nonfinite;
2017-03-12 08:50:00+00:00,,,,,Kelmarsh 3,2050,wind_speed_missing_or_nonfinite;power_missing_or_nonfinite;
2017-03-12 09:00:00+00:00,,,,,Kelmarsh 3,2050,wind_speed_missing_or_nonfinite;power_missing_or_nonfinite;
2017-03-12 09:10:00+00:00,,,,,Kelmarsh 3,2050,wind_speed_missing_or_nonfinite;power_missing_or_nonfinite;
2017-03-12 09:20:00+00:00,,,,,Kelmarsh 3,2050,wind_speed_missing_or_nonfinite;power_missing_or_nonfinite;
2017-03-12 09:30:00+00:00,,,,,Kelmarsh 3,2050,wind_speed_missing_or_nonfinite;power_missing_or_nonfinite;
2017-03-12 09:40:00+00:00,,,,,Kelmarsh 3,2050,wind_speed_missing_or_nonfinite;power_missing_or_nonfinite;
2017-03-12 09:50:00+00:00,,,,,Kelmarsh 3,2050,wind_speed_missing_or_nonfinite;power_missing_or_nonfinite;
2017-03-12 10:00:00+00:00,,,,,Kelmarsh 3,2050,wind_speed_missing_or_nonfinite;power_missing_or_nonfinite;
2017-03-12 10:10:00+00:00,,,,,Kelmarsh 3,2050,wind_speed_missing_or_nonfinite;power_missing_or_nonfinite;
2017-03-12 10:20:00+00:00,,,,,Kelmarsh 3,2050,wind_speed_missing_or_nonfinite;power_missing_or_nonfinite;
2017-03-12 10:30:00+00:00,,,,,Kelmarsh 3,2050,wind_speed_missing_or_nonfinite;power_missing_or_nonfinite;
2017-03-12 10:40:00+00:00,,,,,Kelmarsh 3,2050,wind_speed_missing_or_nonfinite;power_missing_or_nonfinite;
2017-03-12 10:50:00+00:00,,,,,Kelmarsh 3,2050,wind_speed_missing_or_nonfinite;power_missing_or_nonfinite;
2017-03-12 11:00:00+00:00,,,,,Kelmarsh 3,2050,wind_speed_missing_or_nonfinite;power_missing_or_nonfinite;
2017-03-29 23:00:00+00:00,,,,,Kelmarsh 3,2050,wind_speed_missing_or_nonfinite;power_missing_or_nonfinite;
2017-05-19 14:20:00+00:00,,,,,Kelmarsh 3,2050,wind_speed_missing_or_nonfinite;power_missing_or_nonfinite;
2017-05-21 23:50:00+00:00,,,,,Kelmarsh 3,2050,wind_speed_missing_or_nonfinite;power_missing_or_nonfinite;
2017-06-04 16:00:00+00:00,,,,,Kelmarsh 3,2050,wind_speed_missing_or_nonfinite;power_missing_or_nonfinite;
2017-06-04 16:10:00+00:00,,,,,Kelmarsh 3,2050,wind_speed_missing_or_nonfinite;power_missing_or_nonfinite;
2017-06-04 16:20:00+00:00,,,,,Kelmarsh 3,2050,wind_speed_missing_or_nonfinite;power_missing_or_nonfinite;
2017-06-04 16:30:00+00:00,,,,,Kelmarsh 3,2050,wind_speed_missing_or_nonfinite;power_missing_or_nonfinite;
2017-06-27 08:00:00+00:00,,,,,Kelmarsh 3,2050,wind_speed_missing_or_nonfinite;power_missing_or_nonfinite;
2017-06-27 08:10:00+00:00,,,,,Kelmarsh 3,2050,wind_speed_missing_or_nonfinite;power_missing_or_nonfinite;
2017-06-27 08:20:00+00:00,,,,,Kelmarsh 3,2050,wind_speed_missing_or_nonfinite;power_missing_or_nonfinite;
2017-06-27 08:30:00+00:00,,,,,Kelmarsh 3,2050,wind_speed_missing_or_nonfinite;power_missing_or_nonfinite;
2017-06-27 08:40:00+00:00,,,,,Kelmarsh 3,2050,wind_speed_missing_or_nonfinite;power_missing_or_nonfinite;
2017-07-21 00:20:00+00:00,,,,,Kelmarsh 3,2050,wind_speed_missing_or_nonfinite;power_missing_or_nonfinite;
2017-08-01 09:20:00+00:00,,,,,Kelmarsh 3,2050,wind_speed_missing_or_nonfinite;power_missing_or_nonfinite;
2017-08-01 09:30:00+00:00,,,,,Kelmarsh 3,2050,wind_speed_missing_or_nonfinite;power_missing_or_nonfinite;
2017-08-01 09:40:00+00:00,,,,,Kelmarsh 3,2050,wind_speed_missing_or_nonfinite;power_missing_or_nonfinite;
2017-08-01 22:30:00+00:00,,,,,Kelmarsh 3,2050,wind_speed_missing_or_nonfinite;power_missing_or_nonfinite;
2017-08-01 22:40:00+00:00,,,,,Kelmarsh 3,2050,wind_speed_missing_or_nonfinite;power_missing_or_nonfinite;
2017-10-02 11:00:00+00:00,,,,,Kelmarsh 3,2050,wind_speed_missing_or_nonfinite;power_missing_or_nonfinite;
2017-10-02 11:10:00+00:00,,,,,Kelmarsh 3,2050,wind_speed_missing_or_nonfinite;power_missing_or_nonfinite;
2017-12-07 15:20:00+00:00,,,,,Kelmarsh 3,2050,wind_speed_missing_or_nonfinite;power_missing_or_nonfinite;
2017-12-07 15:30:00+00:00,,,,,Kelmarsh 3,2050,wind_speed_missing_or_nonfinite;power_missing_or_nonfinite;
2017-12-07 15:40:00+00:00,,,,,Kelmarsh 3,2050,wind_speed_missing_or_nonfinite;power_missing_or_nonfinite;
2017-12-07 15:50:00+00:00,,,,,Kelmarsh 3,2050,wind_speed_missing_or_nonfinite;power_missing_or_nonfinite;
2017-12-07 16:00:00+00:00,,,,,Kelmarsh 3,2050,wind_speed_missing_or_nonfinite;power_missing_or_nonfinite;
2017-01-07 01:20:00+00:00,,,,,Kelmarsh 4,2050,wind_speed_missing_or_nonfinite;power_missing_or_nonfinite;
2017-01-07 01:30:00+00:00,,,,,Kelmarsh 4,2050,wind_speed_missing_or_nonfinite;power_missing_or_nonfinite;
2017-01-07 01:40:00+00:00,,,,,Kelmarsh 4,2050,wind_speed_missing_or_nonfinite;power_missing_or_nonfinite;
2017-01-07 01:50:00+00:00,,,,,Kelmarsh 4,2050,wind_speed_missing_or_nonfinite;power_missing_or_nonfinite;
2017-01-07 02:00:00+00:00,,,,,Kelmarsh 4,2050,wind_speed_missing_or_nonfinite;power_missing_or_nonfinite;
2017-01-07 02:10:00+00:00,,,,,Kelmarsh 4,2050,wind_speed_missing_or_nonfinite;power_missing_or_nonfinite;
2017-01-07 02:20:00+00:00,,,,,Kelmarsh 4,2050,wind_speed_missing_or_nonfinite;power_missing_or_nonfinite;
2017-01-07 02:30:00+00:00,,,,,Kelmarsh 4,2050,wind_speed_missing_or_nonfinite;power_missing_or_nonfinite;
2017-01-07 02:40:00+00:00,,,,,Kelmarsh 4,2050,wind_speed_missing_or_nonfinite;power_missing_or_nonfinite;
2017-01-07 02:50:00+00:00,,,,,Kelmarsh 4,2050,wind_speed_missing_or_nonfinite;power_missing_or_nonfinite;
2017-01-07 03:00:00+00:00,,,,,Kelmarsh 4,2050,wind_speed_missing_or_nonfinite;power_missing_or_nonfinite;
2017-01-07 03:10:00+00:00,,,,,Kelmarsh 4,2050,wind_speed_missing_or_nonfinite;power_missing_or_nonfinite;
2017-01-07 03:20:00+00:00,,,,,Kelmarsh 4,2050,wind_speed_missing_or_nonfinite;power_missing_or_nonfinite;
2017-01-07 03:30:00+00:00,,,,,Kelmarsh 4,2050,wind_speed_missing_or_nonfinite;power_missing_or_nonfinite;
2017-01-07 03:40:00+00:00,,,,,Kelmarsh 4,2050,wind_speed_missing_or_nonfinite;power_missing_or_nonfinite;
2017-01-07 03:50:00+00:00,,,,,Kelmarsh 4,2050,wind_speed_missing_or_nonfinite;power_missing_or_nonfinite;
2017-01-07 04:00:00+00:00,,,,,Kelmarsh 4,2050,wind_speed_missing_or_nonfinite;power_missing_or_nonfinite;
2017-01-07 04:10:00+00:00,,,,,Kelmarsh 4,2050,wind_speed_missing_or_nonfinite;power_missing_or_nonfinite;
2017-01-07 04:20:00+00:00,,,,,Kelmarsh 4,2050,wind_speed_missing_or_nonfinite;power_missing_or_nonfinite;
2017-01-07 04:30:00+00:00,,,,,Kelmarsh 4,2050,wind_speed_missing_or_nonfinite;power_missing_or_nonfinite;
2017-01-07 04:40:00+00:00,,,,,Kelmarsh 4,2050,wind_speed_missing_or_nonfinite;power_missing_or_nonfinite;
2017-01-07 04:50:00+00:00,,,,,Kelmarsh 4,2050,wind_speed_missing_or_nonfinite;power_missing_or_nonfinite;
2017-01-07 05:00:00+00:00,,,,,Kelmarsh 4,2050,wind_speed_missing_or_nonfinite;power_missing_or_nonfinite;
2017-01-07 05:10:00+00:00,,,,,Kelmarsh 4,2050,wind_speed_missing_or_nonfinite;power_missing_or_nonfinite;
2017-01-07 05:20:00+00:00,,,,,Kelmarsh 4,2050,wind_speed_missing_or_nonfinite;power_missing_or_nonfinite;
2017-01-07 05:30:00+00:00,,,,,Kelmarsh 4,2050,wind_speed_missing_or_nonfinite;power_missing_or_nonfinite;
2017-01-07 05:40:00+00:00,,,,,Kelmarsh 4,2050,wind_speed_missing_or_nonfinite;power_missing_or_nonfinite;
2017-01-07 05:50:00+00:00,,,,,Kelmarsh 4,2050,wind_speed_missing_or_nonfinite;power_missing_or_nonfinite;
2017-01-07 06:00:00+00:00,,,,,Kelmarsh 4,2050,wind_speed_missing_or_nonfinite;power_missing_or_nonfinite;
2017-01-07 06:10:00+00:00,,,,,Kelmarsh 4,2050,wind_speed_missing_or_nonfinite;power_missing_or_nonfinite;
2017-01-07 06:20:00+00:00,,,,,Kelmarsh 4,2050,wind_speed_missing_or_nonfinite;power_missing_or_nonfinite;
2017-01-07 06:30:00+00:00,,,,,Kelmarsh 4,2050,wind_speed_missing_or_nonfinite;power_missing_or_nonfinite;
2017-01-07 06:40:00+00:00,,,,,Kelmarsh 4,2050,wind_speed_missing_or_nonfinite;power_missing_or_nonfinite;
2017-01-07 06:50:00+00:00,,,,,Kelmarsh 4,2050,wind_speed_missing_or_nonfinite;power_missing_or_nonfinite;
2017-01-07 07:00:00+00:00,,,,,Kelmarsh 4,2050,wind_speed_missing_or_nonfinite;power_missing_or_nonfinite;
2017-01-07 07:10:00+00:00,,,,,Kelmarsh 4,2050,wind_speed_missing_or_nonfinite;power_missing_or_nonfinite;
2017-01-07 07:20:00+00:00,,,,,Kelmarsh 4,2050,wind_speed_missing_or_nonfinite;power_missing_or_nonfinite;
2017-01-07 07:30:00+00:00,,,,,Kelmarsh 4,2050,wind_speed_missing_or_nonfinite;power_missing_or_nonfinite;
2017-01-07 07:40:00+00:00,,,,,Kelmarsh 4,2050,wind_speed_missing_or_nonfinite;power_missing_or_nonfinite;
2017-01-07 07:50:00+00:00,,,,,Kelmarsh 4,2050,wind_speed_missing_or_nonfinite;power_missing_or_nonfinite;
2017-01-07 08:00:00+00:00,,,,,Kelmarsh 4,2050,wind_speed_missing_or_nonfinite;power_missing_or_nonfinite;
2017-01-07 08:10:00+00:00,,,,,Kelmarsh 4,2050,wind_speed_missing_or_nonfinite;power_missing_or_nonfinite;
2017-01-07 08:20:00+00:00,,,,,Kelmarsh 4,2050,wind_speed_missing_or_nonfinite;power_missing_or_nonfinite;
2017-01-07 08:30:00+00:00,,,,,Kelmarsh 4,2050,wind_speed_missing_or_nonfinite;power_missing_or_nonfinite;
2017-01-07 08:40:00+00:00,,,,,Kelmarsh 4,2050,wind_speed_missing_or_nonfinite;power_missing_or_nonfinite;
2017-01-07 08:50:00+00:00,,,,,Kelmarsh 4,2050,wind_speed_missing_or_nonfinite;power_missing_or_nonfinite;
2017-01-07 09:00:00+00:00,,,,,Kelmarsh 4,2050,wind_speed_missing_or_nonfinite;power_missing_or_nonfinite;
2017-01-07 09:10:00+00:00,,,,,Kelmarsh 4,2050,wind_speed_missing_or_nonfinite;power_missing_or_nonfinite;
2017-01-07 09:20:00+00:00,,,,,Kelmarsh 4,2050,wind_speed_missing_or_nonfinite;power_missing_or_nonfinite;
2017-01-07 09:30:00+00:00,,,,,Kelmarsh 4,2050,wind_speed_missing_or_nonfinite;power_missing_or_nonfinite;
2017-01-07 09:40:00+00:00,,,,,Kelmarsh 4,2050,wind_speed_missing_or_nonfinite;power_missing_or_nonfinite;
2017-01-07 09:50:00+00:00,,,,,Kelmarsh 4,2050,wind_speed_missing_or_nonfinite;power_missing_or_nonfinite;
2017-01-07 10:00:00+00:00,,,,,Kelmarsh 4,2050,wind_speed_missing_or_nonfinite;power_missing_or_nonfinite;
2017-01-07 10:10:00+00:00,,,,,Kelmarsh 4,2050,wind_speed_missing_or_nonfinite;power_missing_or_nonfinite;
2017-01-07 10:20:00+00:00,,,,,Kelmarsh 4,2050,wind_speed_missing_or_nonfinite;power_missing_or_nonfinite;
2017-01-07 10:30:00+00:00,,,,,Kelmarsh 4,2050,wind_speed_missing_or_nonfinite;power_missing_or_nonfinite;
2017-01-07 10:40:00+00:00,,,,,Kelmarsh 4,2050,wind_speed_missing_or_nonfinite;power_missing_or_nonfinite;
2017-01-07 10:50:00+00:00,,,,,Kelmarsh 4,2050,wind_speed_missing_or_nonfinite;power_missing_or_nonfinite;
2017-01-07 11:00:00+00:00,,,,,Kelmarsh 4,2050,wind_speed_missing_or_nonfinite;power_missing_or_nonfinite;
2017-01-07 11:10:00+00:00,,,,,Kelmarsh 4,2050,wind_speed_missing_or_nonfinite;power_missing_or_nonfinite;
2017-01-07 11:20:00+00:00,,,,,Kelmarsh 4,2050,wind_speed_missing_or_nonfinite;power_missing_or_nonfinite;
2017-01-07 11:30:00+00:00,,,,,Kelmarsh 4,2050,wind_speed_missing_or_nonfinite;power_missing_or_nonfinite;
2017-01-07 11:40:00+00:00,,,,,Kelmarsh 4,2050,wind_speed_missing_or_nonfinite;power_missing_or_nonfinite;
2017-01-07 11:50:00+00:00,,,,,Kelmarsh 4,2050,wind_speed_missing_or_nonfinite;power_missing_or_nonfinite;
2017-01-07 12:00:00+00:00,,,,,Kelmarsh 4,2050,wind_speed_missing_or_nonfinite;power_missing_or_nonfinite;
2017-01-07 12:10:00+00:00,,,,,Kelmarsh 4,2050,wind_speed_missing_or_nonfinite;power_missing_or_nonfinite;
2017-01-07 12:20:00+00:00,,,,,Kelmarsh 4,2050,wind_speed_missing_or_nonfinite;power_missing_or_nonfinite;
2017-01-07 12:30:00+00:00,,,,,Kelmarsh 4,2050,wind_speed_missing_or_nonfinite;power_missing_or_nonfinite;
2017-01-07 12:40:00+00:00,,,,,Kelmarsh 4,2050,wind_speed_missing_or_nonfinite;power_missing_or_nonfinite;
2017-01-07 12:50:00+00:00,,,,,Kelmarsh 4,2050,wind_speed_missing_or_nonfinite;power_missing_or_nonfinite;
2017-01-08 14:50:00+00:00,,,,,Kelmarsh 4,2050,wind_speed_missing_or_nonfinite;power_missing_or_nonfinite;
2017-01-08 15:00:00+00:00,,,,,Kelmarsh 4,2050,wind_speed_missing_or_nonfinite;power_missing_or_nonfinite;
2017-01-08 15:10:00+00:00,,,,,Kelmarsh 4,2050,wind_speed_missing_or_nonfinite;power_missing_or_nonfinite;
2017-01-08 15:20:00+00:00,,,,,Kelmarsh 4,2050,wind_speed_missing_or_nonfinite;power_missing_or_nonfinite;
2017-01-08 15:30:00+00:00,,,,,Kelmarsh 4,2050,wind_speed_missing_or_nonfinite;power_missing_or_nonfinite;
2017-01-08 15:40:00+00:00,,,,,Kelmarsh 4,2050,wind_speed_missing_or_nonfinite;power_missing_or_nonfinite;
2017-01-09 02:30:00+00:00,,,,,Kelmarsh 4,2050,wind_speed_missing_or_nonfinite;power_missing_or_nonfinite;
2017-01-09 02:40:00+00:00,,,,,Kelmarsh 4,2050,wind_speed_missing_or_nonfinite;power_missing_or_nonfinite;
2017-01-09 02:50:00+00:00,,,,,Kelmarsh 4,2050,wind_speed_missing_or_nonfinite;power_missing_or_nonfinite;
2017-01-09 03:00:00+00:00,,,,,Kelmarsh 4,2050,wind_speed_missing_or_nonfinite;power_missing_or_nonfinite;
2017-01-09 03:10:00+00:00,,,,,Kelmarsh 4,2050,wind_speed_missing_or_nonfinite;power_missing_or_nonfinite;
2017-01-09 03:20:00+00:00,,,,,Kelmarsh 4,2050,wind_speed_missing_or_nonfinite;power_missing_or_nonfinite;
2017-01-09 03:30:00+00:00,,,,,Kelmarsh 4,2050,wind_speed_missing_or_nonfinite;power_missing_or_nonfinite;
2017-01-09 03:40:00+00:00,,,,,Kelmarsh 4,2050,wind_speed_missing_or_nonfinite;power_missing_or_nonfinite;
2017-01-09 03:50:00+00:00,,,,,Kelmarsh 4,2050,wind_speed_missing_or_nonfinite;power_missing_or_nonfinite;
2017-01-09 04:00:00+00:00,,,,,Kelmarsh 4,2050,wind_speed_missing_or_nonfinite;power_missing_or_nonfinite;
2017-01-09 04:10:00+00:00,,,,,Kelmarsh 4,2050,wind_speed_missing_or_nonfinite;power_missing_or_nonfinite;
2017-01-09 04:20:00+00:00,,,,,Kelmarsh 4,2050,wind_speed_missing_or_nonfinite;power_missing_or_nonfinite;
2017-01-09 04:30:00+00:00,,,,,Kelmarsh 4,2050,wind_speed_missing_or_nonfinite;power_missing_or_nonfinite;
2017-01-09 04:40:00+00:00,,,,,Kelmarsh 4,2050,wind_speed_missing_or_nonfinite;power_missing_or_nonfinite;
2017-01-09 04:50:00+00:00,,,,,Kelmarsh 4,2050,wind_speed_missing_or_nonfinite;power_missing_or_nonfinite;
2017-01-09 05:00:00+00:00,,,,,Kelmarsh 4,2050,wind_speed_missing_or_nonfinite;power_missing_or_nonfinite;
2017-01-09 05:10:00+00:00,,,,,Kelmarsh 4,2050,wind_speed_missing_or_nonfinite;power_missing_or_nonfinite;
2017-01-09 05:20:00+00:00,,,,,Kelmarsh 4,2050,wind_speed_missing_or_nonfinite;power_missing_or_nonfinite;
2017-01-09 05:30:00+00:00,,,,,Kelmarsh 4,2050,wind_speed_missing_or_nonfinite;power_missing_or_nonfinite;
2017-01-09 05:40:00+00:00,,,,,Kelmarsh 4,2050,wind_speed_missing_or_nonfinite;power_missing_or_nonfinite;
2017-01-10 15:00:00+00:00,,,,,Kelmarsh 4,2050,wind_speed_missing_or_nonfinite;power_missing_or_nonfinite;
2017-01-10 15:10:00+00:00,,,,,Kelmarsh 4,2050,wind_speed_missing_or_nonfinite;power_missing_or_nonfinite;
2017-01-10 15:20:00+00:00,,,,,Kelmarsh 4,2050,wind_speed_missing_or_nonfinite;power_missing_or_nonfinite;
2017-01-10 15:30:00+00:00,,,,,Kelmarsh 4,2050,wind_speed_missing_or_nonfinite;power_missing_or_nonfinite;
2017-01-10 15:40:00+00:00,,,,,Kelmarsh 4,2050,wind_speed_missing_or_nonfinite;power_missing_or_nonfinite;
2017-01-10 15:50:00+00:00,,,,,Kelmarsh 4,2050,wind_speed_missing_or_nonfinite;power_missing_or_nonfinite;
2017-01-10 16:00:00+00:00,,,,,Kelmarsh 4,2050,wind_speed_missing_or_nonfinite;power_missing_or_nonfinite;
2017-01-10 16:10:00+00:00,,,,,Kelmarsh 4,2050,wind_speed_missing_or_nonfinite;power_missing_or_nonfinite;
2017-01-10 16:20:00+00:00,,,,,Kelmarsh 4,2050,wind_speed_missing_or_nonfinite;power_missing_or_nonfinite;
2017-01-10 16:30:00+00:00,,,,,Kelmarsh 4,2050,wind_speed_missing_or_nonfinite;power_missing_or_nonfinite;
2017-01-10 16:40:00+00:00,,,,,Kelmarsh 4,2050,wind_speed_missing_or_nonfinite;power_missing_or_nonfinite;
2017-01-10 16:50:00+00:00,,,,,Kelmarsh 4,2050,wind_speed_missing_or_nonfinite;power_missing_or_nonfinite;
2017-01-10 17:00:00+00:00,,,,,Kelmarsh 4,2050,wind_speed_missing_or_nonfinite;power_missing_or_nonfinite;
2017-01-10 17:10:00+00:00,,,,,Kelmarsh 4,2050,wind_speed_missing_or_nonfinite;power_missing_or_nonfinite;
2017-01-10 17:20:00+00:00,,,,,Kelmarsh 4,2050,wind_speed_missing_or_nonfinite;power_missing_or_nonfinite;
2017-01-10 17:30:00+00:00,,,,,Kelmarsh 4,2050,wind_speed_missing_or_nonfinite;power_missing_or_nonfinite;
2017-01-10 17:40:00+00:00,,,,,Kelmarsh 4,2050,wind_speed_missing_or_nonfinite;power_missing_or_nonfinite;
2017-01-10 17:50:00+00:00,,,,,Kelmarsh 4,2050,wind_speed_missing_or_nonfinite;power_missing_or_nonfinite;
2017-01-10 18:00:00+00:00,,,,,Kelmarsh 4,2050,wind_speed_missing_or_nonfinite;power_missing_or_nonfinite;
2017-01-10 18:10:00+00:00,,,,,Kelmarsh 4,2050,wind_speed_missing_or_nonfinite;power_missing_or_nonfinite;
2017-01-10 18:20:00+00:00,,,,,Kelmarsh 4,2050,wind_speed_missing_or_nonfinite;power_missing_or_nonfinite;
2017-01-10 18:30:00+00:00,,,,,Kelmarsh 4,2050,wind_speed_missing_or_nonfinite;power_missing_or_nonfinite;
2017-01-10 18:40:00+00:00,,,,,Kelmarsh 4,2050,wind_speed_missing_or_nonfinite;power_missing_or_nonfinite;
2017-01-10 18:50:00+00:00,,,,,Kelmarsh 4,2050,wind_speed_missing_or_nonfinite;power_missing_or_nonfinite;
2017-01-10 19:00:00+00:00,,,,,Kelmarsh 4,2050,wind_speed_missing_or_nonfinite;power_missing_or_nonfinite;
2017-01-10 19:10:00+00:00,,,,,Kelmarsh 4,2050,wind_speed_missing_or_nonfinite;power_missing_or_nonfinite;
2017-01-10 19:20:00+00:00,,,,,Kelmarsh 4,2050,wind_speed_missing_or_nonfinite;power_missing_or_nonfinite;
2017-01-10 19:30:00+00:00,,,,,Kelmarsh 4,2050,wind_speed_missing_or_nonfinite;power_missing_or_nonfinite;
2017-01-11 20:50:00+00:00,,,,,Kelmarsh 4,2050,wind_speed_missing_or_nonfinite;power_missing_or_nonfinite;
2017-01-11 21:00:00+00:00,,,,,Kelmarsh 4,2050,wind_speed_missing_or_nonfinite;power_missing_or_nonfinite;
2017-01-11 21:10:00+00:00,,,,,Kelmarsh 4,2050,wind_speed_missing_or_nonfinite;power_missing_or_nonfinite;
2017-01-11 21:20:00+00:00,,,,,Kelmarsh 4,2050,wind_speed_missing_or_nonfinite;power_missing_or_nonfinite;
2017-01-11 21:30:00+00:00,,,,,Kelmarsh 4,2050,wind_speed_missing_or_nonfinite;power_missing_or_nonfinite;
2017-01-12 05:40:00+00:00,,,,,Kelmarsh 4,2050,wind_speed_missing_or_nonfinite;power_missing_or_nonfinite;
2017-01-12 05:50:00+00:00,,,,,Kelmarsh 4,2050,wind_speed_missing_or_nonfinite;power_missing_or_nonfinite;
2017-01-12 06:00:00+00:00,,,,,Kelmarsh 4,2050,wind_speed_missing_or_nonfinite;power_missing_or_nonfinite;
2017-01-12 06:10:00+00:00,,,,,Kelmarsh 4,2050,wind_speed_missing_or_nonfinite;power_missing_or_nonfinite;
2017-01-12 06:20:00+00:00,,,,,Kelmarsh 4,2050,wind_speed_missing_or_nonfinite;power_missing_or_nonfinite;
2017-01-12 06:30:00+00:00,,,,,Kelmarsh 4,2050,wind_speed_missing_or_nonfinite;power_missing_or_nonfinite;
2017-01-12 06:40:00+00:00,,,,,Kelmarsh 4,2050,wind_speed_missing_or_nonfinite;power_missing_or_nonfinite;
2017-01-12 06:50:00+00:00,,,,,Kelmarsh 4,2050,wind_speed_missing_or_nonfinite;power_missing_or_nonfinite;
2017-01-12 07:00:00+00:00,,,,,Kelmarsh 4,2050,wind_speed_missing_or_nonfinite;power_missing_or_nonfinite;
2017-01-12 07:10:00+00:00,,,,,Kelmarsh 4,2050,wind_speed_missing_or_nonfinite;power_missing_or_nonfinite;
2017-01-12 07:20:00+00:00,,,,,Kelmarsh 4,2050,wind_speed_missing_or_nonfinite;power_missing_or_nonfinite;
2017-01-12 07:30:00+00:00,,,,,Kelmarsh 4,2050,wind_speed_missing_or_nonfinite;power_missing_or_nonfinite;
2017-01-12 07:40:00+00:00,,,,,Kelmarsh 4,2050,wind_speed_missing_or_nonfinite;power_missing_or_nonfinite;
2017-01-12 07:50:00+00:00,,,,,Kelmarsh 4,2050,wind_speed_missing_or_nonfinite;power_missing_or_nonfinite;
2017-01-12 08:00:00+00:00,,,,,Kelmarsh 4,2050,wind_speed_missing_or_nonfinite;power_missing_or_nonfinite;
2017-01-12 08:10:00+00:00,,,,,Kelmarsh 4,2050,wind_speed_missing_or_nonfinite;power_missing_or_nonfinite;
2017-01-12 08:20:00+00:00,,,,,Kelmarsh 4,2050,wind_speed_missing_or_nonfinite;power_missing_or_nonfinite;
2017-01-12 08:30:00+00:00,,,,,Kelmarsh 4,2050,wind_speed_missing_or_nonfinite;power_missing_or_nonfinite;
2017-01-12 08:40:00+00:00,,,,,Kelmarsh 4,2050,wind_speed_missing_or_nonfinite;power_missing_or_nonfinite;
2017-01-12 08:50:00+00:00,,,,,Kelmarsh 4,2050,wind_speed_missing_or_nonfinite;power_missing_or_nonfinite;
2017-01-12 09:00:00+00:00,,,,,Kelmarsh 4,2050,wind_speed_missing_or_nonfinite;power_missing_or_nonfinite;
2017-01-12 09:10:00+00:00,,,,,Kelmarsh 4,2050,wind_speed_missing_or_nonfinite;power_missing_or_nonfinite;
2017-01-12 09:20:00+00:00,,,,,Kelmarsh 4,2050,wind_speed_missing_or_nonfinite;power_missing_or_nonfinite;
2017-01-12 09:30:00+00:00,,,,,Kelmarsh 4,2050,wind_speed_missing_or_nonfinite;power_missing_or_nonfinite;
2017-01-12 09:40:00+00:00,,,,,Kelmarsh 4,2050,wind_speed_missing_or_nonfinite;power_missing_or_nonfinite;
2017-01-12 09:50:00+00:00,,,,,Kelmarsh 4,2050,wind_speed_missing_or_nonfinite;power_missing_or_nonfinite;
2017-01-12 10:00:00+00:00,,,,,Kelmarsh 4,2050,wind_speed_missing_or_nonfinite;power_missing_or_nonfinite;
2017-01-12 10:10:00+00:00,,,,,Kelmarsh 4,2050,wind_speed_missing_or_nonfinite;power_missing_or_nonfinite;
2017-01-12 10:20:00+00:00,,,,,Kelmarsh 4,2050,wind_speed_missing_or_nonfinite;power_missing_or_nonfinite;
2017-01-12 10:30:00+00:00,,,,,Kelmarsh 4,2050,wind_speed_missing_or_nonfinite;power_missing_or_nonfinite;
2017-01-25 07:40:00+00:00,,,,,Kelmarsh 4,2050,wind_speed_missing_or_nonfinite;power_missing_or_nonfinite;
2017-01-25 07:50:00+00:00,,,,,Kelmarsh 4,2050,wind_speed_missing_or_nonfinite;power_missing_or_nonfinite;
2017-01-25 08:00:00+00:00,,,,,Kelmarsh 4,2050,wind_speed_missing_or_nonfinite;power_missing_or_nonfinite;
2017-01-25 08:10:00+00:00,,,,,Kelmarsh 4,2050,wind_speed_missing_or_nonfinite;power_missing_or_nonfinite;
2017-01-25 08:20:00+00:00,,,,,Kelmarsh 4,2050,wind_speed_missing_or_nonfinite;power_missing_or_nonfinite;
2017-01-25 08:30:00+00:00,,,,,Kelmarsh 4,2050,wind_speed_missing_or_nonfinite;power_missing_or_nonfinite;
2017-01-25 08:40:00+00:00,,,,,Kelmarsh 4,2050,wind_speed_missing_or_nonfinite;power_missing_or_nonfinite;
2017-01-25 08:50:00+00:00,,,,,Kelmarsh 4,2050,wind_speed_missing_or_nonfinite;power_missing_or_nonfinite;
2017-01-25 09:00:00+00:00,,,,,Kelmarsh 4,2050,wind_speed_missing_or_nonfinite;power_missing_or_nonfinite;
2017-01-25 09:10:00+00:00,,,,,Kelmarsh 4,2050,wind_speed_missing_or_nonfinite;power_missing_or_nonfinite;
2017-01-25 09:20:00+00:00,,,,,Kelmarsh 4,2050,wind_speed_missing_or_nonfinite;power_missing_or_nonfinite;
2017-01-25 09:30:00+00:00,,,,,Kelmarsh 4,2050,wind_speed_missing_or_nonfinite;power_missing_or_nonfinite;
2017-01-25 09:40:00+00:00,,,,,Kelmarsh 4,2050,wind_speed_missing_or_nonfinite;power_missing_or_nonfinite;
2017-01-25 09:50:00+00:00,,,,,Kelmarsh 4,2050,wind_speed_missing_or_nonfinite;power_missing_or_nonfinite;
2017-01-25 10:00:00+00:00,,,,,Kelmarsh 4,2050,wind_speed_missing_or_nonfinite;power_missing_or_nonfinite;
2017-01-25 10:10:00+00:00,,,,,Kelmarsh 4,2050,wind_speed_missing_or_nonfinite;power_missing_or_nonfinite;
2017-01-25 10:20:00+00:00,,,,,Kelmarsh 4,2050,wind_speed_missing_or_nonfinite;power_missing_or_nonfinite;
2017-01-25 10:30:00+00:00,,,,,Kelmarsh 4,2050,wind_speed_missing_or_nonfinite;power_missing_or_nonfinite;
2017-01-25 10:40:00+00:00,,,,,Kelmarsh 4,2050,wind_speed_missing_or_nonfinite;power_missing_or_nonfinite;
2017-01-25 10:50:00+00:00,,,,,Kelmarsh 4,2050,wind_speed_missing_or_nonfinite;power_missing_or_nonfinite;
2017-01-25 11:00:00+00:00,,,,,Kelmarsh 4,2050,wind_speed_missing_or_nonfinite;power_missing_or_nonfinite;
2017-01-25 11:10:00+00:00,,,,,Kelmarsh 4,2050,wind_speed_missing_or_nonfinite;power_missing_or_nonfinite;
2017-01-25 11:20:00+00:00,,,,,Kelmarsh 4,2050,wind_speed_missing_or_nonfinite;power_missing_or_nonfinite;
2017-01-25 11:30:00+00:00,,,,,Kelmarsh 4,2050,wind_speed_missing_or_nonfinite;power_missing_or_nonfinite;
2017-01-25 11:40:00+00:00,,,,,Kelmarsh 4,2050,wind_speed_missing_or_nonfinite;power_missing_or_nonfinite;
2017-01-25 11:50:00+00:00,,,,,Kelmarsh 4,2050,wind_speed_missing_or_nonfinite;power_missing_or_nonfinite;
2017-01-25 12:00:00+00:00,,,,,Kelmarsh 4,2050,wind_speed_missing_or_nonfinite;power_missing_or_nonfinite;
2017-01-25 12:10:00+00:00,,,,,Kelmarsh 4,2050,wind_speed_missing_or_nonfinite;power_missing_or_nonfinite;
2017-01-25 12:20:00+00:00,,,,,Kelmarsh 4,2050,wind_speed_missing_or_nonfinite;power_missing_or_nonfinite;
2017-01-25 12:30:00+00:00,,,,,Kelmarsh 4,2050,wind_speed_missing_or_nonfinite;power_missing_or_nonfinite;
2017-01-25 12:40:00+00:00,,,,,Kelmarsh 4,2050,wind_speed_missing_or_nonfinite;power_missing_or_nonfinite;
2017-01-25 12:50:00+00:00,,,,,Kelmarsh 4,2050,wind_speed_missing_or_nonfinite;power_missing_or_nonfinite;
2017-01-25 13:00:00+00:00,,,,,Kelmarsh 4,2050,wind_speed_missing_or_nonfinite;power_missing_or_nonfinite;
2017-01-25 13:10:00+00:00,,,,,Kelmarsh 4,2050,wind_speed_missing_or_nonfinite;power_missing_or_nonfinite;
2017-01-25 13:20:00+00:00,,,,,Kelmarsh 4,2050,wind_speed_missing_or_nonfinite;power_missing_or_nonfinite;
2017-01-25 13:30:00+00:00,,,,,Kelmarsh 4,2050,wind_speed_missing_or_nonfinite;power_missing_or_nonfinite;
2017-01-25 13:40:00+00:00,,,,,Kelmarsh 4,2050,wind_speed_missing_or_nonfinite;power_missing_or_nonfinite;
2017-01-25 13:50:00+00:00,,,,,Kelmarsh 4,2050,wind_speed_missing_or_nonfinite;power_missing_or_nonfinite;
2017-01-25 14:00:00+00:00,,,,,Kelmarsh 4,2050,wind_speed_missing_or_nonfinite;power_missing_or_nonfinite;
2017-01-25 14:10:00+00:00,,,,,Kelmarsh 4,2050,wind_speed_missing_or_nonfinite;power_missing_or_nonfinite;
2017-01-25 14:20:00+00:00,,,,,Kelmarsh 4,2050,wind_speed_missing_or_nonfinite;power_missing_or_nonfinite;
2017-01-25 14:30:00+00:00,,,,,Kelmarsh 4,2050,wind_speed_missing_or_nonfinite;power_missing_or_nonfinite;
2017-01-25 14:40:00+00:00,,,,,Kelmarsh 4,2050,wind_speed_missing_or_nonfinite;power_missing_or_nonfinite;
2017-01-25 14:50:00+00:00,,,,,Kelmarsh 4,2050,wind_speed_missing_or_nonfinite;power_missing_or_nonfinite;
2017-01-25 15:00:00+00:00,,,,,Kelmarsh 4,2050,wind_speed_missing_or_nonfinite;power_missing_or_nonfinite;
2017-01-25 15:10:00+00:00,,,,,Kelmarsh 4,2050,wind_speed_missing_or_nonfinite;power_missing_or_nonfinite;
2017-01-25 15:20:00+00:00,,,,,Kelmarsh 4,2050,wind_speed_missing_or_nonfinite;power_missing_or_nonfinite;
2017-01-25 15:30:00+00:00,,,,,Kelmarsh 4,2050,wind_speed_missing_or_nonfinite;power_missing_or_nonfinite;
2017-01-25 15:40:00+00:00,,,,,Kelmarsh 4,2050,wind_speed_missing_or_nonfinite;power_missing_or_nonfinite;
2017-01-25 15:50:00+00:00,,,,,Kelmarsh 4,2050,wind_speed_missing_or_nonfinite;power_missing_or_nonfinite;
2017-01-25 16:00:00+00:00,,,,,Kelmarsh 4,2050,wind_speed_missing_or_nonfinite;power_missing_or_nonfinite;
2017-01-25 16:10:00+00:00,,,,,Kelmarsh 4,2050,wind_speed_missing_or_nonfinite;power_missing_or_nonfinite;
2017-01-25 16:20:00+00:00,,,,,Kelmarsh 4,2050,wind_speed_missing_or_nonfinite;power_missing_or_nonfinite;
2017-01-25 16:30:00+00:00,,,,,Kelmarsh 4,2050,wind_speed_missing_or_nonfinite;power_missing_or_nonfinite;
2017-01-25 16:40:00+00:00,,,,,Kelmarsh 4,2050,wind_speed_missing_or_nonfinite;power_missing_or_nonfinite;
2017-01-25 16:50:00+00:00,,,,,Kelmarsh 4,2050,wind_speed_missing_or_nonfinite;power_missing_or_nonfinite;
2017-01-25 17:00:00+00:00,,,,,Kelmarsh 4,2050,wind_speed_missing_or_nonfinite;power_missing_or_nonfinite;
2017-01-25 17:10:00+00:00,,,,,Kelmarsh 4,2050,wind_speed_missing_or_nonfinite;power_missing_or_nonfinite;
2017-01-25 17:20:00+00:00,,,,,Kelmarsh 4,2050,wind_speed_missing_or_nonfinite;power_missing_or_nonfinite;
2017-01-25 17:30:00+00:00,,,,,Kelmarsh 4,2050,wind_speed_missing_or_nonfinite;power_missing_or_nonfinite;
2017-01-25 17:40:00+00:00,,,,,Kelmarsh 4,2050,wind_speed_missing_or_nonfinite;power_missing_or_nonfinite;
2017-01-25 17:50:00+00:00,,,,,Kelmarsh 4,2050,wind_speed_missing_or_nonfinite;power_missing_or_nonfinite;
2017-01-25 18:00:00+00:00,,,,,Kelmarsh 4,2050,wind_speed_missing_or_nonfinite;power_missing_or_nonfinite;
2017-01-25 18:10:00+00:00,,,,,Kelmarsh 4,2050,wind_speed_missing_or_nonfinite;power_missing_or_nonfinite;
2017-01-25 18:20:00+00:00,,,,,Kelmarsh 4,2050,wind_speed_missing_or_nonfinite;power_missing_or_nonfinite;
2017-01-25 18:30:00+00:00,,,,,Kelmarsh 4,2050,wind_speed_missing_or_nonfinite;power_missing_or_nonfinite;
2017-01-25 18:40:00+00:00,,,,,Kelmarsh 4,2050,wind_speed_missing_or_nonfinite;power_missing_or_nonfinite;
2017-01-25 18:50:00+00:00,,,,,Kelmarsh 4,2050,wind_speed_missing_or_nonfinite;power_missing_or_nonfinite;
2017-01-25 19:00:00+00:00,,,,,Kelmarsh 4,2050,wind_speed_missing_or_nonfinite;power_missing_or_nonfinite;
2017-01-25 19:10:00+00:00,,,,,Kelmarsh 4,2050,wind_speed_missing_or_nonfinite;power_missing_or_nonfinite;
2017-01-25 19:20:00+00:00,,,,,Kelmarsh 4,2050,wind_speed_missing_or_nonfinite;power_missing_or_nonfinite;
2017-01-25 19:30:00+00:00,,,,,Kelmarsh 4,2050,wind_speed_missing_or_nonfinite;power_missing_or_nonfinite;
2017-01-25 19:40:00+00:00,,,,,Kelmarsh 4,2050,wind_speed_missing_or_nonfinite;power_missing_or_nonfinite;
2017-01-25 19:50:00+00:00,,,,,Kelmarsh 4,2050,wind_speed_missing_or_nonfinite;power_missing_or_nonfinite;
2017-01-25 20:00:00+00:00,,,,,Kelmarsh 4,2050,wind_speed_missing_or_nonfinite;power_missing_or_nonfinite;
2017-01-25 20:10:00+00:00,,,,,Kelmarsh 4,2050,wind_speed_missing_or_nonfinite;power_missing_or_nonfinite;
2017-01-25 20:20:00+00:00,,,,,Kelmarsh 4,2050,wind_speed_missing_or_nonfinite;power_missing_or_nonfinite;
2017-01-28 08:00:00+00:00,,,,,Kelmarsh 4,2050,wind_speed_missing_or_nonfinite;power_missing_or_nonfinite;
2017-01-28 08:10:00+00:00,,,,,Kelmarsh 4,2050,wind_speed_missing_or_nonfinite;power_missing_or_nonfinite;
2017-01-28 08:20:00+00:00,,,,,Kelmarsh 4,2050,wind_speed_missing_or_nonfinite;power_missing_or_nonfinite;
2017-01-28 08:30:00+00:00,,,,,Kelmarsh 4,2050,wind_speed_missing_or_nonfinite;power_missing_or_nonfinite;
2017-01-28 08:40:00+00:00,,,,,Kelmarsh 4,2050,wind_speed_missing_or_nonfinite;power_missing_or_nonfinite;
2017-01-28 08:50:00+00:00,,,,,Kelmarsh 4,2050,wind_speed_missing_or_nonfinite;power_missing_or_nonfinite;
2017-01-28 09:00:00+00:00,,,,,Kelmarsh 4,2050,wind_speed_missing_or_nonfinite;power_missing_or_nonfinite;
2017-01-28 09:10:00+00:00,,,,,Kelmarsh 4,2050,wind_speed_missing_or_nonfinite;power_missing_or_nonfinite;
2017-01-28 09:20:00+00:00,,,,,Kelmarsh 4,2050,wind_speed_missing_or_nonfinite;power_missing_or_nonfinite;
2017-01-28 09:30:00+00:00,,,,,Kelmarsh 4,2050,wind_speed_missing_or_nonfinite;power_missing_or_nonfinite;
2017-01-28 09:40:00+00:00,,,,,Kelmarsh 4,2050,wind_speed_missing_or_nonfinite;power_missing_or_nonfinite;
2017-02-10 13:40:00+00:00,,,,,Kelmarsh 4,2050,wind_speed_missing_or_nonfinite;power_missing_or_nonfinite;
2017-02-10 14:20:00+00:00,,,,,Kelmarsh 4,2050,wind_speed_missing_or_nonfinite;power_missing_or_nonfinite;
2017-02-10 14:30:00+00:00,,,,,Kelmarsh 4,2050,wind_speed_missing_or_nonfinite;power_missing_or_nonfinite;
2017-02-10 14:40:00+00:00,,,,,Kelmarsh 4,2050,wind_speed_missing_or_nonfinite;power_missing_or_nonfinite;
2017-02-22 13:50:00+00:00,,,,,Kelmarsh 4,2050,wind_speed_missing_or_nonfinite;power_missing_or_nonfinite;
2017-03-02 12:50:00+00:00,,,,,Kelmarsh 4,2050,wind_speed_missing_or_nonfinite;power_missing_or_nonfinite;
2017-03-02 13:00:00+00:00,,,,,Kelmarsh 4,2050,wind_speed_missing_or_nonfinite;power_missing_or_nonfinite;
2017-03-02 13:10:00+00:00,,,,,Kelmarsh 4,2050,wind_speed_missing_or_nonfinite;power_missing_or_nonfinite;
2017-03-02 13:20:00+00:00,,,,,Kelmarsh 4,2050,wind_speed_missing_or_nonfinite;power_missing_or_nonfinite;
2017-03-02 13:30:00+00:00,,,,,Kelmarsh 4,2050,wind_speed_missing_or_nonfinite;power_missing_or_nonfinite;
2017-03-02 13:40:00+00:00,,,,,Kelmarsh 4,2050,wind_speed_missing_or_nonfinite;power_missing_or_nonfinite;
2017-03-02 13:50:00+00:00,,,,,Kelmarsh 4,2050,wind_speed_missing_or_nonfinite;power_missing_or_nonfinite;
2017-03-02 14:00:00+00:00,,,,,Kelmarsh 4,2050,wind_speed_missing_or_nonfinite;power_missing_or_nonfinite;
2017-03-11 00:00:00+00:00,,,,,Kelmarsh 4,2050,wind_speed_missing_or_nonfinite;power_missing_or_nonfinite;
2017-03-11 00:10:00+00:00,,,,,Kelmarsh 4,2050,wind_speed_missing_or_nonfinite;power_missing_or_nonfinite;
2017-03-11 00:20:00+00:00,,,,,Kelmarsh 4,2050,wind_speed_missing_or_nonfinite;power_missing_or_nonfinite;
2017-03-11 00:30:00+00:00,,,,,Kelmarsh 4,2050,wind_speed_missing_or_nonfinite;power_missing_or_nonfinite;
2017-03-11 00:40:00+00:00,,,,,Kelmarsh 4,2050,wind_speed_missing_or_nonfinite;power_missing_or_nonfinite;
2017-03-11 00:50:00+00:00,,,,,Kelmarsh 4,2050,wind_speed_missing_or_nonfinite;power_missing_or_nonfinite;
2017-03-11 01:00:00+00:00,,,,,Kelmarsh 4,2050,wind_speed_missing_or_nonfinite;power_missing_or_nonfinite;
2017-03-11 01:10:00+00:00,,,,,Kelmarsh 4,2050,wind_speed_missing_or_nonfinite;power_missing_or_nonfinite;
2017-03-11 01:20:00+00:00,,,,,Kelmarsh 4,2050,wind_speed_missing_or_nonfinite;power_missing_or_nonfinite;
2017-03-11 01:30:00+00:00,,,,,Kelmarsh 4,2050,wind_speed_missing_or_nonfinite;power_missing_or_nonfinite;
2017-03-11 01:40:00+00:00,,,,,Kelmarsh 4,2050,wind_speed_missing_or_nonfinite;power_missing_or_nonfinite;
2017-03-11 01:50:00+00:00,,,,,Kelmarsh 4,2050,wind_speed_missing_or_nonfinite;power_missing_or_nonfinite;
2017-03-11 02:00:00+00:00,,,,,Kelmarsh 4,2050,wind_speed_missing_or_nonfinite;power_missing_or_nonfinite;
2017-03-11 02:10:00+00:00,,,,,Kelmarsh 4,2050,wind_speed_missing_or_nonfinite;power_missing_or_nonfinite;
2017-03-11 02:20:00+00:00,,,,,Kelmarsh 4,2050,wind_speed_missing_or_nonfinite;power_missing_or_nonfinite;
2017-03-11 02:30:00+00:00,,,,,Kelmarsh 4,2050,wind_speed_missing_or_nonfinite;power_missing_or_nonfinite;
2017-03-11 02:40:00+00:00,,,,,Kelmarsh 4,2050,wind_speed_missing_or_nonfinite;power_missing_or_nonfinite;
2017-03-11 02:50:00+00:00,,,,,Kelmarsh 4,2050,wind_speed_missing_or_nonfinite;power_missing_or_nonfinite;
2017-03-11 03:00:00+00:00,,,,,Kelmarsh 4,2050,wind_speed_missing_or_nonfinite;power_missing_or_nonfinite;
2017-03-11 03:10:00+00:00,,,,,Kelmarsh 4,2050,wind_speed_missing_or_nonfinite;power_missing_or_nonfinite;
2017-03-11 03:20:00+00:00,,,,,Kelmarsh 4,2050,wind_speed_missing_or_nonfinite;power_missing_or_nonfinite;
2017-03-11 03:30:00+00:00,,,,,Kelmarsh 4,2050,wind_speed_missing_or_nonfinite;power_missing_or_nonfinite;
2017-03-11 03:40:00+00:00,,,,,Kelmarsh 4,2050,wind_speed_missing_or_nonfinite;power_missing_or_nonfinite;
2017-03-11 03:50:00+00:00,,,,,Kelmarsh 4,2050,wind_speed_missing_or_nonfinite;power_missing_or_nonfinite;
2017-03-11 04:00:00+00:00,,,,,Kelmarsh 4,2050,wind_speed_missing_or_nonfinite;power_missing_or_nonfinite;
2017-03-11 04:10:00+00:00,,,,,Kelmarsh 4,2050,wind_speed_missing_or_nonfinite;power_missing_or_nonfinite;
2017-03-11 04:20:00+00:00,,,,,Kelmarsh 4,2050,wind_speed_missing_or_nonfinite;power_missing_or_nonfinite;
2017-03-11 04:30:00+00:00,,,,,Kelmarsh 4,2050,wind_speed_missing_or_nonfinite;power_missing_or_nonfinite;
2017-03-11 04:40:00+00:00,,,,,Kelmarsh 4,2050,wind_speed_missing_or_nonfinite;power_missing_or_nonfinite;
2017-03-11 04:50:00+00:00,,,,,Kelmarsh 4,2050,wind_speed_missing_or_nonfinite;power_missing_or_nonfinite;
2017-03-11 05:00:00+00:00,,,,,Kelmarsh 4,2050,wind_speed_missing_or_nonfinite;power_missing_or_nonfinite;
2017-03-11 05:10:00+00:00,,,,,Kelmarsh 4,2050,wind_speed_missing_or_nonfinite;power_missing_or_nonfinite;
2017-03-11 05:20:00+00:00,,,,,Kelmarsh 4,2050,wind_speed_missing_or_nonfinite;power_missing_or_nonfinite;
2017-03-11 05:30:00+00:00,,,,,Kelmarsh 4,2050,wind_speed_missing_or_nonfinite;power_missing_or_nonfinite;
2017-03-11 05:40:00+00:00,,,,,Kelmarsh 4,2050,wind_speed_missing_or_nonfinite;power_missing_or_nonfinite;
2017-03-11 05:50:00+00:00,,,,,Kelmarsh 4,2050,wind_speed_missing_or_nonfinite;power_missing_or_nonfinite;
2017-03-11 06:00:00+00:00,,,,,Kelmarsh 4,2050,wind_speed_missing_or_nonfinite;power_missing_or_nonfinite;
2017-03-11 06:10:00+00:00,,,,,Kelmarsh 4,2050,wind_speed_missing_or_nonfinite;power_missing_or_nonfinite;
2017-03-11 06:20:00+00:00,,,,,Kelmarsh 4,2050,wind_speed_missing_or_nonfinite;power_missing_or_nonfinite;
2017-03-11 06:30:00+00:00,,,,,Kelmarsh 4,2050,wind_speed_missing_or_nonfinite;power_missing_or_nonfinite;
2017-03-11 06:40:00+00:00,,,,,Kelmarsh 4,2050,wind_speed_missing_or_nonfinite;power_missing_or_nonfinite;
2017-03-11 06:50:00+00:00,,,,,Kelmarsh 4,2050,wind_speed_missing_or_nonfinite;power_missing_or_nonfinite;
2017-03-11 22:20:00+00:00,,,,,Kelmarsh 4,2050,wind_speed_missing_or_nonfinite;power_missing_or_nonfinite;
2017-03-11 22:30:00+00:00,,,,,Kelmarsh 4,2050,wind_speed_missing_or_nonfinite;power_missing_or_nonfinite;
2017-03-11 22:40:00+00:00,,,,,Kelmarsh 4,2050,wind_speed_missing_or_nonfinite;power_missing_or_nonfinite;
2017-03-11 22:50:00+00:00,,,,,Kelmarsh 4,2050,wind_speed_missing_or_nonfinite;power_missing_or_nonfinite;
2017-03-11 23:00:00+00:00,,,,,Kelmarsh 4,2050,wind_speed_missing_or_nonfinite;power_missing_or_nonfinite;
2017-03-11 23:10:00+00:00,,,,,Kelmarsh 4,2050,wind_speed_missing_or_nonfinite;power_missing_or_nonfinite;
2017-03-11 23:20:00+00:00,,,,,Kelmarsh 4,2050,wind_speed_missing_or_nonfinite;power_missing_or_nonfinite;
2017-03-11 23:30:00+00:00,,,,,Kelmarsh 4,2050,wind_speed_missing_or_nonfinite;power_missing_or_nonfinite;
2017-03-11 23:40:00+00:00,,,,,Kelmarsh 4,2050,wind_speed_missing_or_nonfinite;power_missing_or_nonfinite;
2017-03-11 23:50:00+00:00,,,,,Kelmarsh 4,2050,wind_speed_missing_or_nonfinite;power_missing_or_nonfinite;
2017-03-12 00:00:00+00:00,,,,,Kelmarsh 4,2050,wind_speed_missing_or_nonfinite;power_missing_or_nonfinite;
2017-03-12 00:10:00+00:00,,,,,Kelmarsh 4,2050,wind_speed_missing_or_nonfinite;power_missing_or_nonfinite;
2017-03-12 00:20:00+00:00,,,,,Kelmarsh 4,2050,wind_speed_missing_or_nonfinite;power_missing_or_nonfinite;
2017-03-12 00:30:00+00:00,,,,,Kelmarsh 4,2050,wind_speed_missing_or_nonfinite;power_missing_or_nonfinite;
2017-03-12 00:40:00+00:00,,,,,Kelmarsh 4,2050,wind_speed_missing_or_nonfinite;power_missing_or_nonfinite;
2017-03-12 00:50:00+00:00,,,,,Kelmarsh 4,2050,wind_speed_missing_or_nonfinite;power_missing_or_nonfinite;
2017-03-12 01:00:00+00:00,,,,,Kelmarsh 4,2050,wind_speed_missing_or_nonfinite;power_missing_or_nonfinite;
2017-03-12 01:10:00+00:00,,,,,Kelmarsh 4,2050,wind_speed_missing_or_nonfinite;power_missing_or_nonfinite;
2017-03-12 01:20:00+00:00,,,,,Kelmarsh 4,2050,wind_speed_missing_or_nonfinite;power_missing_or_nonfinite;
2017-03-12 01:30:00+00:00,,,,,Kelmarsh 4,2050,wind_speed_missing_or_nonfinite;power_missing_or_nonfinite;
2017-03-12 01:40:00+00:00,,,,,Kelmarsh 4,2050,wind_speed_missing_or_nonfinite;power_missing_or_nonfinite;
2017-03-12 01:50:00+00:00,,,,,Kelmarsh 4,2050,wind_speed_missing_or_nonfinite;power_missing_or_nonfinite;
2017-03-12 02:00:00+00:00,,,,,Kelmarsh 4,2050,wind_speed_missing_or_nonfinite;power_missing_or_nonfinite;
2017-03-12 02:10:00+00:00,,,,,Kelmarsh 4,2050,wind_speed_missing_or_nonfinite;power_missing_or_nonfinite;
2017-03-12 02:20:00+00:00,,,,,Kelmarsh 4,2050,wind_speed_missing_or_nonfinite;power_missing_or_nonfinite;
2017-03-12 02:30:00+00:00,,,,,Kelmarsh 4,2050,wind_speed_missing_or_nonfinite;power_missing_or_nonfinite;
2017-03-12 02:40:00+00:00,,,,,Kelmarsh 4,2050,wind_speed_missing_or_nonfinite;power_missing_or_nonfinite;
2017-03-12 02:50:00+00:00,,,,,Kelmarsh 4,2050,wind_speed_missing_or_nonfinite;power_missing_or_nonfinite;
2017-03-12 03:00:00+00:00,,,,,Kelmarsh 4,2050,wind_speed_missing_or_nonfinite;power_missing_or_nonfinite;
2017-03-12 03:10:00+00:00,,,,,Kelmarsh 4,2050,wind_speed_missing_or_nonfinite;power_missing_or_nonfinite;
2017-03-12 03:20:00+00:00,,,,,Kelmarsh 4,2050,wind_speed_missing_or_nonfinite;power_missing_or_nonfinite;
2017-03-12 03:30:00+00:00,,,,,Kelmarsh 4,2050,wind_speed_missing_or_nonfinite;power_missing_or_nonfinite;
2017-03-12 03:40:00+00:00,,,,,Kelmarsh 4,2050,wind_speed_missing_or_nonfinite;power_missing_or_nonfinite;
2017-03-12 03:50:00+00:00,,,,,Kelmarsh 4,2050,wind_speed_missing_or_nonfinite;power_missing_or_nonfinite;
2017-03-12 04:00:00+00:00,,,,,Kelmarsh 4,2050,wind_speed_missing_or_nonfinite;power_missing_or_nonfinite;
2017-03-12 04:10:00+00:00,,,,,Kelmarsh 4,2050,wind_speed_missing_or_nonfinite;power_missing_or_nonfinite;
2017-03-12 04:20:00+00:00,,,,,Kelmarsh 4,2050,wind_speed_missing_or_nonfinite;power_missing_or_nonfinite;
2017-03-12 04:30:00+00:00,,,,,Kelmarsh 4,2050,wind_speed_missing_or_nonfinite;power_missing_or_nonfinite;
2017-03-12 04:40:00+00:00,,,,,Kelmarsh 4,2050,wind_speed_missing_or_nonfinite;power_missing_or_nonfinite;
2017-03-12 04:50:00+00:00,,,,,Kelmarsh 4,2050,wind_speed_missing_or_nonfinite;power_missing_or_nonfinite;
2017-03-12 05:00:00+00:00,,,,,Kelmarsh 4,2050,wind_speed_missing_or_nonfinite;power_missing_or_nonfinite;
2017-03-12 05:10:00+00:00,,,,,Kelmarsh 4,2050,wind_speed_missing_or_nonfinite;power_missing_or_nonfinite;
2017-03-12 05:20:00+00:00,,,,,Kelmarsh 4,2050,wind_speed_missing_or_nonfinite;power_missing_or_nonfinite;
2017-03-12 05:30:00+00:00,,,,,Kelmarsh 4,2050,wind_speed_missing_or_nonfinite;power_missing_or_nonfinite;
2017-03-12 05:40:00+00:00,,,,,Kelmarsh 4,2050,wind_speed_missing_or_nonfinite;power_missing_or_nonfinite;
2017-03-12 05:50:00+00:00,,,,,Kelmarsh 4,2050,wind_speed_missing_or_nonfinite;power_missing_or_nonfinite;
2017-03-12 06:00:00+00:00,,,,,Kelmarsh 4,2050,wind_speed_missing_or_nonfinite;power_missing_or_nonfinite;
2017-03-12 06:10:00+00:00,,,,,Kelmarsh 4,2050,wind_speed_missing_or_nonfinite;power_missing_or_nonfinite;
2017-03-12 06:20:00+00:00,,,,,Kelmarsh 4,2050,wind_speed_missing_or_nonfinite;power_missing_or_nonfinite;
2017-03-12 06:30:00+00:00,,,,,Kelmarsh 4,2050,wind_speed_missing_or_nonfinite;power_missing_or_nonfinite;
2017-03-12 06:40:00+00:00,,,,,Kelmarsh 4,2050,wind_speed_missing_or_nonfinite;power_missing_or_nonfinite;
2017-03-12 06:50:00+00:00,,,,,Kelmarsh 4,2050,wind_speed_missing_or_nonfinite;power_missing_or_nonfinite;
2017-03-12 07:00:00+00:00,,,,,Kelmarsh 4,2050,wind_speed_missing_or_nonfinite;power_missing_or_nonfinite;
2017-03-12 07:10:00+00:00,,,,,Kelmarsh 4,2050,wind_speed_missing_or_nonfinite;power_missing_or_nonfinite;
2017-03-12 07:20:00+00:00,,,,,Kelmarsh 4,2050,wind_speed_missing_or_nonfinite;power_missing_or_nonfinite;
2017-03-12 07:30:00+00:00,,,,,Kelmarsh 4,2050,wind_speed_missing_or_nonfinite;power_missing_or_nonfinite;
2017-03-12 07:40:00+00:00,,,,,Kelmarsh 4,2050,wind_speed_missing_or_nonfinite;power_missing_or_nonfinite;
2017-03-12 07:50:00+00:00,,,,,Kelmarsh 4,2050,wind_speed_missing_or_nonfinite;power_missing_or_nonfinite;
2017-03-12 08:00:00+00:00,,,,,Kelmarsh 4,2050,wind_speed_missing_or_nonfinite;power_missing_or_nonfinite;
2017-03-12 08:10:00+00:00,,,,,Kelmarsh 4,2050,wind_speed_missing_or_nonfinite;power_missing_or_nonfinite;
2017-03-12 08:20:00+00:00,,,,,Kelmarsh 4,2050,wind_speed_missing_or_nonfinite;power_missing_or_nonfinite;
2017-03-12 08:30:00+00:00,,,,,Kelmarsh 4,2050,wind_speed_missing_or_nonfinite;power_missing_or_nonfinite;
2017-03-12 08:40:00+00:00,,,,,Kelmarsh 4,2050,wind_speed_missing_or_nonfinite;power_missing_or_nonfinite;
2017-03-12 08:50:00+00:00,,,,,Kelmarsh 4,2050,wind_speed_missing_or_nonfinite;power_missing_or_nonfinite;
2017-03-12 09:00:00+00:00,,,,,Kelmarsh 4,2050,wind_speed_missing_or_nonfinite;power_missing_or_nonfinite;
2017-03-12 09:10:00+00:00,,,,,Kelmarsh 4,2050,wind_speed_missing_or_nonfinite;power_missing_or_nonfinite;
2017-03-12 09:20:00+00:00,,,,,Kelmarsh 4,2050,wind_speed_missing_or_nonfinite;power_missing_or_nonfinite;
2017-03-12 09:30:00+00:00,,,,,Kelmarsh 4,2050,wind_speed_missing_or_nonfinite;power_missing_or_nonfinite;
2017-03-12 09:40:00+00:00,,,,,Kelmarsh 4,2050,wind_speed_missing_or_nonfinite;power_missing_or_nonfinite;
2017-03-12 09:50:00+00:00,,,,,Kelmarsh 4,2050,wind_speed_missing_or_nonfinite;power_missing_or_nonfinite;
2017-03-12 10:00:00+00:00,,,,,Kelmarsh 4,2050,wind_speed_missing_or_nonfinite;power_missing_or_nonfinite;
2017-03-12 10:10:00+00:00,,,,,Kelmarsh 4,2050,wind_speed_missing_or_nonfinite;power_missing_or_nonfinite;
2017-03-12 10:20:00+00:00,,,,,Kelmarsh 4,2050,wind_speed_missing_or_nonfinite;power_missing_or_nonfinite;
2017-03-12 10:30:00+00:00,,,,,Kelmarsh 4,2050,wind_speed_missing_or_nonfinite;power_missing_or_nonfinite;
2017-03-12 10:40:00+00:00,,,,,Kelmarsh 4,2050,wind_speed_missing_or_nonfinite;power_missing_or_nonfinite;
2017-03-12 10:50:00+00:00,,,,,Kelmarsh 4,2050,wind_speed_missing_or_nonfinite;power_missing_or_nonfinite;
2017-03-12 11:00:00+00:00,,,,,Kelmarsh 4,2050,wind_speed_missing_or_nonfinite;power_missing_or_nonfinite;
2017-03-29 23:00:00+00:00,,,,,Kelmarsh 4,2050,wind_speed_missing_or_nonfinite;power_missing_or_nonfinite;
2017-04-08 04:50:00+00:00,,,,,Kelmarsh 4,2050,wind_speed_missing_or_nonfinite;power_missing_or_nonfinite;
2017-04-08 05:00:00+00:00,,,,,Kelmarsh 4,2050,wind_speed_missing_or_nonfinite;power_missing_or_nonfinite;
2017-05-19 14:20:00+00:00,,,,,Kelmarsh 4,2050,wind_speed_missing_or_nonfinite;power_missing_or_nonfinite;
2017-05-21 23:50:00+00:00,,,,,Kelmarsh 4,2050,wind_speed_missing_or_nonfinite;power_missing_or_nonfinite;
2017-06-04 16:00:00+00:00,,,,,Kelmarsh 4,2050,wind_speed_missing_or_nonfinite;power_missing_or_nonfinite;
2017-06-04 16:10:00+00:00,,,,,Kelmarsh 4,2050,wind_speed_missing_or_nonfinite;power_missing_or_nonfinite;
2017-06-04 16:20:00+00:00,,,,,Kelmarsh 4,2050,wind_speed_missing_or_nonfinite;power_missing_or_nonfinite;
2017-06-04 16:30:00+00:00,,,,,Kelmarsh 4,2050,wind_speed_missing_or_nonfinite;power_missing_or_nonfinite;
2017-06-21 16:00:00+00:00,,,,,Kelmarsh 4,2050,wind_speed_missing_or_nonfinite;power_missing_or_nonfinite;
2017-06-27 09:30:00+00:00,,,,,Kelmarsh 4,2050,wind_speed_missing_or_nonfinite;power_missing_or_nonfinite;
2017-06-27 09:40:00+00:00,,,,,Kelmarsh 4,2050,wind_speed_missing_or_nonfinite;power_missing_or_nonfinite;
2017-06-27 09:50:00+00:00,,,,,Kelmarsh 4,2050,wind_speed_missing_or_nonfinite;power_missing_or_nonfinite;
2017-06-27 10:00:00+00:00,,,,,Kelmarsh 4,2050,wind_speed_missing_or_nonfinite;power_missing_or_nonfinite;
2017-06-27 10:10:00+00:00,,,,,Kelmarsh 4,2050,wind_speed_missing_or_nonfinite;power_missing_or_nonfinite;
2017-07-21 00:20:00+00:00,,,,,Kelmarsh 4,2050,wind_speed_missing_or_nonfinite;power_missing_or_nonfinite;
2017-08-01 09:20:00+00:00,,,,,Kelmarsh 4,2050,wind_speed_missing_or_nonfinite;power_missing_or_nonfinite;
2017-08-01 09:30:00+00:00,,,,,Kelmarsh 4,2050,wind_speed_missing_or_nonfinite;power_missing_or_nonfinite;
2017-08-01 09:40:00+00:00,,,,,Kelmarsh 4,2050,wind_speed_missing_or_nonfinite;power_missing_or_nonfinite;
2017-08-01 10:20:00+00:00,,,,,Kelmarsh 4,2050,wind_speed_missing_or_nonfinite;power_missing_or_nonfinite;
2017-08-01 10:30:00+00:00,,,,,Kelmarsh 4,2050,wind_speed_missing_or_nonfinite;power_missing_or_nonfinite;
2017-08-01 10:40:00+00:00,,,,,Kelmarsh 4,2050,wind_speed_missing_or_nonfinite;power_missing_or_nonfinite;
2017-08-01 10:50:00+00:00,,,,,Kelmarsh 4,2050,wind_speed_missing_or_nonfinite;power_missing_or_nonfinite;
2017-08-01 11:00:00+00:00,,,,,Kelmarsh 4,2050,wind_speed_missing_or_nonfinite;power_missing_or_nonfinite;
2017-08-01 11:10:00+00:00,,,,,Kelmarsh 4,2050,wind_speed_missing_or_nonfinite;power_missing_or_nonfinite;
2017-08-01 11:20:00+00:00,,,,,Kelmarsh 4,2050,wind_speed_missing_or_nonfinite;power_missing_or_nonfinite;
2017-08-01 11:30:00+00:00,,,,,Kelmarsh 4,2050,wind_speed_missing_or_nonfinite;power_missing_or_nonfinite;
2017-08-01 11:40:00+00:00,,,,,Kelmarsh 4,2050,wind_speed_missing_or_nonfinite;power_missing_or_nonfinite;
2017-08-01 11:50:00+00:00,,,,,Kelmarsh 4,2050,wind_speed_missing_or_nonfinite;power_missing_or_nonfinite;
2017-08-01 12:00:00+00:00,,,,,Kelmarsh 4,2050,wind_speed_missing_or_nonfinite;power_missing_or_nonfinite;
2017-08-01 12:10:00+00:00,,,,,Kelmarsh 4,2050,wind_speed_missing_or_nonfinite;power_missing_or_nonfinite;
2017-08-01 12:20:00+00:00,,,,,Kelmarsh 4,2050,wind_speed_missing_or_nonfinite;power_missing_or_nonfinite;
2017-08-01 12:30:00+00:00,,,,,Kelmarsh 4,2050,wind_speed_missing_or_nonfinite;power_missing_or_nonfinite;
2017-08-01 12:40:00+00:00,,,,,Kelmarsh 4,2050,wind_speed_missing_or_nonfinite;power_missing_or_nonfinite;
2017-08-01 12:50:00+00:00,,,,,Kelmarsh 4,2050,wind_speed_missing_or_nonfinite;power_missing_or_nonfinite;
2017-08-01 13:00:00+00:00,,,,,Kelmarsh 4,2050,wind_speed_missing_or_nonfinite;power_missing_or_nonfinite;
2017-08-01 13:10:00+00:00,,,,,Kelmarsh 4,2050,wind_speed_missing_or_nonfinite;power_missing_or_nonfinite;
2017-08-01 13:20:00+00:00,,,,,Kelmarsh 4,2050,wind_speed_missing_or_nonfinite;power_missing_or_nonfinite;
2017-08-01 13:30:00+00:00,,,,,Kelmarsh 4,2050,wind_speed_missing_or_nonfinite;power_missing_or_nonfinite;
2017-08-01 13:40:00+00:00,,,,,Kelmarsh 4,2050,wind_speed_missing_or_nonfinite;power_missing_or_nonfinite;
2017-08-01 13:50:00+00:00,,,,,Kelmarsh 4,2050,wind_speed_missing_or_nonfinite;power_missing_or_nonfinite;
2017-08-01 14:00:00+00:00,,,,,Kelmarsh 4,2050,wind_speed_missing_or_nonfinite;power_missing_or_nonfinite;
2017-08-01 14:10:00+00:00,,,,,Kelmarsh 4,2050,wind_speed_missing_or_nonfinite;power_missing_or_nonfinite;
2017-08-01 14:20:00+00:00,,,,,Kelmarsh 4,2050,wind_speed_missing_or_nonfinite;power_missing_or_nonfinite;
2017-08-01 14:30:00+00:00,,,,,Kelmarsh 4,2050,wind_speed_missing_or_nonfinite;power_missing_or_nonfinite;
2017-08-01 14:40:00+00:00,,,,,Kelmarsh 4,2050,wind_speed_missing_or_nonfinite;power_missing_or_nonfinite;
2017-08-01 14:50:00+00:00,,,,,Kelmarsh 4,2050,wind_speed_missing_or_nonfinite;power_missing_or_nonfinite;
2017-08-01 15:00:00+00:00,,,,,Kelmarsh 4,2050,wind_speed_missing_or_nonfinite;power_missing_or_nonfinite;
2017-08-01 15:10:00+00:00,,,,,Kelmarsh 4,2050,wind_speed_missing_or_nonfinite;power_missing_or_nonfinite;
2017-08-01 15:20:00+00:00,,,,,Kelmarsh 4,2050,wind_speed_missing_or_nonfinite;power_missing_or_nonfinite;
2017-08-01 15:30:00+00:00,,,,,Kelmarsh 4,2050,wind_speed_missing_or_nonfinite;power_missing_or_nonfinite;
2017-08-01 15:40:00+00:00,,,,,Kelmarsh 4,2050,wind_speed_missing_or_nonfinite;power_missing_or_nonfinite;
2017-08-01 15:50:00+00:00,,,,,Kelmarsh 4,2050,wind_speed_missing_or_nonfinite;power_missing_or_nonfinite;
2017-08-01 16:00:00+00:00,,,,,Kelmarsh 4,2050,wind_speed_missing_or_nonfinite;power_missing_or_nonfinite;
2017-08-01 16:10:00+00:00,,,,,Kelmarsh 4,2050,wind_speed_missing_or_nonfinite;power_missing_or_nonfinite;
2017-08-01 16:20:00+00:00,,,,,Kelmarsh 4,2050,wind_speed_missing_or_nonfinite;power_missing_or_nonfinite;
2017-08-01 16:30:00+00:00,,,,,Kelmarsh 4,2050,wind_speed_missing_or_nonfinite;power_missing_or_nonfinite;
2017-08-01 16:40:00+00:00,,,,,Kelmarsh 4,2050,wind_speed_missing_or_nonfinite;power_missing_or_nonfinite;
2017-08-01 16:50:00+00:00,,,,,Kelmarsh 4,2050,wind_speed_missing_or_nonfinite;power_missing_or_nonfinite;
2017-08-01 17:00:00+00:00,,,,,Kelmarsh 4,2050,wind_speed_missing_or_nonfinite;power_missing_or_nonfinite;
2017-08-01 17:10:00+00:00,,,,,Kelmarsh 4,2050,wind_speed_missing_or_nonfinite;power_missing_or_nonfinite;
2017-08-01 17:20:00+00:00,,,,,Kelmarsh 4,2050,wind_speed_missing_or_nonfinite;power_missing_or_nonfinite;
2017-08-01 17:30:00+00:00,,,,,Kelmarsh 4,2050,wind_speed_missing_or_nonfinite;power_missing_or_nonfinite;
2017-08-01 17:40:00+00:00,,,,,Kelmarsh 4,2050,wind_speed_missing_or_nonfinite;power_missing_or_nonfinite;
2017-08-01 17:50:00+00:00,,,,,Kelmarsh 4,2050,wind_speed_missing_or_nonfinite;power_missing_or_nonfinite;
2017-08-01 18:00:00+00:00,,,,,Kelmarsh 4,2050,wind_speed_missing_or_nonfinite;power_missing_or_nonfinite;
2017-08-01 18:10:00+00:00,,,,,Kelmarsh 4,2050,wind_speed_missing_or_nonfinite;power_missing_or_nonfinite;
2017-08-01 18:20:00+00:00,,,,,Kelmarsh 4,2050,wind_speed_missing_or_nonfinite;power_missing_or_nonfinite;
2017-08-01 18:30:00+00:00,,,,,Kelmarsh 4,2050,wind_speed_missing_or_nonfinite;power_missing_or_nonfinite;
2017-08-01 18:40:00+00:00,,,,,Kelmarsh 4,2050,wind_speed_missing_or_nonfinite;power_missing_or_nonfinite;
2017-08-01 18:50:00+00:00,,,,,Kelmarsh 4,2050,wind_speed_missing_or_nonfinite;power_missing_or_nonfinite;
2017-08-01 19:00:00+00:00,,,,,Kelmarsh 4,2050,wind_speed_missing_or_nonfinite;power_missing_or_nonfinite;
2017-08-01 19:10:00+00:00,,,,,Kelmarsh 4,2050,wind_speed_missing_or_nonfinite;power_missing_or_nonfinite;
2017-08-01 19:20:00+00:00,,,,,Kelmarsh 4,2050,wind_speed_missing_or_nonfinite;power_missing_or_nonfinite;
2017-08-01 19:30:00+00:00,,,,,Kelmarsh 4,2050,wind_speed_missing_or_nonfinite;power_missing_or_nonfinite;
2017-08-01 19:40:00+00:00,,,,,Kelmarsh 4,2050,wind_speed_missing_or_nonfinite;power_missing_or_nonfinite;
2017-08-01 19:50:00+00:00,,,,,Kelmarsh 4,2050,wind_speed_missing_or_nonfinite;power_missing_or_nonfinite;
2017-08-01 20:00:00+00:00,,,,,Kelmarsh 4,2050,wind_speed_missing_or_nonfinite;power_missing_or_nonfinite;
2017-08-01 20:10:00+00:00,,,,,Kelmarsh 4,2050,wind_speed_missing_or_nonfinite;power_missing_or_nonfinite;
2017-08-01 20:20:00+00:00,,,,,Kelmarsh 4,2050,wind_speed_missing_or_nonfinite;power_missing_or_nonfinite;
2017-08-01 20:30:00+00:00,,,,,Kelmarsh 4,2050,wind_speed_missing_or_nonfinite;power_missing_or_nonfinite;
2017-08-01 20:40:00+00:00,,,,,Kelmarsh 4,2050,wind_speed_missing_or_nonfinite;power_missing_or_nonfinite;
2017-08-01 20:50:00+00:00,,,,,Kelmarsh 4,2050,wind_speed_missing_or_nonfinite;power_missing_or_nonfinite;
2017-08-01 21:00:00+00:00,,,,,Kelmarsh 4,2050,wind_speed_missing_or_nonfinite;power_missing_or_nonfinite;
2017-08-01 21:10:00+00:00,,,,,Kelmarsh 4,2050,wind_speed_missing_or_nonfinite;power_missing_or_nonfinite;
2017-08-01 21:20:00+00:00,,,,,Kelmarsh 4,2050,wind_speed_missing_or_nonfinite;power_missing_or_nonfinite;
2017-08-01 21:30:00+00:00,,,,,Kelmarsh 4,2050,wind_speed_missing_or_nonfinite;power_missing_or_nonfinite;
2017-08-01 21:40:00+00:00,,,,,Kelmarsh 4,2050,wind_speed_missing_or_nonfinite;power_missing_or_nonfinite;
2017-08-01 21:50:00+00:00,,,,,Kelmarsh 4,2050,wind_speed_missing_or_nonfinite;power_missing_or_nonfinite;
2017-08-01 22:00:00+00:00,,,,,Kelmarsh 4,2050,wind_speed_missing_or_nonfinite;power_missing_or_nonfinite;
2017-08-01 22:10:00+00:00,,,,,Kelmarsh 4,2050,wind_speed_missing_or_nonfinite;power_missing_or_nonfinite;
2017-08-01 22:20:00+00:00,,,,,Kelmarsh 4,2050,wind_speed_missing_or_nonfinite;power_missing_or_nonfinite;
2017-08-01 22:30:00+00:00,,,,,Kelmarsh 4,2050,wind_speed_missing_or_nonfinite;power_missing_or_nonfinite;
2017-08-01 22:40:00+00:00,,,,,Kelmarsh 4,2050,wind_speed_missing_or_nonfinite;power_missing_or_nonfinite;
2017-08-01 22:50:00+00:00,,,,,Kelmarsh 4,2050,wind_speed_missing_or_nonfinite;power_missing_or_nonfinite;
2017-08-01 23:00:00+00:00,,,,,Kelmarsh 4,2050,wind_speed_missing_or_nonfinite;power_missing_or_nonfinite;
2017-08-01 23:10:00+00:00,,,,,Kelmarsh 4,2050,wind_speed_missing_or_nonfinite;power_missing_or_nonfinite;
2017-08-01 23:20:00+00:00,,,,,Kelmarsh 4,2050,wind_speed_missing_or_nonfinite;power_missing_or_nonfinite;
2017-08-01 23:30:00+00:00,,,,,Kelmarsh 4,2050,wind_speed_missing_or_nonfinite;power_missing_or_nonfinite;
2017-08-01 23:40:00+00:00,,,,,Kelmarsh 4,2050,wind_speed_missing_or_nonfinite;power_missing_or_nonfinite;
2017-08-01 23:50:00+00:00,,,,,Kelmarsh 4,2050,wind_speed_missing_or_nonfinite;power_missing_or_nonfinite;
2017-08-02 00:00:00+00:00,,,,,Kelmarsh 4,2050,wind_speed_missing_or_nonfinite;power_missing_or_nonfinite;
2017-08-02 00:10:00+00:00,,,,,Kelmarsh 4,2050,wind_speed_missing_or_nonfinite;power_missing_or_nonfinite;
2017-08-02 00:20:00+00:00,,,,,Kelmarsh 4,2050,wind_speed_missing_or_nonfinite;power_missing_or_nonfinite;
2017-08-02 00:30:00+00:00,,,,,Kelmarsh 4,2050,wind_speed_missing_or_nonfinite;power_missing_or_nonfinite;
2017-08-02 00:40:00+00:00,,,,,Kelmarsh 4,2050,wind_speed_missing_or_nonfinite;power_missing_or_nonfinite;
2017-08-02 00:50:00+00:00,,,,,Kelmarsh 4,2050,wind_speed_missing_or_nonfinite;power_missing_or_nonfinite;
2017-08-02 01:00:00+00:00,,,,,Kelmarsh 4,2050,wind_speed_missing_or_nonfinite;power_missing_or_nonfinite;
2017-08-02 01:10:00+00:00,,,,,Kelmarsh 4,2050,wind_speed_missing_or_nonfinite;power_missing_or_nonfinite;
2017-08-02 01:20:00+00:00,,,,,Kelmarsh 4,2050,wind_speed_missing_or_nonfinite;power_missing_or_nonfinite;
2017-08-02 01:30:00+00:00,,,,,Kelmarsh 4,2050,wind_speed_missing_or_nonfinite;power_missing_or_nonfinite;
2017-08-02 01:40:00+00:00,,,,,Kelmarsh 4,2050,wind_speed_missing_or_nonfinite;power_missing_or_nonfinite;
2017-08-02 01:50:00+00:00,,,,,Kelmarsh 4,2050,wind_speed_missing_or_nonfinite;power_missing_or_nonfinite;
2017-08-02 02:00:00+00:00,,,,,Kelmarsh 4,2050,wind_speed_missing_or_nonfinite;power_missing_or_nonfinite;
2017-08-02 02:10:00+00:00,,,,,Kelmarsh 4,2050,wind_speed_missing_or_nonfinite;power_missing_or_nonfinite;
2017-08-02 02:20:00+00:00,,,,,Kelmarsh 4,2050,wind_speed_missing_or_nonfinite;power_missing_or_nonfinite;
2017-08-02 02:30:00+00:00,,,,,Kelmarsh 4,2050,wind_speed_missing_or_nonfinite;power_missing_or_nonfinite;
2017-08-02 02:40:00+00:00,,,,,Kelmarsh 4,2050,wind_speed_missing_or_nonfinite;power_missing_or_nonfinite;
2017-08-02 02:50:00+00:00,,,,,Kelmarsh 4,2050,wind_speed_missing_or_nonfinite;power_missing_or_nonfinite;
2017-08-02 03:00:00+00:00,,,,,Kelmarsh 4,2050,wind_speed_missing_or_nonfinite;power_missing_or_nonfinite;
2017-08-02 03:10:00+00:00,,,,,Kelmarsh 4,2050,wind_speed_missing_or_nonfinite;power_missing_or_nonfinite;
2017-08-02 03:20:00+00:00,,,,,Kelmarsh 4,2050,wind_speed_missing_or_nonfinite;power_missing_or_nonfinite;
2017-08-02 03:30:00+00:00,,,,,Kelmarsh 4,2050,wind_speed_missing_or_nonfinite;power_missing_or_nonfinite;
2017-08-02 03:40:00+00:00,,,,,Kelmarsh 4,2050,wind_speed_missing_or_nonfinite;power_missing_or_nonfinite;
2017-08-02 03:50:00+00:00,,,,,Kelmarsh 4,2050,wind_speed_missing_or_nonfinite;power_missing_or_nonfinite;
2017-08-02 04:00:00+00:00,,,,,Kelmarsh 4,2050,wind_speed_missing_or_nonfinite;power_missing_or_nonfinite;
2017-08-02 04:10:00+00:00,,,,,Kelmarsh 4,2050,wind_speed_missing_or_nonfinite;power_missing_or_nonfinite;
2017-08-02 04:20:00+00:00,,,,,Kelmarsh 4,2050,wind_speed_missing_or_nonfinite;power_missing_or_nonfinite;
2017-08-02 04:30:00+00:00,,,,,Kelmarsh 4,2050,wind_speed_missing_or_nonfinite;power_missing_or_nonfinite;
2017-08-02 04:40:00+00:00,,,,,Kelmarsh 4,2050,wind_speed_missing_or_nonfinite;power_missing_or_nonfinite;
2017-08-02 04:50:00+00:00,,,,,Kelmarsh 4,2050,wind_speed_missing_or_nonfinite;power_missing_or_nonfinite;
2017-08-02 05:00:00+00:00,,,,,Kelmarsh 4,2050,wind_speed_missing_or_nonfinite;power_missing_or_nonfinite;
2017-08-02 05:10:00+00:00,,,,,Kelmarsh 4,2050,wind_speed_missing_or_nonfinite;power_missing_or_nonfinite;
2017-08-02 05:20:00+00:00,,,,,Kelmarsh 4,2050,wind_speed_missing_or_nonfinite;power_missing_or_nonfinite;
2017-08-02 05:30:00+00:00,,,,,Kelmarsh 4,2050,wind_speed_missing_or_nonfinite;power_missing_or_nonfinite;
2017-08-02 05:40:00+00:00,,,,,Kelmarsh 4,2050,wind_speed_missing_or_nonfinite;power_missing_or_nonfinite;
2017-08-02 05:50:00+00:00,,,,,Kelmarsh 4,2050,wind_speed_missing_or_nonfinite;power_missing_or_nonfinite;
2017-08-02 06:00:00+00:00,,,,,Kelmarsh 4,2050,wind_speed_missing_or_nonfinite;power_missing_or_nonfinite;
2017-08-02 06:10:00+00:00,,,,,Kelmarsh 4,2050,wind_speed_missing_or_nonfinite;power_missing_or_nonfinite;
2017-08-02 06:20:00+00:00,,,,,Kelmarsh 4,2050,wind_speed_missing_or_nonfinite;power_missing_or_nonfinite;
2017-08-02 06:30:00+00:00,,,,,Kelmarsh 4,2050,wind_speed_missing_or_nonfinite;power_missing_or_nonfinite;
2017-08-02 06:40:00+00:00,,,,,Kelmarsh 4,2050,wind_speed_missing_or_nonfinite;power_missing_or_nonfinite;
2017-08-02 06:50:00+00:00,,,,,Kelmarsh 4,2050,wind_speed_missing_or_nonfinite;power_missing_or_nonfinite;
2017-08-02 07:00:00+00:00,,,,,Kelmarsh 4,2050,wind_speed_missing_or_nonfinite;power_missing_or_nonfinite;
2017-08-02 07:10:00+00:00,,,,,Kelmarsh 4,2050,wind_speed_missing_or_nonfinite;power_missing_or_nonfinite;
2017-08-02 07:20:00+00:00,,,,,Kelmarsh 4,2050,wind_speed_missing_or_nonfinite;power_missing_or_nonfinite;
2017-08-02 07:30:00+00:00,,,,,Kelmarsh 4,2050,wind_speed_missing_or_nonfinite;power_missing_or_nonfinite;
2017-08-02 07:40:00+00:00,,,,,Kelmarsh 4,2050,wind_speed_missing_or_nonfinite;power_missing_or_nonfinite;
2017-08-02 07:50:00+00:00,,,,,Kelmarsh 4,2050,wind_speed_missing_or_nonfinite;power_missing_or_nonfinite;
2017-08-02 08:00:00+00:00,,,,,Kelmarsh 4,2050,wind_speed_missing_or_nonfinite;power_missing_or_nonfinite;
2017-08-02 08:10:00+00:00,,,,,Kelmarsh 4,2050,wind_speed_missing_or_nonfinite;power_missing_or_nonfinite;
2017-08-02 08:20:00+00:00,,,,,Kelmarsh 4,2050,wind_speed_missing_or_nonfinite;power_missing_or_nonfinite;
2017-08-02 08:30:00+00:00,,,,,Kelmarsh 4,2050,wind_speed_missing_or_nonfinite;power_missing_or_nonfinite;
2017-08-02 08:40:00+00:00,,,,,Kelmarsh 4,2050,wind_speed_missing_or_nonfinite;power_missing_or_nonfinite;
2017-08-02 08:50:00+00:00,,,,,Kelmarsh 4,2050,wind_speed_missing_or_nonfinite;power_missing_or_nonfinite;
2017-08-02 09:00:00+00:00,,,,,Kelmarsh 4,2050,wind_speed_missing_or_nonfinite;power_missing_or_nonfinite;
2017-09-05 18:50:00+00:00,,,,,Kelmarsh 4,2050,wind_speed_missing_or_nonfinite;power_missing_or_nonfinite;
2017-10-02 11:00:00+00:00,,,,,Kelmarsh 4,2050,wind_speed_missing_or_nonfinite;power_missing_or_nonfinite;
2017-10-02 11:10:00+00:00,,,,,Kelmarsh 4,2050,wind_speed_missing_or_nonfinite;power_missing_or_nonfinite;
2017-10-13 06:50:00+00:00,,,,,Kelmarsh 4,2050,wind_speed_missing_or_nonfinite;power_missing_or_nonfinite;
2017-10-23 14:40:00+00:00,,,,,Kelmarsh 4,2050,wind_speed_missing_or_nonfinite;power_missing_or_nonfinite;
2017-12-07 15:20:00+00:00,,,,,Kelmarsh 4,2050,wind_speed_missing_or_nonfinite;power_missing_or_nonfinite;
2017-12-07 15:30:00+00:00,,,,,Kelmarsh 4,2050,wind_speed_missing_or_nonfinite;power_missing_or_nonfinite;
2017-12-07 15:40:00+00:00,,,,,Kelmarsh 4,2050,wind_speed_missing_or_nonfinite;power_missing_or_nonfinite;
2017-12-07 15:50:00+00:00,,,,,Kelmarsh 4,2050,wind_speed_missing_or_nonfinite;power_missing_or_nonfinite;
2017-12-07 16:00:00+00:00,,,,,Kelmarsh 4,2050,wind_speed_missing_or_nonfinite;power_missing_or_nonfinite;
2017-01-07 01:20:00+00:00,,,,,Kelmarsh 5,2050,wind_speed_missing_or_nonfinite;power_missing_or_nonfinite;
2017-01-07 01:30:00+00:00,,,,,Kelmarsh 5,2050,wind_speed_missing_or_nonfinite;power_missing_or_nonfinite;
2017-01-07 01:40:00+00:00,,,,,Kelmarsh 5,2050,wind_speed_missing_or_nonfinite;power_missing_or_nonfinite;
2017-01-07 01:50:00+00:00,,,,,Kelmarsh 5,2050,wind_speed_missing_or_nonfinite;power_missing_or_nonfinite;
2017-01-07 02:00:00+00:00,,,,,Kelmarsh 5,2050,wind_speed_missing_or_nonfinite;power_missing_or_nonfinite;
2017-01-07 02:10:00+00:00,,,,,Kelmarsh 5,2050,wind_speed_missing_or_nonfinite;power_missing_or_nonfinite;
2017-01-07 02:20:00+00:00,,,,,Kelmarsh 5,2050,wind_speed_missing_or_nonfinite;power_missing_or_nonfinite;
2017-01-07 02:30:00+00:00,,,,,Kelmarsh 5,2050,wind_speed_missing_or_nonfinite;power_missing_or_nonfinite;
2017-01-07 02:40:00+00:00,,,,,Kelmarsh 5,2050,wind_speed_missing_or_nonfinite;power_missing_or_nonfinite;
2017-01-07 02:50:00+00:00,,,,,Kelmarsh 5,2050,wind_speed_missing_or_nonfinite;power_missing_or_nonfinite;
2017-01-07 03:00:00+00:00,,,,,Kelmarsh 5,2050,wind_speed_missing_or_nonfinite;power_missing_or_nonfinite;
2017-01-07 03:10:00+00:00,,,,,Kelmarsh 5,2050,wind_speed_missing_or_nonfinite;power_missing_or_nonfinite;
2017-01-07 03:20:00+00:00,,,,,Kelmarsh 5,2050,wind_speed_missing_or_nonfinite;power_missing_or_nonfinite;
2017-01-07 03:30:00+00:00,,,,,Kelmarsh 5,2050,wind_speed_missing_or_nonfinite;power_missing_or_nonfinite;
2017-01-07 03:40:00+00:00,,,,,Kelmarsh 5,2050,wind_speed_missing_or_nonfinite;power_missing_or_nonfinite;
2017-01-07 03:50:00+00:00,,,,,Kelmarsh 5,2050,wind_speed_missing_or_nonfinite;power_missing_or_nonfinite;
2017-01-07 04:00:00+00:00,,,,,Kelmarsh 5,2050,wind_speed_missing_or_nonfinite;power_missing_or_nonfinite;
2017-01-07 04:10:00+00:00,,,,,Kelmarsh 5,2050,wind_speed_missing_or_nonfinite;power_missing_or_nonfinite;
2017-01-07 04:20:00+00:00,,,,,Kelmarsh 5,2050,wind_speed_missing_or_nonfinite;power_missing_or_nonfinite;
2017-01-07 04:30:00+00:00,,,,,Kelmarsh 5,2050,wind_speed_missing_or_nonfinite;power_missing_or_nonfinite;
2017-01-07 04:40:00+00:00,,,,,Kelmarsh 5,2050,wind_speed_missing_or_nonfinite;power_missing_or_nonfinite;
2017-01-07 04:50:00+00:00,,,,,Kelmarsh 5,2050,wind_speed_missing_or_nonfinite;power_missing_or_nonfinite;
2017-01-07 05:00:00+00:00,,,,,Kelmarsh 5,2050,wind_speed_missing_or_nonfinite;power_missing_or_nonfinite;
2017-01-07 05:10:00+00:00,,,,,Kelmarsh 5,2050,wind_speed_missing_or_nonfinite;power_missing_or_nonfinite;
2017-01-07 05:20:00+00:00,,,,,Kelmarsh 5,2050,wind_speed_missing_or_nonfinite;power_missing_or_nonfinite;
2017-01-07 05:30:00+00:00,,,,,Kelmarsh 5,2050,wind_speed_missing_or_nonfinite;power_missing_or_nonfinite;
2017-01-07 05:40:00+00:00,,,,,Kelmarsh 5,2050,wind_speed_missing_or_nonfinite;power_missing_or_nonfinite;
2017-01-07 05:50:00+00:00,,,,,Kelmarsh 5,2050,wind_speed_missing_or_nonfinite;power_missing_or_nonfinite;
2017-01-07 06:00:00+00:00,,,,,Kelmarsh 5,2050,wind_speed_missing_or_nonfinite;power_missing_or_nonfinite;
2017-01-07 06:10:00+00:00,,,,,Kelmarsh 5,2050,wind_speed_missing_or_nonfinite;power_missing_or_nonfinite;
2017-01-07 06:20:00+00:00,,,,,Kelmarsh 5,2050,wind_speed_missing_or_nonfinite;power_missing_or_nonfinite;
2017-01-07 06:30:00+00:00,,,,,Kelmarsh 5,2050,wind_speed_missing_or_nonfinite;power_missing_or_nonfinite;
2017-01-07 06:40:00+00:00,,,,,Kelmarsh 5,2050,wind_speed_missing_or_nonfinite;power_missing_or_nonfinite;
2017-01-07 06:50:00+00:00,,,,,Kelmarsh 5,2050,wind_speed_missing_or_nonfinite;power_missing_or_nonfinite;
2017-01-07 07:00:00+00:00,,,,,Kelmarsh 5,2050,wind_speed_missing_or_nonfinite;power_missing_or_nonfinite;
2017-01-07 07:10:00+00:00,,,,,Kelmarsh 5,2050,wind_speed_missing_or_nonfinite;power_missing_or_nonfinite;
2017-01-07 07:20:00+00:00,,,,,Kelmarsh 5,2050,wind_speed_missing_or_nonfinite;power_missing_or_nonfinite;
2017-01-07 07:30:00+00:00,,,,,Kelmarsh 5,2050,wind_speed_missing_or_nonfinite;power_missing_or_nonfinite;
2017-01-07 07:40:00+00:00,,,,,Kelmarsh 5,2050,wind_speed_missing_or_nonfinite;power_missing_or_nonfinite;
2017-01-07 07:50:00+00:00,,,,,Kelmarsh 5,2050,wind_speed_missing_or_nonfinite;power_missing_or_nonfinite;
2017-01-07 08:00:00+00:00,,,,,Kelmarsh 5,2050,wind_speed_missing_or_nonfinite;power_missing_or_nonfinite;
2017-01-07 08:10:00+00:00,,,,,Kelmarsh 5,2050,wind_speed_missing_or_nonfinite;power_missing_or_nonfinite;
2017-01-07 08:20:00+00:00,,,,,Kelmarsh 5,2050,wind_speed_missing_or_nonfinite;power_missing_or_nonfinite;
2017-01-07 08:30:00+00:00,,,,,Kelmarsh 5,2050,wind_speed_missing_or_nonfinite;power_missing_or_nonfinite;
2017-01-07 08:40:00+00:00,,,,,Kelmarsh 5,2050,wind_speed_missing_or_nonfinite;power_missing_or_nonfinite;
2017-01-07 08:50:00+00:00,,,,,Kelmarsh 5,2050,wind_speed_missing_or_nonfinite;power_missing_or_nonfinite;
2017-01-07 09:00:00+00:00,,,,,Kelmarsh 5,2050,wind_speed_missing_or_nonfinite;power_missing_or_nonfinite;
2017-01-07 09:10:00+00:00,,,,,Kelmarsh 5,2050,wind_speed_missing_or_nonfinite;power_missing_or_nonfinite;
2017-01-07 09:20:00+00:00,,,,,Kelmarsh 5,2050,wind_speed_missing_or_nonfinite;power_missing_or_nonfinite;
2017-01-07 09:30:00+00:00,,,,,Kelmarsh 5,2050,wind_speed_missing_or_nonfinite;power_missing_or_nonfinite;
2017-01-07 09:40:00+00:00,,,,,Kelmarsh 5,2050,wind_speed_missing_or_nonfinite;power_missing_or_nonfinite;
2017-01-07 09:50:00+00:00,,,,,Kelmarsh 5,2050,wind_speed_missing_or_nonfinite;power_missing_or_nonfinite;
2017-01-07 10:00:00+00:00,,,,,Kelmarsh 5,2050,wind_speed_missing_or_nonfinite;power_missing_or_nonfinite;
2017-01-07 10:10:00+00:00,,,,,Kelmarsh 5,2050,wind_speed_missing_or_nonfinite;power_missing_or_nonfinite;
2017-01-07 10:20:00+00:00,,,,,Kelmarsh 5,2050,wind_speed_missing_or_nonfinite;power_missing_or_nonfinite;
2017-01-07 10:30:00+00:00,,,,,Kelmarsh 5,2050,wind_speed_missing_or_nonfinite;power_missing_or_nonfinite;
2017-01-07 10:40:00+00:00,,,,,Kelmarsh 5,2050,wind_speed_missing_or_nonfinite;power_missing_or_nonfinite;
2017-01-07 10:50:00+00:00,,,,,Kelmarsh 5,2050,wind_speed_missing_or_nonfinite;power_missing_or_nonfinite;
2017-01-07 11:00:00+00:00,,,,,Kelmarsh 5,2050,wind_speed_missing_or_nonfinite;power_missing_or_nonfinite;
2017-01-07 11:10:00+00:00,,,,,Kelmarsh 5,2050,wind_speed_missing_or_nonfinite;power_missing_or_nonfinite;
2017-01-07 11:20:00+00:00,,,,,Kelmarsh 5,2050,wind_speed_missing_or_nonfinite;power_missing_or_nonfinite;
2017-01-07 11:30:00+00:00,,,,,Kelmarsh 5,2050,wind_speed_missing_or_nonfinite;power_missing_or_nonfinite;
2017-01-07 11:40:00+00:00,,,,,Kelmarsh 5,2050,wind_speed_missing_or_nonfinite;power_missing_or_nonfinite;
2017-01-07 11:50:00+00:00,,,,,Kelmarsh 5,2050,wind_speed_missing_or_nonfinite;power_missing_or_nonfinite;
2017-01-07 12:00:00+00:00,,,,,Kelmarsh 5,2050,wind_speed_missing_or_nonfinite;power_missing_or_nonfinite;
2017-01-07 12:10:00+00:00,,,,,Kelmarsh 5,2050,wind_speed_missing_or_nonfinite;power_missing_or_nonfinite;
2017-01-07 12:20:00+00:00,,,,,Kelmarsh 5,2050,wind_speed_missing_or_nonfinite;power_missing_or_nonfinite;
2017-01-07 12:30:00+00:00,,,,,Kelmarsh 5,2050,wind_speed_missing_or_nonfinite;power_missing_or_nonfinite;
2017-01-07 12:40:00+00:00,,,,,Kelmarsh 5,2050,wind_speed_missing_or_nonfinite;power_missing_or_nonfinite;
2017-01-07 12:50:00+00:00,,,,,Kelmarsh 5,2050,wind_speed_missing_or_nonfinite;power_missing_or_nonfinite;
2017-01-08 16:00:00+00:00,,,,,Kelmarsh 5,2050,wind_speed_missing_or_nonfinite;power_missing_or_nonfinite;
2017-01-08 16:10:00+00:00,,,,,Kelmarsh 5,2050,wind_speed_missing_or_nonfinite;power_missing_or_nonfinite;
2017-01-08 16:20:00+00:00,,,,,Kelmarsh 5,2050,wind_speed_missing_or_nonfinite;power_missing_or_nonfinite;
2017-01-08 16:30:00+00:00,,,,,Kelmarsh 5,2050,wind_speed_missing_or_nonfinite;power_missing_or_nonfinite;
2017-01-08 16:40:00+00:00,,,,,Kelmarsh 5,2050,wind_speed_missing_or_nonfinite;power_missing_or_nonfinite;
2017-01-08 16:50:00+00:00,,,,,Kelmarsh 5,2050,wind_speed_missing_or_nonfinite;power_missing_or_nonfinite;
2017-01-08 17:00:00+00:00,,,,,Kelmarsh 5,2050,wind_speed_missing_or_nonfinite;power_missing_or_nonfinite;
2017-01-08 17:10:00+00:00,,,,,Kelmarsh 5,2050,wind_speed_missing_or_nonfinite;power_missing_or_nonfinite;
2017-01-08 17:20:00+00:00,,,,,Kelmarsh 5,2050,wind_speed_missing_or_nonfinite;power_missing_or_nonfinite;
2017-01-08 17:30:00+00:00,,,,,Kelmarsh 5,2050,wind_speed_missing_or_nonfinite;power_missing_or_nonfinite;
2017-01-08 17:40:00+00:00,,,,,Kelmarsh 5,2050,wind_speed_missing_or_nonfinite;power_missing_or_nonfinite;
2017-01-08 17:50:00+00:00,,,,,Kelmarsh 5,2050,wind_speed_missing_or_nonfinite;power_missing_or_nonfinite;
2017-01-08 18:00:00+00:00,,,,,Kelmarsh 5,2050,wind_speed_missing_or_nonfinite;power_missing_or_nonfinite;
2017-01-08 18:10:00+00:00,,,,,Kelmarsh 5,2050,wind_speed_missing_or_nonfinite;power_missing_or_nonfinite;
2017-01-08 18:20:00+00:00,,,,,Kelmarsh 5,2050,wind_speed_missing_or_nonfinite;power_missing_or_nonfinite;
2017-01-08 18:30:00+00:00,,,,,Kelmarsh 5,2050,wind_speed_missing_or_nonfinite;power_missing_or_nonfinite;
2017-01-08 18:40:00+00:00,,,,,Kelmarsh 5,2050,wind_speed_missing_or_nonfinite;power_missing_or_nonfinite;
2017-01-08 18:50:00+00:00,,,,,Kelmarsh 5,2050,wind_speed_missing_or_nonfinite;power_missing_or_nonfinite;
2017-01-08 19:00:00+00:00,,,,,Kelmarsh 5,2050,wind_speed_missing_or_nonfinite;power_missing_or_nonfinite;
2017-01-08 19:10:00+00:00,,,,,Kelmarsh 5,2050,wind_speed_missing_or_nonfinite;power_missing_or_nonfinite;
2017-01-08 19:20:00+00:00,,,,,Kelmarsh 5,2050,wind_speed_missing_or_nonfinite;power_missing_or_nonfinite;
2017-01-08 19:30:00+00:00,,,,,Kelmarsh 5,2050,wind_speed_missing_or_nonfinite;power_missing_or_nonfinite;
2017-01-08 19:40:00+00:00,,,,,Kelmarsh 5,2050,wind_speed_missing_or_nonfinite;power_missing_or_nonfinite;
2017-01-08 19:50:00+00:00,,,,,Kelmarsh 5,2050,wind_speed_missing_or_nonfinite;power_missing_or_nonfinite;
2017-01-08 20:00:00+00:00,,,,,Kelmarsh 5,2050,wind_speed_missing_or_nonfinite;power_missing_or_nonfinite;
2017-01-08 20:10:00+00:00,,,,,Kelmarsh 5,2050,wind_speed_missing_or_nonfinite;power_missing_or_nonfinite;
2017-01-08 20:20:00+00:00,,,,,Kelmarsh 5,2050,wind_speed_missing_or_nonfinite;power_missing_or_nonfinite;
2017-01-08 20:30:00+00:00,,,,,Kelmarsh 5,2050,wind_speed_missing_or_nonfinite;power_missing_or_nonfinite;
2017-01-08 20:40:00+00:00,,,,,Kelmarsh 5,2050,wind_speed_missing_or_nonfinite;power_missing_or_nonfinite;
2017-01-08 20:50:00+00:00,,,,,Kelmarsh 5,2050,wind_speed_missing_or_nonfinite;power_missing_or_nonfinite;
2017-01-08 21:00:00+00:00,,,,,Kelmarsh 5,2050,wind_speed_missing_or_nonfinite;power_missing_or_nonfinite;
2017-01-08 21:10:00+00:00,,,,,Kelmarsh 5,2050,wind_speed_missing_or_nonfinite;power_missing_or_nonfinite;
2017-01-08 21:20:00+00:00,,,,,Kelmarsh 5,2050,wind_speed_missing_or_nonfinite;power_missing_or_nonfinite;
2017-01-08 21:30:00+00:00,,,,,Kelmarsh 5,2050,wind_speed_missing_or_nonfinite;power_missing_or_nonfinite;
2017-01-08 21:40:00+00:00,,,,,Kelmarsh 5,2050,wind_speed_missing_or_nonfinite;power_missing_or_nonfinite;
2017-01-08 21:50:00+00:00,,,,,Kelmarsh 5,2050,wind_speed_missing_or_nonfinite;power_missing_or_nonfinite;
2017-01-08 22:00:00+00:00,,,,,Kelmarsh 5,2050,wind_speed_missing_or_nonfinite;power_missing_or_nonfinite;
2017-01-08 22:10:00+00:00,,,,,Kelmarsh 5,2050,wind_speed_missing_or_nonfinite;power_missing_or_nonfinite;
2017-01-08 22:20:00+00:00,,,,,Kelmarsh 5,2050,wind_speed_missing_or_nonfinite;power_missing_or_nonfinite;
2017-01-08 22:30:00+00:00,,,,,Kelmarsh 5,2050,wind_speed_missing_or_nonfinite;power_missing_or_nonfinite;
2017-01-08 22:40:00+00:00,,,,,Kelmarsh 5,2050,wind_speed_missing_or_nonfinite;power_missing_or_nonfinite;
2017-01-08 22:50:00+00:00,,,,,Kelmarsh 5,2050,wind_speed_missing_or_nonfinite;power_missing_or_nonfinite;
2017-01-08 23:00:00+00:00,,,,,Kelmarsh 5,2050,wind_speed_missing_or_nonfinite;power_missing_or_nonfinite;
2017-01-08 23:10:00+00:00,,,,,Kelmarsh 5,2050,wind_speed_missing_or_nonfinite;power_missing_or_nonfinite;
2017-01-08 23:20:00+00:00,,,,,Kelmarsh 5,2050,wind_speed_missing_or_nonfinite;power_missing_or_nonfinite;
2017-01-08 23:30:00+00:00,,,,,Kelmarsh 5,2050,wind_speed_missing_or_nonfinite;power_missing_or_nonfinite;
2017-01-08 23:40:00+00:00,,,,,Kelmarsh 5,2050,wind_speed_missing_or_nonfinite;power_missing_or_nonfinite;
2017-01-08 23:50:00+00:00,,,,,Kelmarsh 5,2050,wind_speed_missing_or_nonfinite;power_missing_or_nonfinite;
2017-01-09 00:00:00+00:00,,,,,Kelmarsh 5,2050,wind_speed_missing_or_nonfinite;power_missing_or_nonfinite;
2017-01-09 00:10:00+00:00,,,,,Kelmarsh 5,2050,wind_speed_missing_or_nonfinite;power_missing_or_nonfinite;
2017-01-09 00:20:00+00:00,,,,,Kelmarsh 5,2050,wind_speed_missing_or_nonfinite;power_missing_or_nonfinite;
2017-01-09 00:30:00+00:00,,,,,Kelmarsh 5,2050,wind_speed_missing_or_nonfinite;power_missing_or_nonfinite;
2017-01-09 00:40:00+00:00,,,,,Kelmarsh 5,2050,wind_speed_missing_or_nonfinite;power_missing_or_nonfinite;
2017-01-09 00:50:00+00:00,,,,,Kelmarsh 5,2050,wind_speed_missing_or_nonfinite;power_missing_or_nonfinite;
2017-01-09 01:00:00+00:00,,,,,Kelmarsh 5,2050,wind_speed_missing_or_nonfinite;power_missing_or_nonfinite;
2017-01-09 01:10:00+00:00,,,,,Kelmarsh 5,2050,wind_speed_missing_or_nonfinite;power_missing_or_nonfinite;
2017-01-09 01:20:00+00:00,,,,,Kelmarsh 5,2050,wind_speed_missing_or_nonfinite;power_missing_or_nonfinite;
2017-01-09 01:30:00+00:00,,,,,Kelmarsh 5,2050,wind_speed_missing_or_nonfinite;power_missing_or_nonfinite;
2017-01-09 01:40:00+00:00,,,,,Kelmarsh 5,2050,wind_speed_missing_or_nonfinite;power_missing_or_nonfinite;
2017-01-09 01:50:00+00:00,,,,,Kelmarsh 5,2050,wind_speed_missing_or_nonfinite;power_missing_or_nonfinite;
2017-01-09 02:00:00+00:00,,,,,Kelmarsh 5,2050,wind_speed_missing_or_nonfinite;power_missing_or_nonfinite;
2017-01-09 02:10:00+00:00,,,,,Kelmarsh 5,2050,wind_speed_missing_or_nonfinite;power_missing_or_nonfinite;
2017-01-10 15:00:00+00:00,,,,,Kelmarsh 5,2050,wind_speed_missing_or_nonfinite;power_missing_or_nonfinite;
2017-01-10 15:10:00+00:00,,,,,Kelmarsh 5,2050,wind_speed_missing_or_nonfinite;power_missing_or_nonfinite;
2017-01-10 15:20:00+00:00,,,,,Kelmarsh 5,2050,wind_speed_missing_or_nonfinite;power_missing_or_nonfinite;
2017-01-10 15:30:00+00:00,,,,,Kelmarsh 5,2050,wind_speed_missing_or_nonfinite;power_missing_or_nonfinite;
2017-01-10 15:40:00+00:00,,,,,Kelmarsh 5,2050,wind_speed_missing_or_nonfinite;power_missing_or_nonfinite;
2017-01-10 15:50:00+00:00,,,,,Kelmarsh 5,2050,wind_speed_missing_or_nonfinite;power_missing_or_nonfinite;
2017-01-10 16:00:00+00:00,,,,,Kelmarsh 5,2050,wind_speed_missing_or_nonfinite;power_missing_or_nonfinite;
2017-01-10 16:10:00+00:00,,,,,Kelmarsh 5,2050,wind_speed_missing_or_nonfinite;power_missing_or_nonfinite;
2017-01-10 16:20:00+00:00,,,,,Kelmarsh 5,2050,wind_speed_missing_or_nonfinite;power_missing_or_nonfinite;
2017-01-10 16:30:00+00:00,,,,,Kelmarsh 5,2050,wind_speed_missing_or_nonfinite;power_missing_or_nonfinite;
2017-01-10 16:40:00+00:00,,,,,Kelmarsh 5,2050,wind_speed_missing_or_nonfinite;power_missing_or_nonfinite;
2017-01-10 16:50:00+00:00,,,,,Kelmarsh 5,2050,wind_speed_missing_or_nonfinite;power_missing_or_nonfinite;
2017-01-10 17:00:00+00:00,,,,,Kelmarsh 5,2050,wind_speed_missing_or_nonfinite;power_missing_or_nonfinite;
2017-01-10 17:10:00+00:00,,,,,Kelmarsh 5,2050,wind_speed_missing_or_nonfinite;power_missing_or_nonfinite;
2017-01-10 17:20:00+00:00,,,,,Kelmarsh 5,2050,wind_speed_missing_or_nonfinite;power_missing_or_nonfinite;
2017-01-10 17:30:00+00:00,,,,,Kelmarsh 5,2050,wind_speed_missing_or_nonfinite;power_missing_or_nonfinite;
2017-01-10 17:40:00+00:00,,,,,Kelmarsh 5,2050,wind_speed_missing_or_nonfinite;power_missing_or_nonfinite;
2017-01-10 17:50:00+00:00,,,,,Kelmarsh 5,2050,wind_speed_missing_or_nonfinite;power_missing_or_nonfinite;
2017-01-10 18:00:00+00:00,,,,,Kelmarsh 5,2050,wind_speed_missing_or_nonfinite;power_missing_or_nonfinite;
2017-01-10 18:10:00+00:00,,,,,Kelmarsh 5,2050,wind_speed_missing_or_nonfinite;power_missing_or_nonfinite;
2017-01-10 18:20:00+00:00,,,,,Kelmarsh 5,2050,wind_speed_missing_or_nonfinite;power_missing_or_nonfinite;
2017-01-10 18:30:00+00:00,,,,,Kelmarsh 5,2050,wind_speed_missing_or_nonfinite;power_missing_or_nonfinite;
2017-01-10 18:40:00+00:00,,,,,Kelmarsh 5,2050,wind_speed_missing_or_nonfinite;power_missing_or_nonfinite;
2017-01-10 18:50:00+00:00,,,,,Kelmarsh 5,2050,wind_speed_missing_or_nonfinite;power_missing_or_nonfinite;
2017-01-10 19:00:00+00:00,,,,,Kelmarsh 5,2050,wind_speed_missing_or_nonfinite;power_missing_or_nonfinite;
2017-01-10 19:10:00+00:00,,,,,Kelmarsh 5,2050,wind_speed_missing_or_nonfinite;power_missing_or_nonfinite;
2017-01-10 19:20:00+00:00,,,,,Kelmarsh 5,2050,wind_speed_missing_or_nonfinite;power_missing_or_nonfinite;
2017-01-10 19:30:00+00:00,,,,,Kelmarsh 5,2050,wind_speed_missing_or_nonfinite;power_missing_or_nonfinite;
2017-01-11 20:50:00+00:00,,,,,Kelmarsh 5,2050,wind_speed_missing_or_nonfinite;power_missing_or_nonfinite;
2017-01-11 21:00:00+00:00,,,,,Kelmarsh 5,2050,wind_speed_missing_or_nonfinite;power_missing_or_nonfinite;
2017-01-11 21:10:00+00:00,,,,,Kelmarsh 5,2050,wind_speed_missing_or_nonfinite;power_missing_or_nonfinite;
2017-01-11 21:20:00+00:00,,,,,Kelmarsh 5,2050,wind_speed_missing_or_nonfinite;power_missing_or_nonfinite;
2017-01-11 21:30:00+00:00,,,,,Kelmarsh 5,2050,wind_speed_missing_or_nonfinite;power_missing_or_nonfinite;
2017-01-11 21:40:00+00:00,,,,,Kelmarsh 5,2050,wind_speed_missing_or_nonfinite;power_missing_or_nonfinite;
2017-01-11 21:50:00+00:00,,,,,Kelmarsh 5,2050,wind_speed_missing_or_nonfinite;power_missing_or_nonfinite;
2017-01-11 22:00:00+00:00,,,,,Kelmarsh 5,2050,wind_speed_missing_or_nonfinite;power_missing_or_nonfinite;
2017-01-11 22:10:00+00:00,,,,,Kelmarsh 5,2050,wind_speed_missing_or_nonfinite;power_missing_or_nonfinite;
2017-01-11 22:20:00+00:00,,,,,Kelmarsh 5,2050,wind_speed_missing_or_nonfinite;power_missing_or_nonfinite;
2017-01-11 22:30:00+00:00,,,,,Kelmarsh 5,2050,wind_speed_missing_or_nonfinite;power_missing_or_nonfinite;
2017-01-11 22:40:00+00:00,,,,,Kelmarsh 5,2050,wind_speed_missing_or_nonfinite;power_missing_or_nonfinite;
2017-01-11 22:50:00+00:00,,,,,Kelmarsh 5,2050,wind_speed_missing_or_nonfinite;power_missing_or_nonfinite;
2017-01-11 23:00:00+00:00,,,,,Kelmarsh 5,2050,wind_speed_missing_or_nonfinite;power_missing_or_nonfinite;
2017-01-11 23:10:00+00:00,,,,,Kelmarsh 5,2050,wind_speed_missing_or_nonfinite;power_missing_or_nonfinite;
2017-01-11 23:20:00+00:00,,,,,Kelmarsh 5,2050,wind_speed_missing_or_nonfinite;power_missing_or_nonfinite;
2017-01-11 23:30:00+00:00,,,,,Kelmarsh 5,2050,wind_speed_missing_or_nonfinite;power_missing_or_nonfinite;
2017-01-11 23:40:00+00:00,,,,,Kelmarsh 5,2050,wind_speed_missing_or_nonfinite;power_missing_or_nonfinite;
2017-01-11 23:50:00+00:00,,,,,Kelmarsh 5,2050,wind_speed_missing_or_nonfinite;power_missing_or_nonfinite;
2017-01-12 00:00:00+00:00,,,,,Kelmarsh 5,2050,wind_speed_missing_or_nonfinite;power_missing_or_nonfinite;
2017-01-12 00:10:00+00:00,,,,,Kelmarsh 5,2050,wind_speed_missing_or_nonfinite;power_missing_or_nonfinite;
2017-01-12 00:20:00+00:00,,,,,Kelmarsh 5,2050,wind_speed_missing_or_nonfinite;power_missing_or_nonfinite;
2017-01-12 00:30:00+00:00,,,,,Kelmarsh 5,2050,wind_speed_missing_or_nonfinite;power_missing_or_nonfinite;
2017-01-12 00:40:00+00:00,,,,,Kelmarsh 5,2050,wind_speed_missing_or_nonfinite;power_missing_or_nonfinite;
2017-01-12 00:50:00+00:00,,,,,Kelmarsh 5,2050,wind_speed_missing_or_nonfinite;power_missing_or_nonfinite;
2017-01-12 01:00:00+00:00,,,,,Kelmarsh 5,2050,wind_speed_missing_or_nonfinite;power_missing_or_nonfinite;
2017-01-12 01:10:00+00:00,,,,,Kelmarsh 5,2050,wind_speed_missing_or_nonfinite;power_missing_or_nonfinite;
2017-01-12 01:20:00+00:00,,,,,Kelmarsh 5,2050,wind_speed_missing_or_nonfinite;power_missing_or_nonfinite;
2017-01-12 01:30:00+00:00,,,,,Kelmarsh 5,2050,wind_speed_missing_or_nonfinite;power_missing_or_nonfinite;
2017-01-12 01:40:00+00:00,,,,,Kelmarsh 5,2050,wind_speed_missing_or_nonfinite;power_missing_or_nonfinite;
2017-01-12 01:50:00+00:00,,,,,Kelmarsh 5,2050,wind_speed_missing_or_nonfinite;power_missing_or_nonfinite;
2017-01-12 02:00:00+00:00,,,,,Kelmarsh 5,2050,wind_speed_missing_or_nonfinite;power_missing_or_nonfinite;
2017-01-12 02:10:00+00:00,,,,,Kelmarsh 5,2050,wind_speed_missing_or_nonfinite;power_missing_or_nonfinite;
2017-01-12 02:20:00+00:00,,,,,Kelmarsh 5,2050,wind_speed_missing_or_nonfinite;power_missing_or_nonfinite;
2017-01-12 02:30:00+00:00,,,,,Kelmarsh 5,2050,wind_speed_missing_or_nonfinite;power_missing_or_nonfinite;
2017-01-12 02:40:00+00:00,,,,,Kelmarsh 5,2050,wind_speed_missing_or_nonfinite;power_missing_or_nonfinite;
2017-01-12 02:50:00+00:00,,,,,Kelmarsh 5,2050,wind_speed_missing_or_nonfinite;power_missing_or_nonfinite;
2017-01-12 03:00:00+00:00,,,,,Kelmarsh 5,2050,wind_speed_missing_or_nonfinite;power_missing_or_nonfinite;
2017-01-12 03:10:00+00:00,,,,,Kelmarsh 5,2050,wind_speed_missing_or_nonfinite;power_missing_or_nonfinite;
2017-01-12 03:20:00+00:00,,,,,Kelmarsh 5,2050,wind_speed_missing_or_nonfinite;power_missing_or_nonfinite;
2017-01-12 03:30:00+00:00,,,,,Kelmarsh 5,2050,wind_speed_missing_or_nonfinite;power_missing_or_nonfinite;
2017-01-12 03:40:00+00:00,,,,,Kelmarsh 5,2050,wind_speed_missing_or_nonfinite;power_missing_or_nonfinite;
2017-01-12 03:50:00+00:00,,,,,Kelmarsh 5,2050,wind_speed_missing_or_nonfinite;power_missing_or_nonfinite;
2017-01-12 04:00:00+00:00,,,,,Kelmarsh 5,2050,wind_speed_missing_or_nonfinite;power_missing_or_nonfinite;
2017-01-12 04:10:00+00:00,,,,,Kelmarsh 5,2050,wind_speed_missing_or_nonfinite;power_missing_or_nonfinite;
2017-01-12 04:20:00+00:00,,,,,Kelmarsh 5,2050,wind_speed_missing_or_nonfinite;power_missing_or_nonfinite;
2017-01-12 04:30:00+00:00,,,,,Kelmarsh 5,2050,wind_speed_missing_or_nonfinite;power_missing_or_nonfinite;
2017-01-12 04:40:00+00:00,,,,,Kelmarsh 5,2050,wind_speed_missing_or_nonfinite;power_missing_or_nonfinite;
2017-01-12 04:50:00+00:00,,,,,Kelmarsh 5,2050,wind_speed_missing_or_nonfinite;power_missing_or_nonfinite;
2017-01-12 05:00:00+00:00,,,,,Kelmarsh 5,2050,wind_speed_missing_or_nonfinite;power_missing_or_nonfinite;
2017-01-12 05:10:00+00:00,,,,,Kelmarsh 5,2050,wind_speed_missing_or_nonfinite;power_missing_or_nonfinite;
2017-01-12 05:20:00+00:00,,,,,Kelmarsh 5,2050,wind_speed_missing_or_nonfinite;power_missing_or_nonfinite;
2017-01-12 05:30:00+00:00,,,,,Kelmarsh 5,2050,wind_speed_missing_or_nonfinite;power_missing_or_nonfinite;
2017-01-12 05:40:00+00:00,,,,,Kelmarsh 5,2050,wind_speed_missing_or_nonfinite;power_missing_or_nonfinite;
2017-01-12 05:50:00+00:00,,,,,Kelmarsh 5,2050,wind_speed_missing_or_nonfinite;power_missing_or_nonfinite;
2017-01-12 06:00:00+00:00,,,,,Kelmarsh 5,2050,wind_speed_missing_or_nonfinite;power_missing_or_nonfinite;
2017-01-12 06:10:00+00:00,,,,,Kelmarsh 5,2050,wind_speed_missing_or_nonfinite;power_missing_or_nonfinite;
2017-01-12 06:20:00+00:00,,,,,Kelmarsh 5,2050,wind_speed_missing_or_nonfinite;power_missing_or_nonfinite;
2017-01-12 06:30:00+00:00,,,,,Kelmarsh 5,2050,wind_speed_missing_or_nonfinite;power_missing_or_nonfinite;
2017-01-12 06:40:00+00:00,,,,,Kelmarsh 5,2050,wind_speed_missing_or_nonfinite;power_missing_or_nonfinite;
2017-01-12 06:50:00+00:00,,,,,Kelmarsh 5,2050,wind_speed_missing_or_nonfinite;power_missing_or_nonfinite;
2017-01-12 07:00:00+00:00,,,,,Kelmarsh 5,2050,wind_speed_missing_or_nonfinite;power_missing_or_nonfinite;
2017-01-12 07:10:00+00:00,,,,,Kelmarsh 5,2050,wind_speed_missing_or_nonfinite;power_missing_or_nonfinite;
2017-01-12 07:20:00+00:00,,,,,Kelmarsh 5,2050,wind_speed_missing_or_nonfinite;power_missing_or_nonfinite;
2017-01-12 07:30:00+00:00,,,,,Kelmarsh 5,2050,wind_speed_missing_or_nonfinite;power_missing_or_nonfinite;
2017-01-12 07:40:00+00:00,,,,,Kelmarsh 5,2050,wind_speed_missing_or_nonfinite;power_missing_or_nonfinite;
2017-01-12 07:50:00+00:00,,,,,Kelmarsh 5,2050,wind_speed_missing_or_nonfinite;power_missing_or_nonfinite;
2017-01-12 08:00:00+00:00,,,,,Kelmarsh 5,2050,wind_speed_missing_or_nonfinite;power_missing_or_nonfinite;
2017-01-12 08:10:00+00:00,,,,,Kelmarsh 5,2050,wind_speed_missing_or_nonfinite;power_missing_or_nonfinite;
2017-01-12 08:20:00+00:00,,,,,Kelmarsh 5,2050,wind_speed_missing_or_nonfinite;power_missing_or_nonfinite;
2017-01-12 08:30:00+00:00,,,,,Kelmarsh 5,2050,wind_speed_missing_or_nonfinite;power_missing_or_nonfinite;
2017-01-12 08:40:00+00:00,,,,,Kelmarsh 5,2050,wind_speed_missing_or_nonfinite;power_missing_or_nonfinite;
2017-01-12 08:50:00+00:00,,,,,Kelmarsh 5,2050,wind_speed_missing_or_nonfinite;power_missing_or_nonfinite;
2017-01-12 09:00:00+00:00,,,,,Kelmarsh 5,2050,wind_speed_missing_or_nonfinite;power_missing_or_nonfinite;
2017-01-12 09:10:00+00:00,,,,,Kelmarsh 5,2050,wind_speed_missing_or_nonfinite;power_missing_or_nonfinite;
2017-01-12 09:20:00+00:00,,,,,Kelmarsh 5,2050,wind_speed_missing_or_nonfinite;power_missing_or_nonfinite;
2017-01-12 09:30:00+00:00,,,,,Kelmarsh 5,2050,wind_speed_missing_or_nonfinite;power_missing_or_nonfinite;
2017-01-12 09:40:00+00:00,,,,,Kelmarsh 5,2050,wind_speed_missing_or_nonfinite;power_missing_or_nonfinite;
2017-01-12 09:50:00+00:00,,,,,Kelmarsh 5,2050,wind_speed_missing_or_nonfinite;power_missing_or_nonfinite;
2017-01-12 10:00:00+00:00,,,,,Kelmarsh 5,2050,wind_speed_missing_or_nonfinite;power_missing_or_nonfinite;
2017-01-12 10:10:00+00:00,,,,,Kelmarsh 5,2050,wind_speed_missing_or_nonfinite;power_missing_or_nonfinite;
2017-01-12 10:20:00+00:00,,,,,Kelmarsh 5,2050,wind_speed_missing_or_nonfinite;power_missing_or_nonfinite;
2017-01-12 10:30:00+00:00,,,,,Kelmarsh 5,2050,wind_speed_missing_or_nonfinite;power_missing_or_nonfinite;
2017-01-25 07:40:00+00:00,,,,,Kelmarsh 5,2050,wind_speed_missing_or_nonfinite;power_missing_or_nonfinite;
2017-01-25 07:50:00+00:00,,,,,Kelmarsh 5,2050,wind_speed_missing_or_nonfinite;power_missing_or_nonfinite;
2017-01-25 08:00:00+00:00,,,,,Kelmarsh 5,2050,wind_speed_missing_or_nonfinite;power_missing_or_nonfinite;
2017-01-25 08:10:00+00:00,,,,,Kelmarsh 5,2050,wind_speed_missing_or_nonfinite;power_missing_or_nonfinite;
2017-01-25 08:20:00+00:00,,,,,Kelmarsh 5,2050,wind_speed_missing_or_nonfinite;power_missing_or_nonfinite;
2017-01-25 08:30:00+00:00,,,,,Kelmarsh 5,2050,wind_speed_missing_or_nonfinite;power_missing_or_nonfinite;
2017-01-25 08:40:00+00:00,,,,,Kelmarsh 5,2050,wind_speed_missing_or_nonfinite;power_missing_or_nonfinite;
2017-01-25 08:50:00+00:00,,,,,Kelmarsh 5,2050,wind_speed_missing_or_nonfinite;power_missing_or_nonfinite;
2017-01-25 09:00:00+00:00,,,,,Kelmarsh 5,2050,wind_speed_missing_or_nonfinite;power_missing_or_nonfinite;
2017-01-25 09:10:00+00:00,,,,,Kelmarsh 5,2050,wind_speed_missing_or_nonfinite;power_missing_or_nonfinite;
2017-01-25 09:20:00+00:00,,,,,Kelmarsh 5,2050,wind_speed_missing_or_nonfinite;power_missing_or_nonfinite;
2017-01-25 09:30:00+00:00,,,,,Kelmarsh 5,2050,wind_speed_missing_or_nonfinite;power_missing_or_nonfinite;
2017-01-25 09:40:00+00:00,,,,,Kelmarsh 5,2050,wind_speed_missing_or_nonfinite;power_missing_or_nonfinite;
2017-01-25 09:50:00+00:00,,,,,Kelmarsh 5,2050,wind_speed_missing_or_nonfinite;power_missing_or_nonfinite;
2017-01-25 10:00:00+00:00,,,,,Kelmarsh 5,2050,wind_speed_missing_or_nonfinite;power_missing_or_nonfinite;
2017-01-25 10:10:00+00:00,,,,,Kelmarsh 5,2050,wind_speed_missing_or_nonfinite;power_missing_or_nonfinite;
2017-01-25 10:20:00+00:00,,,,,Kelmarsh 5,2050,wind_speed_missing_or_nonfinite;power_missing_or_nonfinite;
2017-01-25 10:30:00+00:00,,,,,Kelmarsh 5,2050,wind_speed_missing_or_nonfinite;power_missing_or_nonfinite;
2017-01-25 10:40:00+00:00,,,,,Kelmarsh 5,2050,wind_speed_missing_or_nonfinite;power_missing_or_nonfinite;
2017-01-25 10:50:00+00:00,,,,,Kelmarsh 5,2050,wind_speed_missing_or_nonfinite;power_missing_or_nonfinite;
2017-01-25 11:00:00+00:00,,,,,Kelmarsh 5,2050,wind_speed_missing_or_nonfinite;power_missing_or_nonfinite;
2017-01-25 11:10:00+00:00,,,,,Kelmarsh 5,2050,wind_speed_missing_or_nonfinite;power_missing_or_nonfinite;
2017-01-25 11:20:00+00:00,,,,,Kelmarsh 5,2050,wind_speed_missing_or_nonfinite;power_missing_or_nonfinite;
2017-01-25 11:30:00+00:00,,,,,Kelmarsh 5,2050,wind_speed_missing_or_nonfinite;power_missing_or_nonfinite;
2017-01-25 11:40:00+00:00,,,,,Kelmarsh 5,2050,wind_speed_missing_or_nonfinite;power_missing_or_nonfinite;
2017-01-25 11:50:00+00:00,,,,,Kelmarsh 5,2050,wind_speed_missing_or_nonfinite;power_missing_or_nonfinite;
2017-01-25 12:00:00+00:00,,,,,Kelmarsh 5,2050,wind_speed_missing_or_nonfinite;power_missing_or_nonfinite;
2017-01-25 12:10:00+00:00,,,,,Kelmarsh 5,2050,wind_speed_missing_or_nonfinite;power_missing_or_nonfinite;
2017-01-25 12:20:00+00:00,,,,,Kelmarsh 5,2050,wind_speed_missing_or_nonfinite;power_missing_or_nonfinite;
2017-01-25 12:30:00+00:00,,,,,Kelmarsh 5,2050,wind_speed_missing_or_nonfinite;power_missing_or_nonfinite;
2017-01-25 12:40:00+00:00,,,,,Kelmarsh 5,2050,wind_speed_missing_or_nonfinite;power_missing_or_nonfinite;
2017-01-25 12:50:00+00:00,,,,,Kelmarsh 5,2050,wind_speed_missing_or_nonfinite;power_missing_or_nonfinite;
2017-01-25 13:00:00+00:00,,,,,Kelmarsh 5,2050,wind_speed_missing_or_nonfinite;power_missing_or_nonfinite;
2017-01-25 13:10:00+00:00,,,,,Kelmarsh 5,2050,wind_speed_missing_or_nonfinite;power_missing_or_nonfinite;
2017-01-25 13:20:00+00:00,,,,,Kelmarsh 5,2050,wind_speed_missing_or_nonfinite;power_missing_or_nonfinite;
2017-01-25 13:30:00+00:00,,,,,Kelmarsh 5,2050,wind_speed_missing_or_nonfinite;power_missing_or_nonfinite;
2017-01-25 13:40:00+00:00,,,,,Kelmarsh 5,2050,wind_speed_missing_or_nonfinite;power_missing_or_nonfinite;
2017-01-25 13:50:00+00:00,,,,,Kelmarsh 5,2050,wind_speed_missing_or_nonfinite;power_missing_or_nonfinite;
2017-01-25 14:00:00+00:00,,,,,Kelmarsh 5,2050,wind_speed_missing_or_nonfinite;power_missing_or_nonfinite;
2017-01-25 14:10:00+00:00,,,,,Kelmarsh 5,2050,wind_speed_missing_or_nonfinite;power_missing_or_nonfinite;
2017-01-25 14:20:00+00:00,,,,,Kelmarsh 5,2050,wind_speed_missing_or_nonfinite;power_missing_or_nonfinite;
2017-01-25 14:30:00+00:00,,,,,Kelmarsh 5,2050,wind_speed_missing_or_nonfinite;power_missing_or_nonfinite;
2017-01-25 14:40:00+00:00,,,,,Kelmarsh 5,2050,wind_speed_missing_or_nonfinite;power_missing_or_nonfinite;
2017-01-25 14:50:00+00:00,,,,,Kelmarsh 5,2050,wind_speed_missing_or_nonfinite;power_missing_or_nonfinite;
2017-01-25 15:00:00+00:00,,,,,Kelmarsh 5,2050,wind_speed_missing_or_nonfinite;power_missing_or_nonfinite;
2017-01-25 15:10:00+00:00,,,,,Kelmarsh 5,2050,wind_speed_missing_or_nonfinite;power_missing_or_nonfinite;
2017-01-25 15:20:00+00:00,,,,,Kelmarsh 5,2050,wind_speed_missing_or_nonfinite;power_missing_or_nonfinite;
2017-01-25 15:30:00+00:00,,,,,Kelmarsh 5,2050,wind_speed_missing_or_nonfinite;power_missing_or_nonfinite;
2017-01-25 15:40:00+00:00,,,,,Kelmarsh 5,2050,wind_speed_missing_or_nonfinite;power_missing_or_nonfinite;
2017-01-25 15:50:00+00:00,,,,,Kelmarsh 5,2050,wind_speed_missing_or_nonfinite;power_missing_or_nonfinite;
2017-01-25 16:00:00+00:00,,,,,Kelmarsh 5,2050,wind_speed_missing_or_nonfinite;power_missing_or_nonfinite;
2017-01-25 16:10:00+00:00,,,,,Kelmarsh 5,2050,wind_speed_missing_or_nonfinite;power_missing_or_nonfinite;
2017-01-25 16:20:00+00:00,,,,,Kelmarsh 5,2050,wind_speed_missing_or_nonfinite;power_missing_or_nonfinite;
2017-01-25 16:30:00+00:00,,,,,Kelmarsh 5,2050,wind_speed_missing_or_nonfinite;power_missing_or_nonfinite;
2017-01-25 16:40:00+00:00,,,,,Kelmarsh 5,2050,wind_speed_missing_or_nonfinite;power_missing_or_nonfinite;
2017-01-25 16:50:00+00:00,,,,,Kelmarsh 5,2050,wind_speed_missing_or_nonfinite;power_missing_or_nonfinite;
2017-01-25 17:00:00+00:00,,,,,Kelmarsh 5,2050,wind_speed_missing_or_nonfinite;power_missing_or_nonfinite;
2017-01-25 17:10:00+00:00,,,,,Kelmarsh 5,2050,wind_speed_missing_or_nonfinite;power_missing_or_nonfinite;
2017-01-25 17:20:00+00:00,,,,,Kelmarsh 5,2050,wind_speed_missing_or_nonfinite;power_missing_or_nonfinite;
2017-01-25 17:30:00+00:00,,,,,Kelmarsh 5,2050,wind_speed_missing_or_nonfinite;power_missing_or_nonfinite;
2017-01-25 17:40:00+00:00,,,,,Kelmarsh 5,2050,wind_speed_missing_or_nonfinite;power_missing_or_nonfinite;
2017-01-25 17:50:00+00:00,,,,,Kelmarsh 5,2050,wind_speed_missing_or_nonfinite;power_missing_or_nonfinite;
2017-01-25 18:00:00+00:00,,,,,Kelmarsh 5,2050,wind_speed_missing_or_nonfinite;power_missing_or_nonfinite;
2017-01-25 18:10:00+00:00,,,,,Kelmarsh 5,2050,wind_speed_missing_or_nonfinite;power_missing_or_nonfinite;
2017-01-25 18:20:00+00:00,,,,,Kelmarsh 5,2050,wind_speed_missing_or_nonfinite;power_missing_or_nonfinite;
2017-01-25 18:30:00+00:00,,,,,Kelmarsh 5,2050,wind_speed_missing_or_nonfinite;power_missing_or_nonfinite;
2017-01-25 18:40:00+00:00,,,,,Kelmarsh 5,2050,wind_speed_missing_or_nonfinite;power_missing_or_nonfinite;
2017-01-25 18:50:00+00:00,,,,,Kelmarsh 5,2050,wind_speed_missing_or_nonfinite;power_missing_or_nonfinite;
2017-01-25 19:00:00+00:00,,,,,Kelmarsh 5,2050,wind_speed_missing_or_nonfinite;power_missing_or_nonfinite;
2017-01-25 19:10:00+00:00,,,,,Kelmarsh 5,2050,wind_speed_missing_or_nonfinite;power_missing_or_nonfinite;
2017-01-25 19:20:00+00:00,,,,,Kelmarsh 5,2050,wind_speed_missing_or_nonfinite;power_missing_or_nonfinite;
2017-01-25 19:30:00+00:00,,,,,Kelmarsh 5,2050,wind_speed_missing_or_nonfinite;power_missing_or_nonfinite;
2017-01-25 19:40:00+00:00,,,,,Kelmarsh 5,2050,wind_speed_missing_or_nonfinite;power_missing_or_nonfinite;
2017-01-25 19:50:00+00:00,,,,,Kelmarsh 5,2050,wind_speed_missing_or_nonfinite;power_missing_or_nonfinite;
2017-01-25 20:00:00+00:00,,,,,Kelmarsh 5,2050,wind_speed_missing_or_nonfinite;power_missing_or_nonfinite;
2017-01-25 20:10:00+00:00,,,,,Kelmarsh 5,2050,wind_speed_missing_or_nonfinite;power_missing_or_nonfinite;
2017-01-27 12:00:00+00:00,,,,,Kelmarsh 5,2050,wind_speed_missing_or_nonfinite;power_missing_or_nonfinite;
2017-01-27 12:10:00+00:00,,,,,Kelmarsh 5,2050,wind_speed_missing_or_nonfinite;power_missing_or_nonfinite;
2017-01-27 12:30:00+00:00,,,,,Kelmarsh 5,2050,wind_speed_missing_or_nonfinite;power_missing_or_nonfinite;
2017-01-27 12:40:00+00:00,,,,,Kelmarsh 5,2050,wind_speed_missing_or_nonfinite;power_missing_or_nonfinite;
2017-01-27 17:20:00+00:00,,,,,Kelmarsh 5,2050,wind_speed_missing_or_nonfinite;power_missing_or_nonfinite;
2017-01-28 08:00:00+00:00,,,,,Kelmarsh 5,2050,wind_speed_missing_or_nonfinite;power_missing_or_nonfinite;
2017-01-28 08:30:00+00:00,,,,,Kelmarsh 5,2050,wind_speed_missing_or_nonfinite;power_missing_or_nonfinite;
2017-01-28 09:10:00+00:00,,,,,Kelmarsh 5,2050,wind_speed_missing_or_nonfinite;power_missing_or_nonfinite;
2017-01-28 09:20:00+00:00,,176.43975830078125,-1.343827247619629,6.599999904632568,Kelmarsh 5,2050,wind_speed_missing_or_nonfinite;
2017-01-28 09:30:00+00:00,,176.43975830078125,0.0,6.599999904632568,Kelmarsh 5,2050,wind_speed_missing_or_nonfinite;
2017-01-28 09:40:00+00:00,,176.43975830078125,-1.8106989860534668,6.079999923706055,Kelmarsh 5,2050,wind_speed_missing_or_nonfinite;
2017-01-28 09:50:00+00:00,,176.43975830078125,-1.1347545385360718,5.824999809265137,Kelmarsh 5,2050,wind_speed_missing_or_nonfinite;
2017-01-28 10:00:00+00:00,,176.43975830078125,-0.9779055118560792,5.619999885559082,Kelmarsh 5,2050,wind_speed_missing_or_nonfinite;
2017-01-28 10:10:00+00:00,,176.43975830078125,-1.0723350048065186,5.392499923706055,Kelmarsh 5,2050,wind_speed_missing_or_nonfinite;
2017-01-28 10:20:00+00:00,,176.43975830078125,-0.9688360095024108,5.352499961853027,Kelmarsh 5,2050,wind_speed_missing_or_nonfinite;
2017-01-28 10:30:00+00:00,,176.43975830078125,-0.8482650518417358,5.25,Kelmarsh 5,2050,wind_speed_missing_or_nonfinite;
2017-01-28 10:40:00+00:00,,176.43975830078125,-2.057176113128662,5.34250020980835,Kelmarsh 5,2050,wind_speed_missing_or_nonfinite;
2017-01-28 10:50:00+00:00,,176.43975830078125,-1.3844325542449951,5.552499771118164,Kelmarsh 5,2050,wind_speed_missing_or_nonfinite;
2017-01-28 11:00:00+00:00,,176.43975830078125,-1.0670000314712524,5.892499923706055,Kelmarsh 5,2050,wind_speed_missing_or_nonfinite;
2017-01-28 11:10:00+00:00,,176.43975830078125,-1.2862685918807983,5.994999885559082,Kelmarsh 5,2050,wind_speed_missing_or_nonfinite;
2017-01-28 11:20:00+00:00,,176.43975830078125,-1.398303508758545,6.240000247955322,Kelmarsh 5,2050,wind_speed_missing_or_nonfinite;
2017-01-28 11:30:00+00:00,,176.43975830078125,-0.9090840220451356,6.355000019073486,Kelmarsh 5,2050,wind_speed_missing_or_nonfinite;
2017-01-28 11:40:00+00:00,,176.43975830078125,-1.2121120691299438,6.579999923706055,Kelmarsh 5,2050,wind_speed_missing_or_nonfinite;
2017-01-28 11:50:00+00:00,,176.43975830078125,-1.4079065322875977,6.590000152587891,Kelmarsh 5,2050,wind_speed_missing_or_nonfinite;
2017-01-28 12:00:00+00:00,,176.43975830078125,-0.9240220189094543,6.614999771118164,Kelmarsh 5,2050,wind_speed_missing_or_nonfinite;
2017-01-28 12:10:00+00:00,,176.43975830078125,-1.0723350048065186,6.637499809265137,Kelmarsh 5,2050,wind_speed_missing_or_nonfinite;
2017-01-28 12:20:00+00:00,,176.43975830078125,-1.5716910362243652,6.71999979019165,Kelmarsh 5,2050,wind_speed_missing_or_nonfinite;
2017-01-28 12:30:00+00:00,,176.43975830078125,-1.314010500907898,6.71999979019165,Kelmarsh 5,2050,wind_speed_missing_or_nonfinite;
2017-01-28 12:40:00+00:00,,176.43975830078125,-0.9421610236167908,6.699999809265137,Kelmarsh 5,2050,wind_speed_missing_or_nonfinite;
2017-01-28 12:50:00+00:00,,176.43975830078125,-1.6687880754470823,6.699999809265137,Kelmarsh 5,2050,wind_speed_missing_or_nonfinite;
2017-01-28 13:00:00+00:00,,176.43975830078125,-0.90961754322052,6.869999885559082,Kelmarsh 5,2050,wind_speed_missing_or_nonfinite;
2017-01-28 13:10:00+00:00,,176.43975830078125,-1.1646305322647097,6.927500247955322,Kelmarsh 5,2050,wind_speed_missing_or_nonfinite;
2017-01-28 13:20:00+00:00,,176.43975830078125,-1.3465540409088137,6.857500076293945,Kelmarsh 5,2050,wind_speed_missing_or_nonfinite;
2017-01-28 13:30:00+00:00,,176.43975830078125,-0.9880420565605164,6.789999961853027,Kelmarsh 5,2050,wind_speed_missing_or_nonfinite;
2017-01-28 13:40:00+00:00,,176.43975830078125,-1.047793984413147,6.775000095367432,Kelmarsh 5,2050,wind_speed_missing_or_nonfinite;
2017-01-28 13:50:00+00:00,,176.43975830078125,-1.7482795715332031,6.792500019073486,Kelmarsh 5,2050,wind_speed_missing_or_nonfinite;
2017-01-28 14:00:00+00:00,,176.43975830078125,-0.8824090361595154,6.757500171661377,Kelmarsh 5,2050,wind_speed_missing_or_nonfinite;
2017-01-28 14:10:00+00:00,,176.43975830078125,-1.315077543258667,6.710000038146973,Kelmarsh 5,2050,wind_speed_missing_or_nonfinite;
2017-01-28 14:20:00+00:00,,176.43975830078125,-1.4692590236663818,6.699999809265137,Kelmarsh 5,2050,wind_speed_missing_or_nonfinite;
2017-01-28 14:30:00+00:00,,176.43975830078125,-1.138489007949829,6.785000324249268,Kelmarsh 5,2050,wind_speed_missing_or_nonfinite;
2017-01-28 14:40:00+00:00,,176.43975830078125,-1.2046430110931396,6.810000419616699,Kelmarsh 5,2050,wind_speed_missing_or_nonfinite;
2017-01-28 14:50:00+00:00,,176.43975830078125,-1.426045536994934,6.875,Kelmarsh 5,2050,wind_speed_missing_or_nonfinite;
2017-01-28 15:00:00+00:00,,176.43975830078125,-1.002446532249451,6.800000190734863,Kelmarsh 5,2050,wind_speed_missing_or_nonfinite;
2017-01-28 15:10:00+00:00,,176.43975830078125,-1.2403875589370728,6.820000171661377,Kelmarsh 5,2050,wind_speed_missing_or_nonfinite;
2017-01-28 15:20:00+00:00,,176.43975830078125,-1.442050576210022,6.820000171661377,Kelmarsh 5,2050,wind_speed_missing_or_nonfinite;
2017-01-28 15:30:00+00:00,,176.43975830078125,-0.8722724914550781,6.87000036239624,Kelmarsh 5,2050,wind_speed_missing_or_nonfinite;
2017-01-28 15:40:00+00:00,,176.43975830078125,-1.1342209577560425,6.929999828338623,Kelmarsh 5,2050,wind_speed_missing_or_nonfinite;
2017-01-28 15:50:00+00:00,,176.43975830078125,-1.7584160566329956,6.800000190734863,Kelmarsh 5,2050,wind_speed_missing_or_nonfinite;
2017-01-28 16:00:00+00:00,,176.43975830078125,-1.1011440753936768,6.684999942779541,Kelmarsh 5,2050,wind_speed_missing_or_nonfinite;
2017-01-28 16:10:00+00:00,,176.43975830078125,-0.9992455244064332,6.46999979019165,Kelmarsh 5,2050,wind_speed_missing_or_nonfinite;
2017-01-28 16:20:00+00:00,,176.43975830078125,-1.6330435276031494,6.360000133514404,Kelmarsh 5,2050,wind_speed_missing_or_nonfinite;
2017-01-28 16:30:00+00:00,,176.43975830078125,-1.642646551132202,5.9375,Kelmarsh 5,2050,wind_speed_missing_or_nonfinite;
2017-01-28 16:40:00+00:00,,176.43975830078125,-1.1406230926513672,5.647500038146973,Kelmarsh 5,2050,wind_speed_missing_or_nonfinite;
2017-01-28 16:50:00+00:00,,176.43975830078125,-1.2265164852142334,5.659999847412109,Kelmarsh 5,2050,wind_speed_missing_or_nonfinite;
2017-01-28 17:00:00+00:00,,176.43975830078125,-1.928068995475769,5.637499809265137,Kelmarsh 5,2050,wind_speed_missing_or_nonfinite;
2017-01-28 17:10:00+00:00,,176.43975830078125,-1.2347561120986938,5.419444561004639,Kelmarsh 5,2050,wind_speed_missing_or_nonfinite;
2017-02-10 13:40:00+00:00,,190.0835418701172,-3.819859981536865,0.800000011920929,Kelmarsh 5,2050,wind_speed_missing_or_nonfinite;
2017-02-10 14:20:00+00:00,,,,,Kelmarsh 5,2050,wind_speed_missing_or_nonfinite;power_missing_or_nonfinite;
2017-02-14 10:50:00+00:00,,,,,Kelmarsh 5,2050,wind_speed_missing_or_nonfinite;power_missing_or_nonfinite;
2017-02-14 11:00:00+00:00,,,,,Kelmarsh 5,2050,wind_speed_missing_or_nonfinite;power_missing_or_nonfinite;
2017-02-22 13:00:00+00:00,,,,,Kelmarsh 5,2050,wind_speed_missing_or_nonfinite;power_missing_or_nonfinite;
2017-03-02 12:50:00+00:00,,,,,Kelmarsh 5,2050,wind_speed_missing_or_nonfinite;power_missing_or_nonfinite;
2017-03-02 13:00:00+00:00,,,,,Kelmarsh 5,2050,wind_speed_missing_or_nonfinite;power_missing_or_nonfinite;
2017-03-02 13:10:00+00:00,,,,,Kelmarsh 5,2050,wind_speed_missing_or_nonfinite;power_missing_or_nonfinite;
2017-03-02 13:20:00+00:00,,,,,Kelmarsh 5,2050,wind_speed_missing_or_nonfinite;power_missing_or_nonfinite;
2017-03-02 13:30:00+00:00,,,,,Kelmarsh 5,2050,wind_speed_missing_or_nonfinite;power_missing_or_nonfinite;
2017-03-02 13:40:00+00:00,,,,,Kelmarsh 5,2050,wind_speed_missing_or_nonfinite;power_missing_or_nonfinite;
2017-03-02 13:50:00+00:00,,,,,Kelmarsh 5,2050,wind_speed_missing_or_nonfinite;power_missing_or_nonfinite;
2017-03-02 14:00:00+00:00,,,,,Kelmarsh 5,2050,wind_speed_missing_or_nonfinite;power_missing_or_nonfinite;
2017-03-11 00:00:00+00:00,,,,,Kelmarsh 5,2050,wind_speed_missing_or_nonfinite;power_missing_or_nonfinite;
2017-03-11 00:10:00+00:00,,,,,Kelmarsh 5,2050,wind_speed_missing_or_nonfinite;power_missing_or_nonfinite;
2017-03-11 00:20:00+00:00,,,,,Kelmarsh 5,2050,wind_speed_missing_or_nonfinite;power_missing_or_nonfinite;
2017-03-11 00:30:00+00:00,,,,,Kelmarsh 5,2050,wind_speed_missing_or_nonfinite;power_missing_or_nonfinite;
2017-03-11 00:40:00+00:00,,,,,Kelmarsh 5,2050,wind_speed_missing_or_nonfinite;power_missing_or_nonfinite;
2017-03-11 00:50:00+00:00,,,,,Kelmarsh 5,2050,wind_speed_missing_or_nonfinite;power_missing_or_nonfinite;
2017-03-11 01:00:00+00:00,,,,,Kelmarsh 5,2050,wind_speed_missing_or_nonfinite;power_missing_or_nonfinite;
2017-03-11 01:10:00+00:00,,,,,Kelmarsh 5,2050,wind_speed_missing_or_nonfinite;power_missing_or_nonfinite;
2017-03-11 01:20:00+00:00,,,,,Kelmarsh 5,2050,wind_speed_missing_or_nonfinite;power_missing_or_nonfinite;
2017-03-11 01:30:00+00:00,,,,,Kelmarsh 5,2050,wind_speed_missing_or_nonfinite;power_missing_or_nonfinite;
2017-03-11 01:40:00+00:00,,,,,Kelmarsh 5,2050,wind_speed_missing_or_nonfinite;power_missing_or_nonfinite;
2017-03-11 01:50:00+00:00,,,,,Kelmarsh 5,2050,wind_speed_missing_or_nonfinite;power_missing_or_nonfinite;
2017-03-11 02:00:00+00:00,,,,,Kelmarsh 5,2050,wind_speed_missing_or_nonfinite;power_missing_or_nonfinite;
2017-03-11 02:10:00+00:00,,,,,Kelmarsh 5,2050,wind_speed_missing_or_nonfinite;power_missing_or_nonfinite;
2017-03-11 02:20:00+00:00,,,,,Kelmarsh 5,2050,wind_speed_missing_or_nonfinite;power_missing_or_nonfinite;
2017-03-11 02:30:00+00:00,,,,,Kelmarsh 5,2050,wind_speed_missing_or_nonfinite;power_missing_or_nonfinite;
2017-03-11 02:40:00+00:00,,,,,Kelmarsh 5,2050,wind_speed_missing_or_nonfinite;power_missing_or_nonfinite;
2017-03-11 02:50:00+00:00,,,,,Kelmarsh 5,2050,wind_speed_missing_or_nonfinite;power_missing_or_nonfinite;
2017-03-11 03:00:00+00:00,,,,,Kelmarsh 5,2050,wind_speed_missing_or_nonfinite;power_missing_or_nonfinite;
2017-03-11 03:10:00+00:00,,,,,Kelmarsh 5,2050,wind_speed_missing_or_nonfinite;power_missing_or_nonfinite;
2017-03-11 03:20:00+00:00,,,,,Kelmarsh 5,2050,wind_speed_missing_or_nonfinite;power_missing_or_nonfinite;
2017-03-11 03:30:00+00:00,,,,,Kelmarsh 5,2050,wind_speed_missing_or_nonfinite;power_missing_or_nonfinite;
2017-03-11 03:40:00+00:00,,,,,Kelmarsh 5,2050,wind_speed_missing_or_nonfinite;power_missing_or_nonfinite;
2017-03-11 03:50:00+00:00,,,,,Kelmarsh 5,2050,wind_speed_missing_or_nonfinite;power_missing_or_nonfinite;
2017-03-11 04:00:00+00:00,,,,,Kelmarsh 5,2050,wind_speed_missing_or_nonfinite;power_missing_or_nonfinite;
2017-03-11 04:10:00+00:00,,,,,Kelmarsh 5,2050,wind_speed_missing_or_nonfinite;power_missing_or_nonfinite;
2017-03-11 04:20:00+00:00,,,,,Kelmarsh 5,2050,wind_speed_missing_or_nonfinite;power_missing_or_nonfinite;
2017-03-11 04:30:00+00:00,,,,,Kelmarsh 5,2050,wind_speed_missing_or_nonfinite;power_missing_or_nonfinite;
2017-03-11 04:40:00+00:00,,,,,Kelmarsh 5,2050,wind_speed_missing_or_nonfinite;power_missing_or_nonfinite;
2017-03-11 04:50:00+00:00,,,,,Kelmarsh 5,2050,wind_speed_missing_or_nonfinite;power_missing_or_nonfinite;
2017-03-11 05:00:00+00:00,,,,,Kelmarsh 5,2050,wind_speed_missing_or_nonfinite;power_missing_or_nonfinite;
2017-03-11 05:10:00+00:00,,,,,Kelmarsh 5,2050,wind_speed_missing_or_nonfinite;power_missing_or_nonfinite;
2017-03-11 05:20:00+00:00,,,,,Kelmarsh 5,2050,wind_speed_missing_or_nonfinite;power_missing_or_nonfinite;
2017-03-11 05:30:00+00:00,,,,,Kelmarsh 5,2050,wind_speed_missing_or_nonfinite;power_missing_or_nonfinite;
2017-03-11 05:40:00+00:00,,,,,Kelmarsh 5,2050,wind_speed_missing_or_nonfinite;power_missing_or_nonfinite;
2017-03-11 05:50:00+00:00,,,,,Kelmarsh 5,2050,wind_speed_missing_or_nonfinite;power_missing_or_nonfinite;
2017-03-11 06:00:00+00:00,,,,,Kelmarsh 5,2050,wind_speed_missing_or_nonfinite;power_missing_or_nonfinite;
2017-03-11 06:10:00+00:00,,,,,Kelmarsh 5,2050,wind_speed_missing_or_nonfinite;power_missing_or_nonfinite;
2017-03-11 06:20:00+00:00,,,,,Kelmarsh 5,2050,wind_speed_missing_or_nonfinite;power_missing_or_nonfinite;
2017-03-11 06:30:00+00:00,,,,,Kelmarsh 5,2050,wind_speed_missing_or_nonfinite;power_missing_or_nonfinite;
2017-03-11 06:40:00+00:00,,,,,Kelmarsh 5,2050,wind_speed_missing_or_nonfinite;power_missing_or_nonfinite;
2017-03-11 06:50:00+00:00,,,,,Kelmarsh 5,2050,wind_speed_missing_or_nonfinite;power_missing_or_nonfinite;
2017-03-11 22:20:00+00:00,,,,,Kelmarsh 5,2050,wind_speed_missing_or_nonfinite;power_missing_or_nonfinite;
2017-03-11 22:30:00+00:00,,,,,Kelmarsh 5,2050,wind_speed_missing_or_nonfinite;power_missing_or_nonfinite;
2017-03-11 22:40:00+00:00,,,,,Kelmarsh 5,2050,wind_speed_missing_or_nonfinite;power_missing_or_nonfinite;
2017-03-11 22:50:00+00:00,,,,,Kelmarsh 5,2050,wind_speed_missing_or_nonfinite;power_missing_or_nonfinite;
2017-03-11 23:00:00+00:00,,,,,Kelmarsh 5,2050,wind_speed_missing_or_nonfinite;power_missing_or_nonfinite;
2017-03-11 23:10:00+00:00,,,,,Kelmarsh 5,2050,wind_speed_missing_or_nonfinite;power_missing_or_nonfinite;
2017-03-11 23:20:00+00:00,,,,,Kelmarsh 5,2050,wind_speed_missing_or_nonfinite;power_missing_or_nonfinite;
2017-03-11 23:30:00+00:00,,,,,Kelmarsh 5,2050,wind_speed_missing_or_nonfinite;power_missing_or_nonfinite;
2017-03-11 23:40:00+00:00,,,,,Kelmarsh 5,2050,wind_speed_missing_or_nonfinite;power_missing_or_nonfinite;
2017-03-11 23:50:00+00:00,,,,,Kelmarsh 5,2050,wind_speed_missing_or_nonfinite;power_missing_or_nonfinite;
2017-03-12 00:00:00+00:00,,,,,Kelmarsh 5,2050,wind_speed_missing_or_nonfinite;power_missing_or_nonfinite;
2017-03-12 00:10:00+00:00,,,,,Kelmarsh 5,2050,wind_speed_missing_or_nonfinite;power_missing_or_nonfinite;
2017-03-12 00:20:00+00:00,,,,,Kelmarsh 5,2050,wind_speed_missing_or_nonfinite;power_missing_or_nonfinite;
2017-03-12 00:30:00+00:00,,,,,Kelmarsh 5,2050,wind_speed_missing_or_nonfinite;power_missing_or_nonfinite;
2017-03-12 00:40:00+00:00,,,,,Kelmarsh 5,2050,wind_speed_missing_or_nonfinite;power_missing_or_nonfinite;
2017-03-12 00:50:00+00:00,,,,,Kelmarsh 5,2050,wind_speed_missing_or_nonfinite;power_missing_or_nonfinite;
2017-03-12 01:00:00+00:00,,,,,Kelmarsh 5,2050,wind_speed_missing_or_nonfinite;power_missing_or_nonfinite;
2017-03-12 01:10:00+00:00,,,,,Kelmarsh 5,2050,wind_speed_missing_or_nonfinite;power_missing_or_nonfinite;
2017-03-12 01:20:00+00:00,,,,,Kelmarsh 5,2050,wind_speed_missing_or_nonfinite;power_missing_or_nonfinite;
2017-03-12 01:30:00+00:00,,,,,Kelmarsh 5,2050,wind_speed_missing_or_nonfinite;power_missing_or_nonfinite;
2017-03-12 01:40:00+00:00,,,,,Kelmarsh 5,2050,wind_speed_missing_or_nonfinite;power_missing_or_nonfinite;
2017-03-12 01:50:00+00:00,,,,,Kelmarsh 5,2050,wind_speed_missing_or_nonfinite;power_missing_or_nonfinite;
2017-03-12 02:00:00+00:00,,,,,Kelmarsh 5,2050,wind_speed_missing_or_nonfinite;power_missing_or_nonfinite;
2017-03-12 02:10:00+00:00,,,,,Kelmarsh 5,2050,wind_speed_missing_or_nonfinite;power_missing_or_nonfinite;
2017-03-12 02:20:00+00:00,,,,,Kelmarsh 5,2050,wind_speed_missing_or_nonfinite;power_missing_or_nonfinite;
2017-03-12 02:30:00+00:00,,,,,Kelmarsh 5,2050,wind_speed_missing_or_nonfinite;power_missing_or_nonfinite;
2017-03-12 02:40:00+00:00,,,,,Kelmarsh 5,2050,wind_speed_missing_or_nonfinite;power_missing_or_nonfinite;
2017-03-12 02:50:00+00:00,,,,,Kelmarsh 5,2050,wind_speed_missing_or_nonfinite;power_missing_or_nonfinite;
2017-03-12 03:00:00+00:00,,,,,Kelmarsh 5,2050,wind_speed_missing_or_nonfinite;power_missing_or_nonfinite;
2017-03-12 03:10:00+00:00,,,,,Kelmarsh 5,2050,wind_speed_missing_or_nonfinite;power_missing_or_nonfinite;
2017-03-12 03:20:00+00:00,,,,,Kelmarsh 5,2050,wind_speed_missing_or_nonfinite;power_missing_or_nonfinite;
2017-03-12 03:30:00+00:00,,,,,Kelmarsh 5,2050,wind_speed_missing_or_nonfinite;power_missing_or_nonfinite;
2017-03-12 03:40:00+00:00,,,,,Kelmarsh 5,2050,wind_speed_missing_or_nonfinite;power_missing_or_nonfinite;
2017-03-12 03:50:00+00:00,,,,,Kelmarsh 5,2050,wind_speed_missing_or_nonfinite;power_missing_or_nonfinite;
2017-03-12 04:00:00+00:00,,,,,Kelmarsh 5,2050,wind_speed_missing_or_nonfinite;power_missing_or_nonfinite;
2017-03-12 04:10:00+00:00,,,,,Kelmarsh 5,2050,wind_speed_missing_or_nonfinite;power_missing_or_nonfinite;
2017-03-12 04:20:00+00:00,,,,,Kelmarsh 5,2050,wind_speed_missing_or_nonfinite;power_missing_or_nonfinite;
2017-03-12 04:30:00+00:00,,,,,Kelmarsh 5,2050,wind_speed_missing_or_nonfinite;power_missing_or_nonfinite;
2017-03-12 04:40:00+00:00,,,,,Kelmarsh 5,2050,wind_speed_missing_or_nonfinite;power_missing_or_nonfinite;
2017-03-12 04:50:00+00:00,,,,,Kelmarsh 5,2050,wind_speed_missing_or_nonfinite;power_missing_or_nonfinite;
2017-03-12 05:00:00+00:00,,,,,Kelmarsh 5,2050,wind_speed_missing_or_nonfinite;power_missing_or_nonfinite;
2017-03-12 05:10:00+00:00,,,,,Kelmarsh 5,2050,wind_speed_missing_or_nonfinite;power_missing_or_nonfinite;
2017-03-12 05:20:00+00:00,,,,,Kelmarsh 5,2050,wind_speed_missing_or_nonfinite;power_missing_or_nonfinite;
2017-03-12 05:30:00+00:00,,,,,Kelmarsh 5,2050,wind_speed_missing_or_nonfinite;power_missing_or_nonfinite;
2017-03-12 05:40:00+00:00,,,,,Kelmarsh 5,2050,wind_speed_missing_or_nonfinite;power_missing_or_nonfinite;
2017-03-12 05:50:00+00:00,,,,,Kelmarsh 5,2050,wind_speed_missing_or_nonfinite;power_missing_or_nonfinite;
2017-03-12 06:00:00+00:00,,,,,Kelmarsh 5,2050,wind_speed_missing_or_nonfinite;power_missing_or_nonfinite;
2017-03-12 06:10:00+00:00,,,,,Kelmarsh 5,2050,wind_speed_missing_or_nonfinite;power_missing_or_nonfinite;
2017-03-12 06:20:00+00:00,,,,,Kelmarsh 5,2050,wind_speed_missing_or_nonfinite;power_missing_or_nonfinite;
2017-03-12 06:30:00+00:00,,,,,Kelmarsh 5,2050,wind_speed_missing_or_nonfinite;power_missing_or_nonfinite;
2017-03-12 06:40:00+00:00,,,,,Kelmarsh 5,2050,wind_speed_missing_or_nonfinite;power_missing_or_nonfinite;
2017-03-12 06:50:00+00:00,,,,,Kelmarsh 5,2050,wind_speed_missing_or_nonfinite;power_missing_or_nonfinite;
2017-03-12 07:00:00+00:00,,,,,Kelmarsh 5,2050,wind_speed_missing_or_nonfinite;power_missing_or_nonfinite;
2017-03-12 07:10:00+00:00,,,,,Kelmarsh 5,2050,wind_speed_missing_or_nonfinite;power_missing_or_nonfinite;
2017-03-12 07:20:00+00:00,,,,,Kelmarsh 5,2050,wind_speed_missing_or_nonfinite;power_missing_or_nonfinite;
2017-03-12 07:30:00+00:00,,,,,Kelmarsh 5,2050,wind_speed_missing_or_nonfinite;power_missing_or_nonfinite;
2017-03-12 07:40:00+00:00,,,,,Kelmarsh 5,2050,wind_speed_missing_or_nonfinite;power_missing_or_nonfinite;
2017-03-12 07:50:00+00:00,,,,,Kelmarsh 5,2050,wind_speed_missing_or_nonfinite;power_missing_or_nonfinite;
2017-03-12 08:00:00+00:00,,,,,Kelmarsh 5,2050,wind_speed_missing_or_nonfinite;power_missing_or_nonfinite;
2017-03-12 08:10:00+00:00,,,,,Kelmarsh 5,2050,wind_speed_missing_or_nonfinite;power_missing_or_nonfinite;
2017-03-12 08:20:00+00:00,,,,,Kelmarsh 5,2050,wind_speed_missing_or_nonfinite;power_missing_or_nonfinite;
2017-03-12 08:30:00+00:00,,,,,Kelmarsh 5,2050,wind_speed_missing_or_nonfinite;power_missing_or_nonfinite;
2017-03-12 08:40:00+00:00,,,,,Kelmarsh 5,2050,wind_speed_missing_or_nonfinite;power_missing_or_nonfinite;
2017-03-12 08:50:00+00:00,,,,,Kelmarsh 5,2050,wind_speed_missing_or_nonfinite;power_missing_or_nonfinite;
2017-03-12 09:00:00+00:00,,,,,Kelmarsh 5,2050,wind_speed_missing_or_nonfinite;power_missing_or_nonfinite;
2017-03-12 09:10:00+00:00,,,,,Kelmarsh 5,2050,wind_speed_missing_or_nonfinite;power_missing_or_nonfinite;
2017-03-12 09:20:00+00:00,,,,,Kelmarsh 5,2050,wind_speed_missing_or_nonfinite;power_missing_or_nonfinite;
2017-03-12 09:30:00+00:00,,,,,Kelmarsh 5,2050,wind_speed_missing_or_nonfinite;power_missing_or_nonfinite;
2017-03-12 09:40:00+00:00,,,,,Kelmarsh 5,2050,wind_speed_missing_or_nonfinite;power_missing_or_nonfinite;
2017-03-12 09:50:00+00:00,,,,,Kelmarsh 5,2050,wind_speed_missing_or_nonfinite;power_missing_or_nonfinite;
2017-03-12 10:00:00+00:00,,,,,Kelmarsh 5,2050,wind_speed_missing_or_nonfinite;power_missing_or_nonfinite;
2017-03-12 10:10:00+00:00,,,,,Kelmarsh 5,2050,wind_speed_missing_or_nonfinite;power_missing_or_nonfinite;
2017-03-12 10:20:00+00:00,,,,,Kelmarsh 5,2050,wind_speed_missing_or_nonfinite;power_missing_or_nonfinite;
2017-03-12 10:30:00+00:00,,,,,Kelmarsh 5,2050,wind_speed_missing_or_nonfinite;power_missing_or_nonfinite;
2017-03-12 10:40:00+00:00,,,,,Kelmarsh 5,2050,wind_speed_missing_or_nonfinite;power_missing_or_nonfinite;
2017-03-12 10:50:00+00:00,,,,,Kelmarsh 5,2050,wind_speed_missing_or_nonfinite;power_missing_or_nonfinite;
2017-03-12 11:00:00+00:00,,,,,Kelmarsh 5,2050,wind_speed_missing_or_nonfinite;power_missing_or_nonfinite;
2017-03-29 23:00:00+00:00,,,,,Kelmarsh 5,2050,wind_speed_missing_or_nonfinite;power_missing_or_nonfinite;
2017-04-08 04:50:00+00:00,,,,,Kelmarsh 5,2050,wind_speed_missing_or_nonfinite;power_missing_or_nonfinite;
2017-05-19 14:20:00+00:00,,,,,Kelmarsh 5,2050,wind_speed_missing_or_nonfinite;power_missing_or_nonfinite;
2017-05-21 23:50:00+00:00,,,,,Kelmarsh 5,2050,wind_speed_missing_or_nonfinite;power_missing_or_nonfinite;
2017-06-04 16:00:00+00:00,,,,,Kelmarsh 5,2050,wind_speed_missing_or_nonfinite;power_missing_or_nonfinite;
2017-06-04 16:10:00+00:00,,,,,Kelmarsh 5,2050,wind_speed_missing_or_nonfinite;power_missing_or_nonfinite;
2017-06-04 16:20:00+00:00,,,,,Kelmarsh 5,2050,wind_speed_missing_or_nonfinite;power_missing_or_nonfinite;
2017-06-04 16:30:00+00:00,,,,,Kelmarsh 5,2050,wind_speed_missing_or_nonfinite;power_missing_or_nonfinite;
2017-06-27 08:00:00+00:00,,,,,Kelmarsh 5,2050,wind_speed_missing_or_nonfinite;power_missing_or_nonfinite;
2017-06-27 08:10:00+00:00,,,,,Kelmarsh 5,2050,wind_speed_missing_or_nonfinite;power_missing_or_nonfinite;
2017-06-27 08:20:00+00:00,,,,,Kelmarsh 5,2050,wind_speed_missing_or_nonfinite;power_missing_or_nonfinite;
2017-06-27 08:30:00+00:00,,,,,Kelmarsh 5,2050,wind_speed_missing_or_nonfinite;power_missing_or_nonfinite;
2017-06-27 08:40:00+00:00,,,,,Kelmarsh 5,2050,wind_speed_missing_or_nonfinite;power_missing_or_nonfinite;
2017-06-27 08:50:00+00:00,,,,,Kelmarsh 5,2050,wind_speed_missing_or_nonfinite;power_missing_or_nonfinite;
2017-07-21 00:20:00+00:00,,,,,Kelmarsh 5,2050,wind_speed_missing_or_nonfinite;power_missing_or_nonfinite;
2017-08-01 09:20:00+00:00,,,,,Kelmarsh 5,2050,wind_speed_missing_or_nonfinite;power_missing_or_nonfinite;
2017-08-01 09:30:00+00:00,,,,,Kelmarsh 5,2050,wind_speed_missing_or_nonfinite;power_missing_or_nonfinite;
2017-08-01 09:40:00+00:00,,,,,Kelmarsh 5,2050,wind_speed_missing_or_nonfinite;power_missing_or_nonfinite;
2017-08-01 10:20:00+00:00,,,,,Kelmarsh 5,2050,wind_speed_missing_or_nonfinite;power_missing_or_nonfinite;
2017-08-01 22:30:00+00:00,,,,,Kelmarsh 5,2050,wind_speed_missing_or_nonfinite;power_missing_or_nonfinite;
2017-08-01 22:40:00+00:00,,,,,Kelmarsh 5,2050,wind_speed_missing_or_nonfinite;power_missing_or_nonfinite;
2017-10-02 11:00:00+00:00,,,,,Kelmarsh 5,2050,wind_speed_missing_or_nonfinite;power_missing_or_nonfinite;
2017-10-02 11:10:00+00:00,,,,,Kelmarsh 5,2050,wind_speed_missing_or_nonfinite;power_missing_or_nonfinite;
2017-10-13 06:50:00+00:00,,,,,Kelmarsh 5,2050,wind_speed_missing_or_nonfinite;power_missing_or_nonfinite;
2017-10-23 14:40:00+00:00,,,,,Kelmarsh 5,2050,wind_speed_missing_or_nonfinite;power_missing_or_nonfinite;
2017-12-07 15:20:00+00:00,,,,,Kelmarsh 5,2050,wind_speed_missing_or_nonfinite;power_missing_or_nonfinite;
2017-12-07 15:30:00+00:00,,,,,Kelmarsh 5,2050,wind_speed_missing_or_nonfinite;power_missing_or_nonfinite;
2017-12-07 15:40:00+00:00,,,,,Kelmarsh 5,2050,wind_speed_missing_or_nonfinite;power_missing_or_nonfinite;
2017-12-07 15:50:00+00:00,,,,,Kelmarsh 5,2050,wind_speed_missing_or_nonfinite;power_missing_or_nonfinite;
2017-12-07 16:00:00+00:00,,,,,Kelmarsh 5,2050,wind_speed_missing_or_nonfinite;power_missing_or_nonfinite;
2017-12-07 16:20:00+00:00,,,,,Kelmarsh 5,2050,wind_speed_missing_or_nonfinite;power_missing_or_nonfinite;
2017-01-07 01:20:00+00:00,,,,,Kelmarsh 6,2050,wind_speed_missing_or_nonfinite;power_missing_or_nonfinite;
2017-01-07 01:30:00+00:00,,,,,Kelmarsh 6,2050,wind_speed_missing_or_nonfinite;power_missing_or_nonfinite;
2017-01-07 01:40:00+00:00,,,,,Kelmarsh 6,2050,wind_speed_missing_or_nonfinite;power_missing_or_nonfinite;
2017-01-07 01:50:00+00:00,,,,,Kelmarsh 6,2050,wind_speed_missing_or_nonfinite;power_missing_or_nonfinite;
2017-01-07 02:00:00+00:00,,,,,Kelmarsh 6,2050,wind_speed_missing_or_nonfinite;power_missing_or_nonfinite;
2017-01-07 02:10:00+00:00,,,,,Kelmarsh 6,2050,wind_speed_missing_or_nonfinite;power_missing_or_nonfinite;
2017-01-07 02:20:00+00:00,,,,,Kelmarsh 6,2050,wind_speed_missing_or_nonfinite;power_missing_or_nonfinite;
2017-01-07 02:30:00+00:00,,,,,Kelmarsh 6,2050,wind_speed_missing_or_nonfinite;power_missing_or_nonfinite;
2017-01-07 02:40:00+00:00,,,,,Kelmarsh 6,2050,wind_speed_missing_or_nonfinite;power_missing_or_nonfinite;
2017-01-07 02:50:00+00:00,,,,,Kelmarsh 6,2050,wind_speed_missing_or_nonfinite;power_missing_or_nonfinite;
2017-01-07 03:00:00+00:00,,,,,Kelmarsh 6,2050,wind_speed_missing_or_nonfinite;power_missing_or_nonfinite;
2017-01-07 03:10:00+00:00,,,,,Kelmarsh 6,2050,wind_speed_missing_or_nonfinite;power_missing_or_nonfinite;
2017-01-07 03:20:00+00:00,,,,,Kelmarsh 6,2050,wind_speed_missing_or_nonfinite;power_missing_or_nonfinite;
2017-01-07 03:30:00+00:00,,,,,Kelmarsh 6,2050,wind_speed_missing_or_nonfinite;power_missing_or_nonfinite;
2017-01-07 03:40:00+00:00,,,,,Kelmarsh 6,2050,wind_speed_missing_or_nonfinite;power_missing_or_nonfinite;
2017-01-07 03:50:00+00:00,,,,,Kelmarsh 6,2050,wind_speed_missing_or_nonfinite;power_missing_or_nonfinite;
2017-01-07 04:00:00+00:00,,,,,Kelmarsh 6,2050,wind_speed_missing_or_nonfinite;power_missing_or_nonfinite;
2017-01-07 04:10:00+00:00,,,,,Kelmarsh 6,2050,wind_speed_missing_or_nonfinite;power_missing_or_nonfinite;
2017-01-07 04:20:00+00:00,,,,,Kelmarsh 6,2050,wind_speed_missing_or_nonfinite;power_missing_or_nonfinite;
2017-01-07 04:30:00+00:00,,,,,Kelmarsh 6,2050,wind_speed_missing_or_nonfinite;power_missing_or_nonfinite;
2017-01-07 04:40:00+00:00,,,,,Kelmarsh 6,2050,wind_speed_missing_or_nonfinite;power_missing_or_nonfinite;
2017-01-07 04:50:00+00:00,,,,,Kelmarsh 6,2050,wind_speed_missing_or_nonfinite;power_missing_or_nonfinite;
2017-01-07 05:00:00+00:00,,,,,Kelmarsh 6,2050,wind_speed_missing_or_nonfinite;power_missing_or_nonfinite;
2017-01-07 05:10:00+00:00,,,,,Kelmarsh 6,2050,wind_speed_missing_or_nonfinite;power_missing_or_nonfinite;
2017-01-07 05:20:00+00:00,,,,,Kelmarsh 6,2050,wind_speed_missing_or_nonfinite;power_missing_or_nonfinite;
2017-01-07 05:30:00+00:00,,,,,Kelmarsh 6,2050,wind_speed_missing_or_nonfinite;power_missing_or_nonfinite;
2017-01-07 05:40:00+00:00,,,,,Kelmarsh 6,2050,wind_speed_missing_or_nonfinite;power_missing_or_nonfinite;
2017-01-07 05:50:00+00:00,,,,,Kelmarsh 6,2050,wind_speed_missing_or_nonfinite;power_missing_or_nonfinite;
2017-01-07 06:00:00+00:00,,,,,Kelmarsh 6,2050,wind_speed_missing_or_nonfinite;power_missing_or_nonfinite;
2017-01-07 06:10:00+00:00,,,,,Kelmarsh 6,2050,wind_speed_missing_or_nonfinite;power_missing_or_nonfinite;
2017-01-07 06:20:00+00:00,,,,,Kelmarsh 6,2050,wind_speed_missing_or_nonfinite;power_missing_or_nonfinite;
2017-01-07 06:30:00+00:00,,,,,Kelmarsh 6,2050,wind_speed_missing_or_nonfinite;power_missing_or_nonfinite;
2017-01-07 06:40:00+00:00,,,,,Kelmarsh 6,2050,wind_speed_missing_or_nonfinite;power_missing_or_nonfinite;
2017-01-07 06:50:00+00:00,,,,,Kelmarsh 6,2050,wind_speed_missing_or_nonfinite;power_missing_or_nonfinite;
2017-01-07 07:00:00+00:00,,,,,Kelmarsh 6,2050,wind_speed_missing_or_nonfinite;power_missing_or_nonfinite;
2017-01-07 07:10:00+00:00,,,,,Kelmarsh 6,2050,wind_speed_missing_or_nonfinite;power_missing_or_nonfinite;
2017-01-07 07:20:00+00:00,,,,,Kelmarsh 6,2050,wind_speed_missing_or_nonfinite;power_missing_or_nonfinite;
2017-01-07 07:30:00+00:00,,,,,Kelmarsh 6,2050,wind_speed_missing_or_nonfinite;power_missing_or_nonfinite;
2017-01-07 07:40:00+00:00,,,,,Kelmarsh 6,2050,wind_speed_missing_or_nonfinite;power_missing_or_nonfinite;
2017-01-07 07:50:00+00:00,,,,,Kelmarsh 6,2050,wind_speed_missing_or_nonfinite;power_missing_or_nonfinite;
2017-01-07 08:00:00+00:00,,,,,Kelmarsh 6,2050,wind_speed_missing_or_nonfinite;power_missing_or_nonfinite;
2017-01-07 08:10:00+00:00,,,,,Kelmarsh 6,2050,wind_speed_missing_or_nonfinite;power_missing_or_nonfinite;
2017-01-07 08:20:00+00:00,,,,,Kelmarsh 6,2050,wind_speed_missing_or_nonfinite;power_missing_or_nonfinite;
2017-01-07 08:30:00+00:00,,,,,Kelmarsh 6,2050,wind_speed_missing_or_nonfinite;power_missing_or_nonfinite;
2017-01-07 08:40:00+00:00,,,,,Kelmarsh 6,2050,wind_speed_missing_or_nonfinite;power_missing_or_nonfinite;
2017-01-07 08:50:00+00:00,,,,,Kelmarsh 6,2050,wind_speed_missing_or_nonfinite;power_missing_or_nonfinite;
2017-01-07 09:00:00+00:00,,,,,Kelmarsh 6,2050,wind_speed_missing_or_nonfinite;power_missing_or_nonfinite;
2017-01-07 09:10:00+00:00,,,,,Kelmarsh 6,2050,wind_speed_missing_or_nonfinite;power_missing_or_nonfinite;
2017-01-07 09:20:00+00:00,,,,,Kelmarsh 6,2050,wind_speed_missing_or_nonfinite;power_missing_or_nonfinite;
2017-01-07 09:30:00+00:00,,,,,Kelmarsh 6,2050,wind_speed_missing_or_nonfinite;power_missing_or_nonfinite;
2017-01-07 09:40:00+00:00,,,,,Kelmarsh 6,2050,wind_speed_missing_or_nonfinite;power_missing_or_nonfinite;
2017-01-07 09:50:00+00:00,,,,,Kelmarsh 6,2050,wind_speed_missing_or_nonfinite;power_missing_or_nonfinite;
2017-01-07 10:00:00+00:00,,,,,Kelmarsh 6,2050,wind_speed_missing_or_nonfinite;power_missing_or_nonfinite;
2017-01-07 10:10:00+00:00,,,,,Kelmarsh 6,2050,wind_speed_missing_or_nonfinite;power_missing_or_nonfinite;
2017-01-07 10:20:00+00:00,,,,,Kelmarsh 6,2050,wind_speed_missing_or_nonfinite;power_missing_or_nonfinite;
2017-01-07 10:30:00+00:00,,,,,Kelmarsh 6,2050,wind_speed_missing_or_nonfinite;power_missing_or_nonfinite;
2017-01-07 10:40:00+00:00,,,,,Kelmarsh 6,2050,wind_speed_missing_or_nonfinite;power_missing_or_nonfinite;
2017-01-07 10:50:00+00:00,,,,,Kelmarsh 6,2050,wind_speed_missing_or_nonfinite;power_missing_or_nonfinite;
2017-01-07 11:00:00+00:00,,,,,Kelmarsh 6,2050,wind_speed_missing_or_nonfinite;power_missing_or_nonfinite;
2017-01-07 11:10:00+00:00,,,,,Kelmarsh 6,2050,wind_speed_missing_or_nonfinite;power_missing_or_nonfinite;
2017-01-07 11:20:00+00:00,,,,,Kelmarsh 6,2050,wind_speed_missing_or_nonfinite;power_missing_or_nonfinite;
2017-01-07 11:30:00+00:00,,,,,Kelmarsh 6,2050,wind_speed_missing_or_nonfinite;power_missing_or_nonfinite;
2017-01-07 11:40:00+00:00,,,,,Kelmarsh 6,2050,wind_speed_missing_or_nonfinite;power_missing_or_nonfinite;
2017-01-07 11:50:00+00:00,,,,,Kelmarsh 6,2050,wind_speed_missing_or_nonfinite;power_missing_or_nonfinite;
2017-01-07 12:00:00+00:00,,,,,Kelmarsh 6,2050,wind_speed_missing_or_nonfinite;power_missing_or_nonfinite;
2017-01-07 12:10:00+00:00,,,,,Kelmarsh 6,2050,wind_speed_missing_or_nonfinite;power_missing_or_nonfinite;
2017-01-07 12:20:00+00:00,,,,,Kelmarsh 6,2050,wind_speed_missing_or_nonfinite;power_missing_or_nonfinite;
2017-01-07 12:30:00+00:00,,,,,Kelmarsh 6,2050,wind_speed_missing_or_nonfinite;power_missing_or_nonfinite;
2017-01-07 12:40:00+00:00,,,,,Kelmarsh 6,2050,wind_speed_missing_or_nonfinite;power_missing_or_nonfinite;
2017-01-07 12:50:00+00:00,,,,,Kelmarsh 6,2050,wind_speed_missing_or_nonfinite;power_missing_or_nonfinite;
2017-01-07 21:40:00+00:00,,,,,Kelmarsh 6,2050,wind_speed_missing_or_nonfinite;power_missing_or_nonfinite;
2017-01-07 21:50:00+00:00,,,,,Kelmarsh 6,2050,wind_speed_missing_or_nonfinite;power_missing_or_nonfinite;
2017-01-07 22:00:00+00:00,,,,,Kelmarsh 6,2050,wind_speed_missing_or_nonfinite;power_missing_or_nonfinite;
2017-01-07 22:10:00+00:00,,,,,Kelmarsh 6,2050,wind_speed_missing_or_nonfinite;power_missing_or_nonfinite;
2017-01-07 22:20:00+00:00,,,,,Kelmarsh 6,2050,wind_speed_missing_or_nonfinite;power_missing_or_nonfinite;
2017-01-07 22:30:00+00:00,,,,,Kelmarsh 6,2050,wind_speed_missing_or_nonfinite;power_missing_or_nonfinite;
2017-01-07 22:40:00+00:00,,,,,Kelmarsh 6,2050,wind_speed_missing_or_nonfinite;power_missing_or_nonfinite;
2017-01-07 22:50:00+00:00,,,,,Kelmarsh 6,2050,wind_speed_missing_or_nonfinite;power_missing_or_nonfinite;
2017-01-07 23:00:00+00:00,,,,,Kelmarsh 6,2050,wind_speed_missing_or_nonfinite;power_missing_or_nonfinite;
2017-01-07 23:10:00+00:00,,,,,Kelmarsh 6,2050,wind_speed_missing_or_nonfinite;power_missing_or_nonfinite;
2017-01-07 23:20:00+00:00,,,,,Kelmarsh 6,2050,wind_speed_missing_or_nonfinite;power_missing_or_nonfinite;
2017-01-07 23:30:00+00:00,,,,,Kelmarsh 6,2050,wind_speed_missing_or_nonfinite;power_missing_or_nonfinite;
2017-01-07 23:40:00+00:00,,,,,Kelmarsh 6,2050,wind_speed_missing_or_nonfinite;power_missing_or_nonfinite;
2017-01-07 23:50:00+00:00,,,,,Kelmarsh 6,2050,wind_speed_missing_or_nonfinite;power_missing_or_nonfinite;
2017-01-08 00:00:00+00:00,,,,,Kelmarsh 6,2050,wind_speed_missing_or_nonfinite;power_missing_or_nonfinite;
2017-01-08 10:10:00+00:00,,,,,Kelmarsh 6,2050,wind_speed_missing_or_nonfinite;power_missing_or_nonfinite;
2017-01-08 10:20:00+00:00,,,,,Kelmarsh 6,2050,wind_speed_missing_or_nonfinite;power_missing_or_nonfinite;
2017-01-08 10:30:00+00:00,,,,,Kelmarsh 6,2050,wind_speed_missing_or_nonfinite;power_missing_or_nonfinite;
2017-01-08 14:50:00+00:00,,,,,Kelmarsh 6,2050,wind_speed_missing_or_nonfinite;power_missing_or_nonfinite;
2017-01-08 15:00:00+00:00,,,,,Kelmarsh 6,2050,wind_speed_missing_or_nonfinite;power_missing_or_nonfinite;
2017-01-08 15:10:00+00:00,,,,,Kelmarsh 6,2050,wind_speed_missing_or_nonfinite;power_missing_or_nonfinite;
2017-01-08 15:20:00+00:00,,,,,Kelmarsh 6,2050,wind_speed_missing_or_nonfinite;power_missing_or_nonfinite;
2017-01-08 15:30:00+00:00,,,,,Kelmarsh 6,2050,wind_speed_missing_or_nonfinite;power_missing_or_nonfinite;
2017-01-08 15:40:00+00:00,,,,,Kelmarsh 6,2050,wind_speed_missing_or_nonfinite;power_missing_or_nonfinite;
2017-01-08 15:50:00+00:00,,,,,Kelmarsh 6,2050,wind_speed_missing_or_nonfinite;power_missing_or_nonfinite;
2017-01-08 16:00:00+00:00,,,,,Kelmarsh 6,2050,wind_speed_missing_or_nonfinite;power_missing_or_nonfinite;
2017-01-08 16:10:00+00:00,,,,,Kelmarsh 6,2050,wind_speed_missing_or_nonfinite;power_missing_or_nonfinite;
2017-01-08 16:20:00+00:00,,,,,Kelmarsh 6,2050,wind_speed_missing_or_nonfinite;power_missing_or_nonfinite;
2017-01-08 16:30:00+00:00,,,,,Kelmarsh 6,2050,wind_speed_missing_or_nonfinite;power_missing_or_nonfinite;
2017-01-08 16:40:00+00:00,,,,,Kelmarsh 6,2050,wind_speed_missing_or_nonfinite;power_missing_or_nonfinite;
2017-01-08 16:50:00+00:00,,,,,Kelmarsh 6,2050,wind_speed_missing_or_nonfinite;power_missing_or_nonfinite;
2017-01-08 17:00:00+00:00,,,,,Kelmarsh 6,2050,wind_speed_missing_or_nonfinite;power_missing_or_nonfinite;
2017-01-08 17:10:00+00:00,,,,,Kelmarsh 6,2050,wind_speed_missing_or_nonfinite;power_missing_or_nonfinite;
2017-01-08 17:20:00+00:00,,,,,Kelmarsh 6,2050,wind_speed_missing_or_nonfinite;power_missing_or_nonfinite;
2017-01-08 17:30:00+00:00,,,,,Kelmarsh 6,2050,wind_speed_missing_or_nonfinite;power_missing_or_nonfinite;
2017-01-08 17:40:00+00:00,,,,,Kelmarsh 6,2050,wind_speed_missing_or_nonfinite;power_missing_or_nonfinite;
2017-01-08 17:50:00+00:00,,,,,Kelmarsh 6,2050,wind_speed_missing_or_nonfinite;power_missing_or_nonfinite;
2017-01-08 18:00:00+00:00,,,,,Kelmarsh 6,2050,wind_speed_missing_or_nonfinite;power_missing_or_nonfinite;
2017-01-08 18:10:00+00:00,,,,,Kelmarsh 6,2050,wind_speed_missing_or_nonfinite;power_missing_or_nonfinite;
2017-01-08 18:20:00+00:00,,,,,Kelmarsh 6,2050,wind_speed_missing_or_nonfinite;power_missing_or_nonfinite;
2017-01-08 18:30:00+00:00,,,,,Kelmarsh 6,2050,wind_speed_missing_or_nonfinite;power_missing_or_nonfinite;
2017-01-08 18:40:00+00:00,,,,,Kelmarsh 6,2050,wind_speed_missing_or_nonfinite;power_missing_or_nonfinite;
2017-01-08 18:50:00+00:00,,,,,Kelmarsh 6,2050,wind_speed_missing_or_nonfinite;power_missing_or_nonfinite;
2017-01-08 19:00:00+00:00,,,,,Kelmarsh 6,2050,wind_speed_missing_or_nonfinite;power_missing_or_nonfinite;
2017-01-08 19:10:00+00:00,,,,,Kelmarsh 6,2050,wind_speed_missing_or_nonfinite;power_missing_or_nonfinite;
2017-01-08 19:20:00+00:00,,,,,Kelmarsh 6,2050,wind_speed_missing_or_nonfinite;power_missing_or_nonfinite;
2017-01-08 19:30:00+00:00,,,,,Kelmarsh 6,2050,wind_speed_missing_or_nonfinite;power_missing_or_nonfinite;
2017-01-08 19:40:00+00:00,,,,,Kelmarsh 6,2050,wind_speed_missing_or_nonfinite;power_missing_or_nonfinite;
2017-01-08 19:50:00+00:00,,,,,Kelmarsh 6,2050,wind_speed_missing_or_nonfinite;power_missing_or_nonfinite;
2017-01-08 20:00:00+00:00,,,,,Kelmarsh 6,2050,wind_speed_missing_or_nonfinite;power_missing_or_nonfinite;
2017-01-08 20:10:00+00:00,,,,,Kelmarsh 6,2050,wind_speed_missing_or_nonfinite;power_missing_or_nonfinite;
2017-01-08 20:20:00+00:00,,,,,Kelmarsh 6,2050,wind_speed_missing_or_nonfinite;power_missing_or_nonfinite;
2017-01-08 20:30:00+00:00,,,,,Kelmarsh 6,2050,wind_speed_missing_or_nonfinite;power_missing_or_nonfinite;
2017-01-08 20:40:00+00:00,,,,,Kelmarsh 6,2050,wind_speed_missing_or_nonfinite;power_missing_or_nonfinite;
2017-01-08 20:50:00+00:00,,,,,Kelmarsh 6,2050,wind_speed_missing_or_nonfinite;power_missing_or_nonfinite;
2017-01-08 21:00:00+00:00,,,,,Kelmarsh 6,2050,wind_speed_missing_or_nonfinite;power_missing_or_nonfinite;
2017-01-08 21:10:00+00:00,,,,,Kelmarsh 6,2050,wind_speed_missing_or_nonfinite;power_missing_or_nonfinite;
2017-01-08 21:20:00+00:00,,,,,Kelmarsh 6,2050,wind_speed_missing_or_nonfinite;power_missing_or_nonfinite;
2017-01-08 21:30:00+00:00,,,,,Kelmarsh 6,2050,wind_speed_missing_or_nonfinite;power_missing_or_nonfinite;
2017-01-08 21:40:00+00:00,,,,,Kelmarsh 6,2050,wind_speed_missing_or_nonfinite;power_missing_or_nonfinite;
2017-01-08 21:50:00+00:00,,,,,Kelmarsh 6,2050,wind_speed_missing_or_nonfinite;power_missing_or_nonfinite;
2017-01-08 22:00:00+00:00,,,,,Kelmarsh 6,2050,wind_speed_missing_or_nonfinite;power_missing_or_nonfinite;
2017-01-08 22:10:00+00:00,,,,,Kelmarsh 6,2050,wind_speed_missing_or_nonfinite;power_missing_or_nonfinite;
2017-01-08 22:20:00+00:00,,,,,Kelmarsh 6,2050,wind_speed_missing_or_nonfinite;power_missing_or_nonfinite;
2017-01-08 22:30:00+00:00,,,,,Kelmarsh 6,2050,wind_speed_missing_or_nonfinite;power_missing_or_nonfinite;
2017-01-08 22:40:00+00:00,,,,,Kelmarsh 6,2050,wind_speed_missing_or_nonfinite;power_missing_or_nonfinite;
2017-01-08 22:50:00+00:00,,,,,Kelmarsh 6,2050,wind_speed_missing_or_nonfinite;power_missing_or_nonfinite;
2017-01-08 23:00:00+00:00,,,,,Kelmarsh 6,2050,wind_speed_missing_or_nonfinite;power_missing_or_nonfinite;
2017-01-08 23:10:00+00:00,,,,,Kelmarsh 6,2050,wind_speed_missing_or_nonfinite;power_missing_or_nonfinite;
2017-01-08 23:20:00+00:00,,,,,Kelmarsh 6,2050,wind_speed_missing_or_nonfinite;power_missing_or_nonfinite;
2017-01-08 23:30:00+00:00,,,,,Kelmarsh 6,2050,wind_speed_missing_or_nonfinite;power_missing_or_nonfinite;
2017-01-08 23:40:00+00:00,,,,,Kelmarsh 6,2050,wind_speed_missing_or_nonfinite;power_missing_or_nonfinite;
2017-01-08 23:50:00+00:00,,,,,Kelmarsh 6,2050,wind_speed_missing_or_nonfinite;power_missing_or_nonfinite;
2017-01-09 00:00:00+00:00,,,,,Kelmarsh 6,2050,wind_speed_missing_or_nonfinite;power_missing_or_nonfinite;
2017-01-09 00:10:00+00:00,,,,,Kelmarsh 6,2050,wind_speed_missing_or_nonfinite;power_missing_or_nonfinite;
2017-01-09 00:20:00+00:00,,,,,Kelmarsh 6,2050,wind_speed_missing_or_nonfinite;power_missing_or_nonfinite;
2017-01-09 00:30:00+00:00,,,,,Kelmarsh 6,2050,wind_speed_missing_or_nonfinite;power_missing_or_nonfinite;
2017-01-09 00:40:00+00:00,,,,,Kelmarsh 6,2050,wind_speed_missing_or_nonfinite;power_missing_or_nonfinite;
2017-01-09 00:50:00+00:00,,,,,Kelmarsh 6,2050,wind_speed_missing_or_nonfinite;power_missing_or_nonfinite;
2017-01-09 01:00:00+00:00,,,,,Kelmarsh 6,2050,wind_speed_missing_or_nonfinite;power_missing_or_nonfinite;
2017-01-09 01:10:00+00:00,,,,,Kelmarsh 6,2050,wind_speed_missing_or_nonfinite;power_missing_or_nonfinite;
2017-01-09 01:20:00+00:00,,,,,Kelmarsh 6,2050,wind_speed_missing_or_nonfinite;power_missing_or_nonfinite;
2017-01-09 01:30:00+00:00,,,,,Kelmarsh 6,2050,wind_speed_missing_or_nonfinite;power_missing_or_nonfinite;
2017-01-09 01:40:00+00:00,,,,,Kelmarsh 6,2050,wind_speed_missing_or_nonfinite;power_missing_or_nonfinite;
2017-01-09 01:50:00+00:00,,,,,Kelmarsh 6,2050,wind_speed_missing_or_nonfinite;power_missing_or_nonfinite;
2017-01-09 02:00:00+00:00,,,,,Kelmarsh 6,2050,wind_speed_missing_or_nonfinite;power_missing_or_nonfinite;
2017-01-09 02:10:00+00:00,,,,,Kelmarsh 6,2050,wind_speed_missing_or_nonfinite;power_missing_or_nonfinite;
2017-01-09 02:20:00+00:00,,,,,Kelmarsh 6,2050,wind_speed_missing_or_nonfinite;power_missing_or_nonfinite;
2017-01-09 02:30:00+00:00,,,,,Kelmarsh 6,2050,wind_speed_missing_or_nonfinite;power_missing_or_nonfinite;
2017-01-09 02:40:00+00:00,,,,,Kelmarsh 6,2050,wind_speed_missing_or_nonfinite;power_missing_or_nonfinite;
2017-01-09 02:50:00+00:00,,,,,Kelmarsh 6,2050,wind_speed_missing_or_nonfinite;power_missing_or_nonfinite;
2017-01-09 03:00:00+00:00,,,,,Kelmarsh 6,2050,wind_speed_missing_or_nonfinite;power_missing_or_nonfinite;
2017-01-09 03:10:00+00:00,,,,,Kelmarsh 6,2050,wind_speed_missing_or_nonfinite;power_missing_or_nonfinite;
2017-01-09 03:20:00+00:00,,,,,Kelmarsh 6,2050,wind_speed_missing_or_nonfinite;power_missing_or_nonfinite;
2017-01-09 03:30:00+00:00,,,,,Kelmarsh 6,2050,wind_speed_missing_or_nonfinite;power_missing_or_nonfinite;
2017-01-09 03:40:00+00:00,,,,,Kelmarsh 6,2050,wind_speed_missing_or_nonfinite;power_missing_or_nonfinite;
2017-01-09 03:50:00+00:00,,,,,Kelmarsh 6,2050,wind_speed_missing_or_nonfinite;power_missing_or_nonfinite;
2017-01-09 04:00:00+00:00,,,,,Kelmarsh 6,2050,wind_speed_missing_or_nonfinite;power_missing_or_nonfinite;
2017-01-09 04:10:00+00:00,,,,,Kelmarsh 6,2050,wind_speed_missing_or_nonfinite;power_missing_or_nonfinite;
2017-01-09 04:20:00+00:00,,,,,Kelmarsh 6,2050,wind_speed_missing_or_nonfinite;power_missing_or_nonfinite;
2017-01-09 04:30:00+00:00,,,,,Kelmarsh 6,2050,wind_speed_missing_or_nonfinite;power_missing_or_nonfinite;
2017-01-09 04:40:00+00:00,,,,,Kelmarsh 6,2050,wind_speed_missing_or_nonfinite;power_missing_or_nonfinite;
2017-01-09 04:50:00+00:00,,,,,Kelmarsh 6,2050,wind_speed_missing_or_nonfinite;power_missing_or_nonfinite;
2017-01-09 05:00:00+00:00,,,,,Kelmarsh 6,2050,wind_speed_missing_or_nonfinite;power_missing_or_nonfinite;
2017-01-09 05:10:00+00:00,,,,,Kelmarsh 6,2050,wind_speed_missing_or_nonfinite;power_missing_or_nonfinite;
2017-01-09 05:20:00+00:00,,,,,Kelmarsh 6,2050,wind_speed_missing_or_nonfinite;power_missing_or_nonfinite;
2017-01-09 05:30:00+00:00,,,,,Kelmarsh 6,2050,wind_speed_missing_or_nonfinite;power_missing_or_nonfinite;
2017-01-09 05:40:00+00:00,,,,,Kelmarsh 6,2050,wind_speed_missing_or_nonfinite;power_missing_or_nonfinite;
2017-01-10 15:00:00+00:00,,,,,Kelmarsh 6,2050,wind_speed_missing_or_nonfinite;power_missing_or_nonfinite;
2017-01-10 15:10:00+00:00,,,,,Kelmarsh 6,2050,wind_speed_missing_or_nonfinite;power_missing_or_nonfinite;
2017-01-10 15:20:00+00:00,,,,,Kelmarsh 6,2050,wind_speed_missing_or_nonfinite;power_missing_or_nonfinite;
2017-01-10 15:30:00+00:00,,,,,Kelmarsh 6,2050,wind_speed_missing_or_nonfinite;power_missing_or_nonfinite;
2017-01-10 15:40:00+00:00,,,,,Kelmarsh 6,2050,wind_speed_missing_or_nonfinite;power_missing_or_nonfinite;
2017-01-10 15:50:00+00:00,,,,,Kelmarsh 6,2050,wind_speed_missing_or_nonfinite;power_missing_or_nonfinite;
2017-01-10 16:00:00+00:00,,,,,Kelmarsh 6,2050,wind_speed_missing_or_nonfinite;power_missing_or_nonfinite;
2017-01-10 16:10:00+00:00,,,,,Kelmarsh 6,2050,wind_speed_missing_or_nonfinite;power_missing_or_nonfinite;
2017-01-10 16:20:00+00:00,,,,,Kelmarsh 6,2050,wind_speed_missing_or_nonfinite;power_missing_or_nonfinite;
2017-01-10 16:30:00+00:00,,,,,Kelmarsh 6,2050,wind_speed_missing_or_nonfinite;power_missing_or_nonfinite;
2017-01-10 16:40:00+00:00,,,,,Kelmarsh 6,2050,wind_speed_missing_or_nonfinite;power_missing_or_nonfinite;
2017-01-10 16:50:00+00:00,,,,,Kelmarsh 6,2050,wind_speed_missing_or_nonfinite;power_missing_or_nonfinite;
2017-01-10 17:00:00+00:00,,,,,Kelmarsh 6,2050,wind_speed_missing_or_nonfinite;power_missing_or_nonfinite;
2017-01-10 17:10:00+00:00,,,,,Kelmarsh 6,2050,wind_speed_missing_or_nonfinite;power_missing_or_nonfinite;
2017-01-10 17:20:00+00:00,,,,,Kelmarsh 6,2050,wind_speed_missing_or_nonfinite;power_missing_or_nonfinite;
2017-01-10 17:30:00+00:00,,,,,Kelmarsh 6,2050,wind_speed_missing_or_nonfinite;power_missing_or_nonfinite;
2017-01-10 17:40:00+00:00,,,,,Kelmarsh 6,2050,wind_speed_missing_or_nonfinite;power_missing_or_nonfinite;
2017-01-10 17:50:00+00:00,,,,,Kelmarsh 6,2050,wind_speed_missing_or_nonfinite;power_missing_or_nonfinite;
2017-01-10 18:00:00+00:00,,,,,Kelmarsh 6,2050,wind_speed_missing_or_nonfinite;power_missing_or_nonfinite;
2017-01-10 18:10:00+00:00,,,,,Kelmarsh 6,2050,wind_speed_missing_or_nonfinite;power_missing_or_nonfinite;
2017-01-10 18:20:00+00:00,,,,,Kelmarsh 6,2050,wind_speed_missing_or_nonfinite;power_missing_or_nonfinite;
2017-01-10 18:30:00+00:00,,,,,Kelmarsh 6,2050,wind_speed_missing_or_nonfinite;power_missing_or_nonfinite;
2017-01-10 18:40:00+00:00,,,,,Kelmarsh 6,2050,wind_speed_missing_or_nonfinite;power_missing_or_nonfinite;
2017-01-10 18:50:00+00:00,,,,,Kelmarsh 6,2050,wind_speed_missing_or_nonfinite;power_missing_or_nonfinite;
2017-01-10 19:00:00+00:00,,,,,Kelmarsh 6,2050,wind_speed_missing_or_nonfinite;power_missing_or_nonfinite;
2017-01-10 19:10:00+00:00,,,,,Kelmarsh 6,2050,wind_speed_missing_or_nonfinite;power_missing_or_nonfinite;
2017-01-10 19:20:00+00:00,,,,,Kelmarsh 6,2050,wind_speed_missing_or_nonfinite;power_missing_or_nonfinite;
2017-01-10 19:30:00+00:00,,,,,Kelmarsh 6,2050,wind_speed_missing_or_nonfinite;power_missing_or_nonfinite;
2017-01-11 20:50:00+00:00,,,,,Kelmarsh 6,2050,wind_speed_missing_or_nonfinite;power_missing_or_nonfinite;
2017-01-11 21:00:00+00:00,,,,,Kelmarsh 6,2050,wind_speed_missing_or_nonfinite;power_missing_or_nonfinite;
2017-01-11 21:10:00+00:00,,,,,Kelmarsh 6,2050,wind_speed_missing_or_nonfinite;power_missing_or_nonfinite;
2017-01-11 21:20:00+00:00,,,,,Kelmarsh 6,2050,wind_speed_missing_or_nonfinite;power_missing_or_nonfinite;
2017-01-11 21:30:00+00:00,,,,,Kelmarsh 6,2050,wind_speed_missing_or_nonfinite;power_missing_or_nonfinite;
2017-01-12 05:40:00+00:00,,,,,Kelmarsh 6,2050,wind_speed_missing_or_nonfinite;power_missing_or_nonfinite;
2017-01-12 05:50:00+00:00,,,,,Kelmarsh 6,2050,wind_speed_missing_or_nonfinite;power_missing_or_nonfinite;
2017-01-12 06:00:00+00:00,,,,,Kelmarsh 6,2050,wind_speed_missing_or_nonfinite;power_missing_or_nonfinite;
2017-01-12 06:10:00+00:00,,,,,Kelmarsh 6,2050,wind_speed_missing_or_nonfinite;power_missing_or_nonfinite;
2017-01-12 06:20:00+00:00,,,,,Kelmarsh 6,2050,wind_speed_missing_or_nonfinite;power_missing_or_nonfinite;
2017-01-12 06:30:00+00:00,,,,,Kelmarsh 6,2050,wind_speed_missing_or_nonfinite;power_missing_or_nonfinite;
2017-01-12 06:40:00+00:00,,,,,Kelmarsh 6,2050,wind_speed_missing_or_nonfinite;power_missing_or_nonfinite;
2017-01-12 06:50:00+00:00,,,,,Kelmarsh 6,2050,wind_speed_missing_or_nonfinite;power_missing_or_nonfinite;
2017-01-12 07:00:00+00:00,,,,,Kelmarsh 6,2050,wind_speed_missing_or_nonfinite;power_missing_or_nonfinite;
2017-01-12 07:10:00+00:00,,,,,Kelmarsh 6,2050,wind_speed_missing_or_nonfinite;power_missing_or_nonfinite;
2017-01-12 07:20:00+00:00,,,,,Kelmarsh 6,2050,wind_speed_missing_or_nonfinite;power_missing_or_nonfinite;
2017-01-12 07:30:00+00:00,,,,,Kelmarsh 6,2050,wind_speed_missing_or_nonfinite;power_missing_or_nonfinite;
2017-01-12 07:40:00+00:00,,,,,Kelmarsh 6,2050,wind_speed_missing_or_nonfinite;power_missing_or_nonfinite;
2017-01-12 07:50:00+00:00,,,,,Kelmarsh 6,2050,wind_speed_missing_or_nonfinite;power_missing_or_nonfinite;
2017-01-12 08:00:00+00:00,,,,,Kelmarsh 6,2050,wind_speed_missing_or_nonfinite;power_missing_or_nonfinite;
2017-01-12 08:10:00+00:00,,,,,Kelmarsh 6,2050,wind_speed_missing_or_nonfinite;power_missing_or_nonfinite;
2017-01-12 08:20:00+00:00,,,,,Kelmarsh 6,2050,wind_speed_missing_or_nonfinite;power_missing_or_nonfinite;
2017-01-12 08:30:00+00:00,,,,,Kelmarsh 6,2050,wind_speed_missing_or_nonfinite;power_missing_or_nonfinite;
2017-01-12 08:40:00+00:00,,,,,Kelmarsh 6,2050,wind_speed_missing_or_nonfinite;power_missing_or_nonfinite;
2017-01-12 08:50:00+00:00,,,,,Kelmarsh 6,2050,wind_speed_missing_or_nonfinite;power_missing_or_nonfinite;
2017-01-12 09:00:00+00:00,,,,,Kelmarsh 6,2050,wind_speed_missing_or_nonfinite;power_missing_or_nonfinite;
2017-01-12 09:10:00+00:00,,,,,Kelmarsh 6,2050,wind_speed_missing_or_nonfinite;power_missing_or_nonfinite;
2017-01-12 09:20:00+00:00,,,,,Kelmarsh 6,2050,wind_speed_missing_or_nonfinite;power_missing_or_nonfinite;
2017-01-12 09:30:00+00:00,,,,,Kelmarsh 6,2050,wind_speed_missing_or_nonfinite;power_missing_or_nonfinite;
2017-01-12 09:40:00+00:00,,,,,Kelmarsh 6,2050,wind_speed_missing_or_nonfinite;power_missing_or_nonfinite;
2017-01-12 09:50:00+00:00,,,,,Kelmarsh 6,2050,wind_speed_missing_or_nonfinite;power_missing_or_nonfinite;
2017-01-12 10:00:00+00:00,,,,,Kelmarsh 6,2050,wind_speed_missing_or_nonfinite;power_missing_or_nonfinite;
2017-01-12 10:10:00+00:00,,,,,Kelmarsh 6,2050,wind_speed_missing_or_nonfinite;power_missing_or_nonfinite;
2017-01-12 10:20:00+00:00,,,,,Kelmarsh 6,2050,wind_speed_missing_or_nonfinite;power_missing_or_nonfinite;
2017-01-12 10:30:00+00:00,,,,,Kelmarsh 6,2050,wind_speed_missing_or_nonfinite;power_missing_or_nonfinite;
2017-01-25 07:40:00+00:00,,,,,Kelmarsh 6,2050,wind_speed_missing_or_nonfinite;power_missing_or_nonfinite;
2017-01-25 07:50:00+00:00,,,,,Kelmarsh 6,2050,wind_speed_missing_or_nonfinite;power_missing_or_nonfinite;
2017-01-25 08:00:00+00:00,,,,,Kelmarsh 6,2050,wind_speed_missing_or_nonfinite;power_missing_or_nonfinite;
2017-01-25 08:10:00+00:00,,,,,Kelmarsh 6,2050,wind_speed_missing_or_nonfinite;power_missing_or_nonfinite;
2017-01-25 08:20:00+00:00,,,,,Kelmarsh 6,2050,wind_speed_missing_or_nonfinite;power_missing_or_nonfinite;
2017-01-25 08:30:00+00:00,,,,,Kelmarsh 6,2050,wind_speed_missing_or_nonfinite;power_missing_or_nonfinite;
2017-01-25 08:40:00+00:00,,,,,Kelmarsh 6,2050,wind_speed_missing_or_nonfinite;power_missing_or_nonfinite;
2017-01-25 08:50:00+00:00,,,,,Kelmarsh 6,2050,wind_speed_missing_or_nonfinite;power_missing_or_nonfinite;
2017-01-25 09:00:00+00:00,,,,,Kelmarsh 6,2050,wind_speed_missing_or_nonfinite;power_missing_or_nonfinite;
2017-01-25 09:10:00+00:00,,,,,Kelmarsh 6,2050,wind_speed_missing_or_nonfinite;power_missing_or_nonfinite;
2017-01-25 09:20:00+00:00,,,,,Kelmarsh 6,2050,wind_speed_missing_or_nonfinite;power_missing_or_nonfinite;
2017-01-25 09:30:00+00:00,,,,,Kelmarsh 6,2050,wind_speed_missing_or_nonfinite;power_missing_or_nonfinite;
2017-01-25 09:40:00+00:00,,,,,Kelmarsh 6,2050,wind_speed_missing_or_nonfinite;power_missing_or_nonfinite;
2017-01-25 09:50:00+00:00,,,,,Kelmarsh 6,2050,wind_speed_missing_or_nonfinite;power_missing_or_nonfinite;
2017-01-25 10:00:00+00:00,,,,,Kelmarsh 6,2050,wind_speed_missing_or_nonfinite;power_missing_or_nonfinite;
2017-01-25 10:10:00+00:00,,,,,Kelmarsh 6,2050,wind_speed_missing_or_nonfinite;power_missing_or_nonfinite;
2017-01-25 10:20:00+00:00,,,,,Kelmarsh 6,2050,wind_speed_missing_or_nonfinite;power_missing_or_nonfinite;
2017-01-25 10:30:00+00:00,,,,,Kelmarsh 6,2050,wind_speed_missing_or_nonfinite;power_missing_or_nonfinite;
2017-01-25 10:40:00+00:00,,,,,Kelmarsh 6,2050,wind_speed_missing_or_nonfinite;power_missing_or_nonfinite;
2017-01-25 10:50:00+00:00,,,,,Kelmarsh 6,2050,wind_speed_missing_or_nonfinite;power_missing_or_nonfinite;
2017-01-25 11:00:00+00:00,,,,,Kelmarsh 6,2050,wind_speed_missing_or_nonfinite;power_missing_or_nonfinite;
2017-01-25 11:10:00+00:00,,,,,Kelmarsh 6,2050,wind_speed_missing_or_nonfinite;power_missing_or_nonfinite;
2017-01-25 11:20:00+00:00,,,,,Kelmarsh 6,2050,wind_speed_missing_or_nonfinite;power_missing_or_nonfinite;
2017-01-25 11:30:00+00:00,,,,,Kelmarsh 6,2050,wind_speed_missing_or_nonfinite;power_missing_or_nonfinite;
2017-01-25 11:40:00+00:00,,,,,Kelmarsh 6,2050,wind_speed_missing_or_nonfinite;power_missing_or_nonfinite;
2017-01-25 11:50:00+00:00,,,,,Kelmarsh 6,2050,wind_speed_missing_or_nonfinite;power_missing_or_nonfinite;
2017-01-25 12:00:00+00:00,,,,,Kelmarsh 6,2050,wind_speed_missing_or_nonfinite;power_missing_or_nonfinite;
2017-01-25 12:10:00+00:00,,,,,Kelmarsh 6,2050,wind_speed_missing_or_nonfinite;power_missing_or_nonfinite;
2017-01-25 12:20:00+00:00,,,,,Kelmarsh 6,2050,wind_speed_missing_or_nonfinite;power_missing_or_nonfinite;
2017-01-25 12:30:00+00:00,,,,,Kelmarsh 6,2050,wind_speed_missing_or_nonfinite;power_missing_or_nonfinite;
2017-01-25 12:40:00+00:00,,,,,Kelmarsh 6,2050,wind_speed_missing_or_nonfinite;power_missing_or_nonfinite;
2017-01-25 12:50:00+00:00,,,,,Kelmarsh 6,2050,wind_speed_missing_or_nonfinite;power_missing_or_nonfinite;
2017-01-25 13:00:00+00:00,,,,,Kelmarsh 6,2050,wind_speed_missing_or_nonfinite;power_missing_or_nonfinite;
2017-01-25 13:10:00+00:00,,,,,Kelmarsh 6,2050,wind_speed_missing_or_nonfinite;power_missing_or_nonfinite;
2017-01-25 13:20:00+00:00,,,,,Kelmarsh 6,2050,wind_speed_missing_or_nonfinite;power_missing_or_nonfinite;
2017-01-25 13:30:00+00:00,,,,,Kelmarsh 6,2050,wind_speed_missing_or_nonfinite;power_missing_or_nonfinite;
2017-01-25 13:40:00+00:00,,,,,Kelmarsh 6,2050,wind_speed_missing_or_nonfinite;power_missing_or_nonfinite;
2017-01-25 13:50:00+00:00,,,,,Kelmarsh 6,2050,wind_speed_missing_or_nonfinite;power_missing_or_nonfinite;
2017-01-25 14:00:00+00:00,,,,,Kelmarsh 6,2050,wind_speed_missing_or_nonfinite;power_missing_or_nonfinite;
2017-01-25 14:10:00+00:00,,,,,Kelmarsh 6,2050,wind_speed_missing_or_nonfinite;power_missing_or_nonfinite;
2017-01-25 14:20:00+00:00,,,,,Kelmarsh 6,2050,wind_speed_missing_or_nonfinite;power_missing_or_nonfinite;
2017-01-25 14:30:00+00:00,,,,,Kelmarsh 6,2050,wind_speed_missing_or_nonfinite;power_missing_or_nonfinite;
2017-01-25 14:40:00+00:00,,,,,Kelmarsh 6,2050,wind_speed_missing_or_nonfinite;power_missing_or_nonfinite;
2017-01-25 14:50:00+00:00,,,,,Kelmarsh 6,2050,wind_speed_missing_or_nonfinite;power_missing_or_nonfinite;
2017-01-25 15:00:00+00:00,,,,,Kelmarsh 6,2050,wind_speed_missing_or_nonfinite;power_missing_or_nonfinite;
2017-01-25 15:10:00+00:00,,,,,Kelmarsh 6,2050,wind_speed_missing_or_nonfinite;power_missing_or_nonfinite;
2017-01-25 15:20:00+00:00,,,,,Kelmarsh 6,2050,wind_speed_missing_or_nonfinite;power_missing_or_nonfinite;
2017-01-25 15:30:00+00:00,,,,,Kelmarsh 6,2050,wind_speed_missing_or_nonfinite;power_missing_or_nonfinite;
2017-01-25 15:40:00+00:00,,,,,Kelmarsh 6,2050,wind_speed_missing_or_nonfinite;power_missing_or_nonfinite;
2017-01-25 15:50:00+00:00,,,,,Kelmarsh 6,2050,wind_speed_missing_or_nonfinite;power_missing_or_nonfinite;
2017-01-25 16:00:00+00:00,,,,,Kelmarsh 6,2050,wind_speed_missing_or_nonfinite;power_missing_or_nonfinite;
2017-01-25 16:10:00+00:00,,,,,Kelmarsh 6,2050,wind_speed_missing_or_nonfinite;power_missing_or_nonfinite;
2017-01-25 16:20:00+00:00,,,,,Kelmarsh 6,2050,wind_speed_missing_or_nonfinite;power_missing_or_nonfinite;
2017-01-25 16:30:00+00:00,,,,,Kelmarsh 6,2050,wind_speed_missing_or_nonfinite;power_missing_or_nonfinite;
2017-01-25 16:40:00+00:00,,,,,Kelmarsh 6,2050,wind_speed_missing_or_nonfinite;power_missing_or_nonfinite;
2017-01-25 16:50:00+00:00,,,,,Kelmarsh 6,2050,wind_speed_missing_or_nonfinite;power_missing_or_nonfinite;
2017-01-25 17:00:00+00:00,,,,,Kelmarsh 6,2050,wind_speed_missing_or_nonfinite;power_missing_or_nonfinite;
2017-01-25 17:10:00+00:00,,,,,Kelmarsh 6,2050,wind_speed_missing_or_nonfinite;power_missing_or_nonfinite;
2017-01-25 17:20:00+00:00,,,,,Kelmarsh 6,2050,wind_speed_missing_or_nonfinite;power_missing_or_nonfinite;
2017-01-25 17:30:00+00:00,,,,,Kelmarsh 6,2050,wind_speed_missing_or_nonfinite;power_missing_or_nonfinite;
2017-01-25 17:40:00+00:00,,,,,Kelmarsh 6,2050,wind_speed_missing_or_nonfinite;power_missing_or_nonfinite;
2017-01-25 17:50:00+00:00,,,,,Kelmarsh 6,2050,wind_speed_missing_or_nonfinite;power_missing_or_nonfinite;
2017-01-25 18:00:00+00:00,,,,,Kelmarsh 6,2050,wind_speed_missing_or_nonfinite;power_missing_or_nonfinite;
2017-01-25 18:10:00+00:00,,,,,Kelmarsh 6,2050,wind_speed_missing_or_nonfinite;power_missing_or_nonfinite;
2017-01-25 18:20:00+00:00,,,,,Kelmarsh 6,2050,wind_speed_missing_or_nonfinite;power_missing_or_nonfinite;
2017-01-25 18:30:00+00:00,,,,,Kelmarsh 6,2050,wind_speed_missing_or_nonfinite;power_missing_or_nonfinite;
2017-01-25 18:40:00+00:00,,,,,Kelmarsh 6,2050,wind_speed_missing_or_nonfinite;power_missing_or_nonfinite;
2017-01-25 18:50:00+00:00,,,,,Kelmarsh 6,2050,wind_speed_missing_or_nonfinite;power_missing_or_nonfinite;
2017-01-25 19:00:00+00:00,,,,,Kelmarsh 6,2050,wind_speed_missing_or_nonfinite;power_missing_or_nonfinite;
2017-01-25 19:10:00+00:00,,,,,Kelmarsh 6,2050,wind_speed_missing_or_nonfinite;power_missing_or_nonfinite;
2017-01-25 19:20:00+00:00,,,,,Kelmarsh 6,2050,wind_speed_missing_or_nonfinite;power_missing_or_nonfinite;
2017-01-25 19:30:00+00:00,,,,,Kelmarsh 6,2050,wind_speed_missing_or_nonfinite;power_missing_or_nonfinite;
2017-01-25 19:40:00+00:00,,,,,Kelmarsh 6,2050,wind_speed_missing_or_nonfinite;power_missing_or_nonfinite;
2017-01-25 19:50:00+00:00,,,,,Kelmarsh 6,2050,wind_speed_missing_or_nonfinite;power_missing_or_nonfinite;
2017-01-28 08:00:00+00:00,,,,,Kelmarsh 6,2050,wind_speed_missing_or_nonfinite;power_missing_or_nonfinite;
2017-01-28 08:10:00+00:00,,,,,Kelmarsh 6,2050,wind_speed_missing_or_nonfinite;power_missing_or_nonfinite;
2017-01-28 08:20:00+00:00,,,,,Kelmarsh 6,2050,wind_speed_missing_or_nonfinite;power_missing_or_nonfinite;
2017-01-28 08:30:00+00:00,,,,,Kelmarsh 6,2050,wind_speed_missing_or_nonfinite;power_missing_or_nonfinite;
2017-01-28 08:40:00+00:00,,,,,Kelmarsh 6,2050,wind_speed_missing_or_nonfinite;power_missing_or_nonfinite;
2017-01-28 08:50:00+00:00,,,,,Kelmarsh 6,2050,wind_speed_missing_or_nonfinite;power_missing_or_nonfinite;
2017-01-28 09:00:00+00:00,,,,,Kelmarsh 6,2050,wind_speed_missing_or_nonfinite;power_missing_or_nonfinite;
2017-01-28 09:10:00+00:00,,,,,Kelmarsh 6,2050,wind_speed_missing_or_nonfinite;power_missing_or_nonfinite;
2017-01-28 09:30:00+00:00,,,,,Kelmarsh 6,2050,wind_speed_missing_or_nonfinite;power_missing_or_nonfinite;
2017-02-10 13:40:00+00:00,,,,,Kelmarsh 6,2050,wind_speed_missing_or_nonfinite;power_missing_or_nonfinite;
2017-02-10 14:20:00+00:00,,,,,Kelmarsh 6,2050,wind_speed_missing_or_nonfinite;power_missing_or_nonfinite;
2017-02-10 14:30:00+00:00,,,,,Kelmarsh 6,2050,wind_speed_missing_or_nonfinite;power_missing_or_nonfinite;
2017-02-10 14:40:00+00:00,,,,,Kelmarsh 6,2050,wind_speed_missing_or_nonfinite;power_missing_or_nonfinite;
2017-02-10 14:50:00+00:00,,,,,Kelmarsh 6,2050,wind_speed_missing_or_nonfinite;power_missing_or_nonfinite;
2017-02-10 15:00:00+00:00,,,,,Kelmarsh 6,2050,wind_speed_missing_or_nonfinite;power_missing_or_nonfinite;
2017-02-10 15:10:00+00:00,,,,,Kelmarsh 6,2050,wind_speed_missing_or_nonfinite;power_missing_or_nonfinite;
2017-02-10 15:20:00+00:00,,,,,Kelmarsh 6,2050,wind_speed_missing_or_nonfinite;power_missing_or_nonfinite;
2017-02-10 15:30:00+00:00,,,,,Kelmarsh 6,2050,wind_speed_missing_or_nonfinite;power_missing_or_nonfinite;
2017-02-10 15:40:00+00:00,,,,,Kelmarsh 6,2050,wind_speed_missing_or_nonfinite;power_missing_or_nonfinite;
2017-02-10 15:50:00+00:00,,,,,Kelmarsh 6,2050,wind_speed_missing_or_nonfinite;power_missing_or_nonfinite;
2017-02-10 16:00:00+00:00,,,,,Kelmarsh 6,2050,wind_speed_missing_or_nonfinite;power_missing_or_nonfinite;
2017-02-10 16:10:00+00:00,,,,,Kelmarsh 6,2050,wind_speed_missing_or_nonfinite;power_missing_or_nonfinite;
2017-02-10 16:20:00+00:00,,,,,Kelmarsh 6,2050,wind_speed_missing_or_nonfinite;power_missing_or_nonfinite;
2017-02-10 16:30:00+00:00,,,,,Kelmarsh 6,2050,wind_speed_missing_or_nonfinite;power_missing_or_nonfinite;
2017-02-10 16:40:00+00:00,,,,,Kelmarsh 6,2050,wind_speed_missing_or_nonfinite;power_missing_or_nonfinite;
2017-02-10 16:50:00+00:00,,,,,Kelmarsh 6,2050,wind_speed_missing_or_nonfinite;power_missing_or_nonfinite;
2017-02-10 17:00:00+00:00,,,,,Kelmarsh 6,2050,wind_speed_missing_or_nonfinite;power_missing_or_nonfinite;
2017-02-10 17:10:00+00:00,,,,,Kelmarsh 6,2050,wind_speed_missing_or_nonfinite;power_missing_or_nonfinite;
2017-02-10 17:20:00+00:00,,,,,Kelmarsh 6,2050,wind_speed_missing_or_nonfinite;power_missing_or_nonfinite;
2017-02-10 17:30:00+00:00,,,,,Kelmarsh 6,2050,wind_speed_missing_or_nonfinite;power_missing_or_nonfinite;
2017-02-10 17:40:00+00:00,,,,,Kelmarsh 6,2050,wind_speed_missing_or_nonfinite;power_missing_or_nonfinite;
2017-02-10 17:50:00+00:00,,,,,Kelmarsh 6,2050,wind_speed_missing_or_nonfinite;power_missing_or_nonfinite;
2017-02-10 18:00:00+00:00,,,,,Kelmarsh 6,2050,wind_speed_missing_or_nonfinite;power_missing_or_nonfinite;
2017-02-10 18:10:00+00:00,,,,,Kelmarsh 6,2050,wind_speed_missing_or_nonfinite;power_missing_or_nonfinite;
2017-02-10 18:20:00+00:00,,,,,Kelmarsh 6,2050,wind_speed_missing_or_nonfinite;power_missing_or_nonfinite;
2017-02-10 18:30:00+00:00,,,,,Kelmarsh 6,2050,wind_speed_missing_or_nonfinite;power_missing_or_nonfinite;
2017-02-10 18:40:00+00:00,,,,,Kelmarsh 6,2050,wind_speed_missing_or_nonfinite;power_missing_or_nonfinite;
2017-02-10 18:50:00+00:00,,,,,Kelmarsh 6,2050,wind_speed_missing_or_nonfinite;power_missing_or_nonfinite;
2017-02-10 19:00:00+00:00,,,,,Kelmarsh 6,2050,wind_speed_missing_or_nonfinite;power_missing_or_nonfinite;
2017-02-10 19:10:00+00:00,,,,,Kelmarsh 6,2050,wind_speed_missing_or_nonfinite;power_missing_or_nonfinite;
2017-02-10 19:20:00+00:00,,,,,Kelmarsh 6,2050,wind_speed_missing_or_nonfinite;power_missing_or_nonfinite;
2017-02-10 19:30:00+00:00,,,,,Kelmarsh 6,2050,wind_speed_missing_or_nonfinite;power_missing_or_nonfinite;
2017-02-10 19:40:00+00:00,,,,,Kelmarsh 6,2050,wind_speed_missing_or_nonfinite;power_missing_or_nonfinite;
2017-02-10 19:50:00+00:00,,,,,Kelmarsh 6,2050,wind_speed_missing_or_nonfinite;power_missing_or_nonfinite;
2017-02-10 20:00:00+00:00,,,,,Kelmarsh 6,2050,wind_speed_missing_or_nonfinite;power_missing_or_nonfinite;
2017-02-10 20:10:00+00:00,,,,,Kelmarsh 6,2050,wind_speed_missing_or_nonfinite;power_missing_or_nonfinite;
2017-02-10 20:20:00+00:00,,,,,Kelmarsh 6,2050,wind_speed_missing_or_nonfinite;power_missing_or_nonfinite;
2017-02-10 20:30:00+00:00,,,,,Kelmarsh 6,2050,wind_speed_missing_or_nonfinite;power_missing_or_nonfinite;
2017-02-10 20:40:00+00:00,,,,,Kelmarsh 6,2050,wind_speed_missing_or_nonfinite;power_missing_or_nonfinite;
2017-02-10 20:50:00+00:00,,,,,Kelmarsh 6,2050,wind_speed_missing_or_nonfinite;power_missing_or_nonfinite;
2017-02-10 21:00:00+00:00,,,,,Kelmarsh 6,2050,wind_speed_missing_or_nonfinite;power_missing_or_nonfinite;
2017-02-10 21:10:00+00:00,,,,,Kelmarsh 6,2050,wind_speed_missing_or_nonfinite;power_missing_or_nonfinite;
2017-02-10 21:20:00+00:00,,,,,Kelmarsh 6,2050,wind_speed_missing_or_nonfinite;power_missing_or_nonfinite;
2017-02-10 21:30:00+00:00,,,,,Kelmarsh 6,2050,wind_speed_missing_or_nonfinite;power_missing_or_nonfinite;
2017-02-10 21:40:00+00:00,,,,,Kelmarsh 6,2050,wind_speed_missing_or_nonfinite;power_missing_or_nonfinite;
2017-02-10 21:50:00+00:00,,,,,Kelmarsh 6,2050,wind_speed_missing_or_nonfinite;power_missing_or_nonfinite;
2017-02-10 22:00:00+00:00,,,,,Kelmarsh 6,2050,wind_speed_missing_or_nonfinite;power_missing_or_nonfinite;
2017-02-10 22:10:00+00:00,,,,,Kelmarsh 6,2050,wind_speed_missing_or_nonfinite;power_missing_or_nonfinite;
2017-02-10 22:20:00+00:00,,,,,Kelmarsh 6,2050,wind_speed_missing_or_nonfinite;power_missing_or_nonfinite;
2017-02-10 22:30:00+00:00,,,,,Kelmarsh 6,2050,wind_speed_missing_or_nonfinite;power_missing_or_nonfinite;
2017-02-10 22:40:00+00:00,,,,,Kelmarsh 6,2050,wind_speed_missing_or_nonfinite;power_missing_or_nonfinite;
2017-02-10 22:50:00+00:00,,,,,Kelmarsh 6,2050,wind_speed_missing_or_nonfinite;power_missing_or_nonfinite;
2017-02-10 23:00:00+00:00,,,,,Kelmarsh 6,2050,wind_speed_missing_or_nonfinite;power_missing_or_nonfinite;
2017-02-10 23:10:00+00:00,,,,,Kelmarsh 6,2050,wind_speed_missing_or_nonfinite;power_missing_or_nonfinite;
2017-02-10 23:20:00+00:00,,,,,Kelmarsh 6,2050,wind_speed_missing_or_nonfinite;power_missing_or_nonfinite;
2017-02-10 23:30:00+00:00,,,,,Kelmarsh 6,2050,wind_speed_missing_or_nonfinite;power_missing_or_nonfinite;
2017-02-10 23:40:00+00:00,,,,,Kelmarsh 6,2050,wind_speed_missing_or_nonfinite;power_missing_or_nonfinite;
2017-02-10 23:50:00+00:00,,,,,Kelmarsh 6,2050,wind_speed_missing_or_nonfinite;power_missing_or_nonfinite;
2017-02-11 00:00:00+00:00,,,,,Kelmarsh 6,2050,wind_speed_missing_or_nonfinite;power_missing_or_nonfinite;
2017-02-11 00:10:00+00:00,,,,,Kelmarsh 6,2050,wind_speed_missing_or_nonfinite;power_missing_or_nonfinite;
2017-02-11 00:20:00+00:00,,,,,Kelmarsh 6,2050,wind_speed_missing_or_nonfinite;power_missing_or_nonfinite;
2017-02-11 00:30:00+00:00,,,,,Kelmarsh 6,2050,wind_speed_missing_or_nonfinite;power_missing_or_nonfinite;
2017-02-11 00:40:00+00:00,,,,,Kelmarsh 6,2050,wind_speed_missing_or_nonfinite;power_missing_or_nonfinite;
2017-02-11 00:50:00+00:00,,,,,Kelmarsh 6,2050,wind_speed_missing_or_nonfinite;power_missing_or_nonfinite;
2017-02-11 01:00:00+00:00,,,,,Kelmarsh 6,2050,wind_speed_missing_or_nonfinite;power_missing_or_nonfinite;
2017-02-11 01:10:00+00:00,,,,,Kelmarsh 6,2050,wind_speed_missing_or_nonfinite;power_missing_or_nonfinite;
2017-02-11 01:20:00+00:00,,,,,Kelmarsh 6,2050,wind_speed_missing_or_nonfinite;power_missing_or_nonfinite;
2017-02-11 01:30:00+00:00,,,,,Kelmarsh 6,2050,wind_speed_missing_or_nonfinite;power_missing_or_nonfinite;
2017-02-11 01:40:00+00:00,,,,,Kelmarsh 6,2050,wind_speed_missing_or_nonfinite;power_missing_or_nonfinite;
2017-02-11 01:50:00+00:00,,,,,Kelmarsh 6,2050,wind_speed_missing_or_nonfinite;power_missing_or_nonfinite;
2017-02-11 02:00:00+00:00,,,,,Kelmarsh 6,2050,wind_speed_missing_or_nonfinite;power_missing_or_nonfinite;
2017-02-11 02:10:00+00:00,,,,,Kelmarsh 6,2050,wind_speed_missing_or_nonfinite;power_missing_or_nonfinite;
2017-02-11 02:20:00+00:00,,,,,Kelmarsh 6,2050,wind_speed_missing_or_nonfinite;power_missing_or_nonfinite;
2017-02-11 02:30:00+00:00,,,,,Kelmarsh 6,2050,wind_speed_missing_or_nonfinite;power_missing_or_nonfinite;
2017-02-11 02:40:00+00:00,,,,,Kelmarsh 6,2050,wind_speed_missing_or_nonfinite;power_missing_or_nonfinite;
2017-02-11 02:50:00+00:00,,,,,Kelmarsh 6,2050,wind_speed_missing_or_nonfinite;power_missing_or_nonfinite;
2017-02-11 03:00:00+00:00,,,,,Kelmarsh 6,2050,wind_speed_missing_or_nonfinite;power_missing_or_nonfinite;
2017-02-11 03:10:00+00:00,,,,,Kelmarsh 6,2050,wind_speed_missing_or_nonfinite;power_missing_or_nonfinite;
2017-02-11 03:20:00+00:00,,,,,Kelmarsh 6,2050,wind_speed_missing_or_nonfinite;power_missing_or_nonfinite;
2017-02-11 03:30:00+00:00,,,,,Kelmarsh 6,2050,wind_speed_missing_or_nonfinite;power_missing_or_nonfinite;
2017-02-11 03:40:00+00:00,,,,,Kelmarsh 6,2050,wind_speed_missing_or_nonfinite;power_missing_or_nonfinite;
2017-02-11 03:50:00+00:00,,,,,Kelmarsh 6,2050,wind_speed_missing_or_nonfinite;power_missing_or_nonfinite;
2017-02-11 04:00:00+00:00,,,,,Kelmarsh 6,2050,wind_speed_missing_or_nonfinite;power_missing_or_nonfinite;
2017-02-11 04:10:00+00:00,,,,,Kelmarsh 6,2050,wind_speed_missing_or_nonfinite;power_missing_or_nonfinite;
2017-02-11 04:20:00+00:00,,,,,Kelmarsh 6,2050,wind_speed_missing_or_nonfinite;power_missing_or_nonfinite;
2017-02-11 04:30:00+00:00,,,,,Kelmarsh 6,2050,wind_speed_missing_or_nonfinite;power_missing_or_nonfinite;
2017-02-11 04:40:00+00:00,,,,,Kelmarsh 6,2050,wind_speed_missing_or_nonfinite;power_missing_or_nonfinite;
2017-02-11 04:50:00+00:00,,,,,Kelmarsh 6,2050,wind_speed_missing_or_nonfinite;power_missing_or_nonfinite;
2017-02-11 05:00:00+00:00,,,,,Kelmarsh 6,2050,wind_speed_missing_or_nonfinite;power_missing_or_nonfinite;
2017-02-11 05:10:00+00:00,,,,,Kelmarsh 6,2050,wind_speed_missing_or_nonfinite;power_missing_or_nonfinite;
2017-02-11 05:20:00+00:00,,,,,Kelmarsh 6,2050,wind_speed_missing_or_nonfinite;power_missing_or_nonfinite;
2017-02-11 05:30:00+00:00,,,,,Kelmarsh 6,2050,wind_speed_missing_or_nonfinite;power_missing_or_nonfinite;
2017-02-11 05:40:00+00:00,,,,,Kelmarsh 6,2050,wind_speed_missing_or_nonfinite;power_missing_or_nonfinite;
2017-02-11 05:50:00+00:00,,,,,Kelmarsh 6,2050,wind_speed_missing_or_nonfinite;power_missing_or_nonfinite;
2017-02-11 06:00:00+00:00,,,,,Kelmarsh 6,2050,wind_speed_missing_or_nonfinite;power_missing_or_nonfinite;
2017-02-11 06:10:00+00:00,,,,,Kelmarsh 6,2050,wind_speed_missing_or_nonfinite;power_missing_or_nonfinite;
2017-02-11 06:20:00+00:00,,,,,Kelmarsh 6,2050,wind_speed_missing_or_nonfinite;power_missing_or_nonfinite;
2017-02-11 06:30:00+00:00,,,,,Kelmarsh 6,2050,wind_speed_missing_or_nonfinite;power_missing_or_nonfinite;
2017-02-11 06:40:00+00:00,,,,,Kelmarsh 6,2050,wind_speed_missing_or_nonfinite;power_missing_or_nonfinite;
2017-02-11 06:50:00+00:00,,,,,Kelmarsh 6,2050,wind_speed_missing_or_nonfinite;power_missing_or_nonfinite;
2017-02-11 07:00:00+00:00,,,,,Kelmarsh 6,2050,wind_speed_missing_or_nonfinite;power_missing_or_nonfinite;
2017-02-11 07:10:00+00:00,,,,,Kelmarsh 6,2050,wind_speed_missing_or_nonfinite;power_missing_or_nonfinite;
2017-02-11 07:20:00+00:00,,,,,Kelmarsh 6,2050,wind_speed_missing_or_nonfinite;power_missing_or_nonfinite;
2017-02-11 07:30:00+00:00,,,,,Kelmarsh 6,2050,wind_speed_missing_or_nonfinite;power_missing_or_nonfinite;
2017-02-11 07:40:00+00:00,,,,,Kelmarsh 6,2050,wind_speed_missing_or_nonfinite;power_missing_or_nonfinite;
2017-02-11 07:50:00+00:00,,,,,Kelmarsh 6,2050,wind_speed_missing_or_nonfinite;power_missing_or_nonfinite;
2017-02-11 08:00:00+00:00,,,,,Kelmarsh 6,2050,wind_speed_missing_or_nonfinite;power_missing_or_nonfinite;
2017-02-11 08:10:00+00:00,,,,,Kelmarsh 6,2050,wind_speed_missing_or_nonfinite;power_missing_or_nonfinite;
2017-02-11 08:20:00+00:00,,,,,Kelmarsh 6,2050,wind_speed_missing_or_nonfinite;power_missing_or_nonfinite;
2017-02-11 08:30:00+00:00,,,,,Kelmarsh 6,2050,wind_speed_missing_or_nonfinite;power_missing_or_nonfinite;
2017-02-11 08:40:00+00:00,,,,,Kelmarsh 6,2050,wind_speed_missing_or_nonfinite;power_missing_or_nonfinite;
2017-02-11 08:50:00+00:00,,,,,Kelmarsh 6,2050,wind_speed_missing_or_nonfinite;power_missing_or_nonfinite;
2017-02-11 09:00:00+00:00,,,,,Kelmarsh 6,2050,wind_speed_missing_or_nonfinite;power_missing_or_nonfinite;
2017-02-11 09:10:00+00:00,,,,,Kelmarsh 6,2050,wind_speed_missing_or_nonfinite;power_missing_or_nonfinite;
2017-02-11 09:20:00+00:00,,,,,Kelmarsh 6,2050,wind_speed_missing_or_nonfinite;power_missing_or_nonfinite;
2017-02-11 09:30:00+00:00,,,,,Kelmarsh 6,2050,wind_speed_missing_or_nonfinite;power_missing_or_nonfinite;
2017-02-11 09:40:00+00:00,,,,,Kelmarsh 6,2050,wind_speed_missing_or_nonfinite;power_missing_or_nonfinite;
2017-02-11 09:50:00+00:00,,,,,Kelmarsh 6,2050,wind_speed_missing_or_nonfinite;power_missing_or_nonfinite;
2017-02-11 10:00:00+00:00,,,,,Kelmarsh 6,2050,wind_speed_missing_or_nonfinite;power_missing_or_nonfinite;
2017-02-11 10:10:00+00:00,,,,,Kelmarsh 6,2050,wind_speed_missing_or_nonfinite;power_missing_or_nonfinite;
2017-02-11 10:20:00+00:00,,,,,Kelmarsh 6,2050,wind_speed_missing_or_nonfinite;power_missing_or_nonfinite;
2017-02-11 10:30:00+00:00,,,,,Kelmarsh 6,2050,wind_speed_missing_or_nonfinite;power_missing_or_nonfinite;
2017-02-11 10:40:00+00:00,,,,,Kelmarsh 6,2050,wind_speed_missing_or_nonfinite;power_missing_or_nonfinite;
2017-02-11 10:50:00+00:00,,,,,Kelmarsh 6,2050,wind_speed_missing_or_nonfinite;power_missing_or_nonfinite;
2017-02-11 11:00:00+00:00,,,,,Kelmarsh 6,2050,wind_speed_missing_or_nonfinite;power_missing_or_nonfinite;
2017-02-11 11:10:00+00:00,,,,,Kelmarsh 6,2050,wind_speed_missing_or_nonfinite;power_missing_or_nonfinite;
2017-02-11 11:20:00+00:00,,,,,Kelmarsh 6,2050,wind_speed_missing_or_nonfinite;power_missing_or_nonfinite;
2017-02-11 11:30:00+00:00,,,,,Kelmarsh 6,2050,wind_speed_missing_or_nonfinite;power_missing_or_nonfinite;
2017-02-11 11:40:00+00:00,,,,,Kelmarsh 6,2050,wind_speed_missing_or_nonfinite;power_missing_or_nonfinite;
2017-02-11 11:50:00+00:00,,,,,Kelmarsh 6,2050,wind_speed_missing_or_nonfinite;power_missing_or_nonfinite;
2017-02-11 12:00:00+00:00,,,,,Kelmarsh 6,2050,wind_speed_missing_or_nonfinite;power_missing_or_nonfinite;
2017-02-11 12:10:00+00:00,,,,,Kelmarsh 6,2050,wind_speed_missing_or_nonfinite;power_missing_or_nonfinite;
2017-02-11 12:20:00+00:00,,,,,Kelmarsh 6,2050,wind_speed_missing_or_nonfinite;power_missing_or_nonfinite;
2017-02-11 12:30:00+00:00,,,,,Kelmarsh 6,2050,wind_speed_missing_or_nonfinite;power_missing_or_nonfinite;
2017-02-11 12:40:00+00:00,,,,,Kelmarsh 6,2050,wind_speed_missing_or_nonfinite;power_missing_or_nonfinite;
2017-02-11 12:50:00+00:00,,,,,Kelmarsh 6,2050,wind_speed_missing_or_nonfinite;power_missing_or_nonfinite;
2017-02-11 13:00:00+00:00,,,,,Kelmarsh 6,2050,wind_speed_missing_or_nonfinite;power_missing_or_nonfinite;
2017-02-11 13:10:00+00:00,,,,,Kelmarsh 6,2050,wind_speed_missing_or_nonfinite;power_missing_or_nonfinite;
2017-02-11 13:20:00+00:00,,,,,Kelmarsh 6,2050,wind_speed_missing_or_nonfinite;power_missing_or_nonfinite;
2017-02-11 13:30:00+00:00,,,,,Kelmarsh 6,2050,wind_speed_missing_or_nonfinite;power_missing_or_nonfinite;
2017-02-11 13:40:00+00:00,,,,,Kelmarsh 6,2050,wind_speed_missing_or_nonfinite;power_missing_or_nonfinite;
2017-02-11 13:50:00+00:00,,,,,Kelmarsh 6,2050,wind_speed_missing_or_nonfinite;power_missing_or_nonfinite;
2017-02-11 14:00:00+00:00,,,,,Kelmarsh 6,2050,wind_speed_missing_or_nonfinite;power_missing_or_nonfinite;
2017-02-11 14:10:00+00:00,,,,,Kelmarsh 6,2050,wind_speed_missing_or_nonfinite;power_missing_or_nonfinite;
2017-02-11 14:20:00+00:00,,,,,Kelmarsh 6,2050,wind_speed_missing_or_nonfinite;power_missing_or_nonfinite;
2017-02-11 14:30:00+00:00,,,,,Kelmarsh 6,2050,wind_speed_missing_or_nonfinite;power_missing_or_nonfinite;
2017-02-11 14:40:00+00:00,,,,,Kelmarsh 6,2050,wind_speed_missing_or_nonfinite;power_missing_or_nonfinite;
2017-02-11 14:50:00+00:00,,,,,Kelmarsh 6,2050,wind_speed_missing_or_nonfinite;power_missing_or_nonfinite;
2017-02-11 15:00:00+00:00,,,,,Kelmarsh 6,2050,wind_speed_missing_or_nonfinite;power_missing_or_nonfinite;
2017-02-22 14:40:00+00:00,,,,,Kelmarsh 6,2050,wind_speed_missing_or_nonfinite;power_missing_or_nonfinite;
2017-03-02 12:50:00+00:00,,,,,Kelmarsh 6,2050,wind_speed_missing_or_nonfinite;power_missing_or_nonfinite;
2017-03-02 13:00:00+00:00,,,,,Kelmarsh 6,2050,wind_speed_missing_or_nonfinite;power_missing_or_nonfinite;
2017-03-02 13:10:00+00:00,,,,,Kelmarsh 6,2050,wind_speed_missing_or_nonfinite;power_missing_or_nonfinite;
2017-03-02 13:20:00+00:00,,,,,Kelmarsh 6,2050,wind_speed_missing_or_nonfinite;power_missing_or_nonfinite;
2017-03-02 13:30:00+00:00,,,,,Kelmarsh 6,2050,wind_speed_missing_or_nonfinite;power_missing_or_nonfinite;
2017-03-02 13:40:00+00:00,,,,,Kelmarsh 6,2050,wind_speed_missing_or_nonfinite;power_missing_or_nonfinite;
2017-03-02 13:50:00+00:00,,,,,Kelmarsh 6,2050,wind_speed_missing_or_nonfinite;power_missing_or_nonfinite;
2017-03-02 14:00:00+00:00,,,,,Kelmarsh 6,2050,wind_speed_missing_or_nonfinite;power_missing_or_nonfinite;
2017-03-11 00:00:00+00:00,,,,,Kelmarsh 6,2050,wind_speed_missing_or_nonfinite;power_missing_or_nonfinite;
2017-03-11 00:10:00+00:00,,,,,Kelmarsh 6,2050,wind_speed_missing_or_nonfinite;power_missing_or_nonfinite;
2017-03-11 00:20:00+00:00,,,,,Kelmarsh 6,2050,wind_speed_missing_or_nonfinite;power_missing_or_nonfinite;
2017-03-11 00:30:00+00:00,,,,,Kelmarsh 6,2050,wind_speed_missing_or_nonfinite;power_missing_or_nonfinite;
2017-03-11 00:40:00+00:00,,,,,Kelmarsh 6,2050,wind_speed_missing_or_nonfinite;power_missing_or_nonfinite;
2017-03-11 00:50:00+00:00,,,,,Kelmarsh 6,2050,wind_speed_missing_or_nonfinite;power_missing_or_nonfinite;
2017-03-11 01:00:00+00:00,,,,,Kelmarsh 6,2050,wind_speed_missing_or_nonfinite;power_missing_or_nonfinite;
2017-03-11 01:10:00+00:00,,,,,Kelmarsh 6,2050,wind_speed_missing_or_nonfinite;power_missing_or_nonfinite;
2017-03-11 01:20:00+00:00,,,,,Kelmarsh 6,2050,wind_speed_missing_or_nonfinite;power_missing_or_nonfinite;
2017-03-11 01:30:00+00:00,,,,,Kelmarsh 6,2050,wind_speed_missing_or_nonfinite;power_missing_or_nonfinite;
2017-03-11 01:40:00+00:00,,,,,Kelmarsh 6,2050,wind_speed_missing_or_nonfinite;power_missing_or_nonfinite;
2017-03-11 01:50:00+00:00,,,,,Kelmarsh 6,2050,wind_speed_missing_or_nonfinite;power_missing_or_nonfinite;
2017-03-11 02:00:00+00:00,,,,,Kelmarsh 6,2050,wind_speed_missing_or_nonfinite;power_missing_or_nonfinite;
2017-03-11 02:10:00+00:00,,,,,Kelmarsh 6,2050,wind_speed_missing_or_nonfinite;power_missing_or_nonfinite;
2017-03-11 02:20:00+00:00,,,,,Kelmarsh 6,2050,wind_speed_missing_or_nonfinite;power_missing_or_nonfinite;
2017-03-11 02:30:00+00:00,,,,,Kelmarsh 6,2050,wind_speed_missing_or_nonfinite;power_missing_or_nonfinite;
2017-03-11 02:40:00+00:00,,,,,Kelmarsh 6,2050,wind_speed_missing_or_nonfinite;power_missing_or_nonfinite;
2017-03-11 02:50:00+00:00,,,,,Kelmarsh 6,2050,wind_speed_missing_or_nonfinite;power_missing_or_nonfinite;
2017-03-11 03:00:00+00:00,,,,,Kelmarsh 6,2050,wind_speed_missing_or_nonfinite;power_missing_or_nonfinite;
2017-03-11 03:10:00+00:00,,,,,Kelmarsh 6,2050,wind_speed_missing_or_nonfinite;power_missing_or_nonfinite;
2017-03-11 03:20:00+00:00,,,,,Kelmarsh 6,2050,wind_speed_missing_or_nonfinite;power_missing_or_nonfinite;
2017-03-11 03:30:00+00:00,,,,,Kelmarsh 6,2050,wind_speed_missing_or_nonfinite;power_missing_or_nonfinite;
2017-03-11 03:40:00+00:00,,,,,Kelmarsh 6,2050,wind_speed_missing_or_nonfinite;power_missing_or_nonfinite;
2017-03-11 03:50:00+00:00,,,,,Kelmarsh 6,2050,wind_speed_missing_or_nonfinite;power_missing_or_nonfinite;
2017-03-11 04:00:00+00:00,,,,,Kelmarsh 6,2050,wind_speed_missing_or_nonfinite;power_missing_or_nonfinite;
2017-03-11 04:10:00+00:00,,,,,Kelmarsh 6,2050,wind_speed_missing_or_nonfinite;power_missing_or_nonfinite;
2017-03-11 04:20:00+00:00,,,,,Kelmarsh 6,2050,wind_speed_missing_or_nonfinite;power_missing_or_nonfinite;
2017-03-11 04:30:00+00:00,,,,,Kelmarsh 6,2050,wind_speed_missing_or_nonfinite;power_missing_or_nonfinite;
2017-03-11 04:40:00+00:00,,,,,Kelmarsh 6,2050,wind_speed_missing_or_nonfinite;power_missing_or_nonfinite;
2017-03-11 04:50:00+00:00,,,,,Kelmarsh 6,2050,wind_speed_missing_or_nonfinite;power_missing_or_nonfinite;
2017-03-11 05:00:00+00:00,,,,,Kelmarsh 6,2050,wind_speed_missing_or_nonfinite;power_missing_or_nonfinite;
2017-03-11 05:10:00+00:00,,,,,Kelmarsh 6,2050,wind_speed_missing_or_nonfinite;power_missing_or_nonfinite;
2017-03-11 05:20:00+00:00,,,,,Kelmarsh 6,2050,wind_speed_missing_or_nonfinite;power_missing_or_nonfinite;
2017-03-11 05:30:00+00:00,,,,,Kelmarsh 6,2050,wind_speed_missing_or_nonfinite;power_missing_or_nonfinite;
2017-03-11 05:40:00+00:00,,,,,Kelmarsh 6,2050,wind_speed_missing_or_nonfinite;power_missing_or_nonfinite;
2017-03-11 05:50:00+00:00,,,,,Kelmarsh 6,2050,wind_speed_missing_or_nonfinite;power_missing_or_nonfinite;
2017-03-11 06:00:00+00:00,,,,,Kelmarsh 6,2050,wind_speed_missing_or_nonfinite;power_missing_or_nonfinite;
2017-03-11 06:10:00+00:00,,,,,Kelmarsh 6,2050,wind_speed_missing_or_nonfinite;power_missing_or_nonfinite;
2017-03-11 06:20:00+00:00,,,,,Kelmarsh 6,2050,wind_speed_missing_or_nonfinite;power_missing_or_nonfinite;
2017-03-11 06:30:00+00:00,,,,,Kelmarsh 6,2050,wind_speed_missing_or_nonfinite;power_missing_or_nonfinite;
2017-03-11 06:40:00+00:00,,,,,Kelmarsh 6,2050,wind_speed_missing_or_nonfinite;power_missing_or_nonfinite;
2017-03-11 06:50:00+00:00,,,,,Kelmarsh 6,2050,wind_speed_missing_or_nonfinite;power_missing_or_nonfinite;
2017-03-11 22:20:00+00:00,,,,,Kelmarsh 6,2050,wind_speed_missing_or_nonfinite;power_missing_or_nonfinite;
2017-03-11 22:30:00+00:00,,,,,Kelmarsh 6,2050,wind_speed_missing_or_nonfinite;power_missing_or_nonfinite;
2017-03-11 22:40:00+00:00,,,,,Kelmarsh 6,2050,wind_speed_missing_or_nonfinite;power_missing_or_nonfinite;
2017-03-11 22:50:00+00:00,,,,,Kelmarsh 6,2050,wind_speed_missing_or_nonfinite;power_missing_or_nonfinite;
2017-03-11 23:00:00+00:00,,,,,Kelmarsh 6,2050,wind_speed_missing_or_nonfinite;power_missing_or_nonfinite;
2017-03-11 23:10:00+00:00,,,,,Kelmarsh 6,2050,wind_speed_missing_or_nonfinite;power_missing_or_nonfinite;
2017-03-11 23:20:00+00:00,,,,,Kelmarsh 6,2050,wind_speed_missing_or_nonfinite;power_missing_or_nonfinite;
2017-03-11 23:30:00+00:00,,,,,Kelmarsh 6,2050,wind_speed_missing_or_nonfinite;power_missing_or_nonfinite;
2017-03-11 23:40:00+00:00,,,,,Kelmarsh 6,2050,wind_speed_missing_or_nonfinite;power_missing_or_nonfinite;
2017-03-11 23:50:00+00:00,,,,,Kelmarsh 6,2050,wind_speed_missing_or_nonfinite;power_missing_or_nonfinite;
2017-03-12 00:00:00+00:00,,,,,Kelmarsh 6,2050,wind_speed_missing_or_nonfinite;power_missing_or_nonfinite;
2017-03-12 00:10:00+00:00,,,,,Kelmarsh 6,2050,wind_speed_missing_or_nonfinite;power_missing_or_nonfinite;
2017-03-12 00:20:00+00:00,,,,,Kelmarsh 6,2050,wind_speed_missing_or_nonfinite;power_missing_or_nonfinite;
2017-03-12 00:30:00+00:00,,,,,Kelmarsh 6,2050,wind_speed_missing_or_nonfinite;power_missing_or_nonfinite;
2017-03-12 00:40:00+00:00,,,,,Kelmarsh 6,2050,wind_speed_missing_or_nonfinite;power_missing_or_nonfinite;
2017-03-12 00:50:00+00:00,,,,,Kelmarsh 6,2050,wind_speed_missing_or_nonfinite;power_missing_or_nonfinite;
2017-03-12 01:00:00+00:00,,,,,Kelmarsh 6,2050,wind_speed_missing_or_nonfinite;power_missing_or_nonfinite;
2017-03-12 01:10:00+00:00,,,,,Kelmarsh 6,2050,wind_speed_missing_or_nonfinite;power_missing_or_nonfinite;
2017-03-12 01:20:00+00:00,,,,,Kelmarsh 6,2050,wind_speed_missing_or_nonfinite;power_missing_or_nonfinite;
2017-03-12 01:30:00+00:00,,,,,Kelmarsh 6,2050,wind_speed_missing_or_nonfinite;power_missing_or_nonfinite;
2017-03-12 01:40:00+00:00,,,,,Kelmarsh 6,2050,wind_speed_missing_or_nonfinite;power_missing_or_nonfinite;
2017-03-12 01:50:00+00:00,,,,,Kelmarsh 6,2050,wind_speed_missing_or_nonfinite;power_missing_or_nonfinite;
2017-03-12 02:00:00+00:00,,,,,Kelmarsh 6,2050,wind_speed_missing_or_nonfinite;power_missing_or_nonfinite;
2017-03-12 02:10:00+00:00,,,,,Kelmarsh 6,2050,wind_speed_missing_or_nonfinite;power_missing_or_nonfinite;
2017-03-12 02:20:00+00:00,,,,,Kelmarsh 6,2050,wind_speed_missing_or_nonfinite;power_missing_or_nonfinite;
2017-03-12 02:30:00+00:00,,,,,Kelmarsh 6,2050,wind_speed_missing_or_nonfinite;power_missing_or_nonfinite;
2017-03-12 02:40:00+00:00,,,,,Kelmarsh 6,2050,wind_speed_missing_or_nonfinite;power_missing_or_nonfinite;
2017-03-12 02:50:00+00:00,,,,,Kelmarsh 6,2050,wind_speed_missing_or_nonfinite;power_missing_or_nonfinite;
2017-03-12 03:00:00+00:00,,,,,Kelmarsh 6,2050,wind_speed_missing_or_nonfinite;power_missing_or_nonfinite;
2017-03-12 03:10:00+00:00,,,,,Kelmarsh 6,2050,wind_speed_missing_or_nonfinite;power_missing_or_nonfinite;
2017-03-12 03:20:00+00:00,,,,,Kelmarsh 6,2050,wind_speed_missing_or_nonfinite;power_missing_or_nonfinite;
2017-03-12 03:30:00+00:00,,,,,Kelmarsh 6,2050,wind_speed_missing_or_nonfinite;power_missing_or_nonfinite;
2017-03-12 03:40:00+00:00,,,,,Kelmarsh 6,2050,wind_speed_missing_or_nonfinite;power_missing_or_nonfinite;
2017-03-12 03:50:00+00:00,,,,,Kelmarsh 6,2050,wind_speed_missing_or_nonfinite;power_missing_or_nonfinite;
2017-03-12 04:00:00+00:00,,,,,Kelmarsh 6,2050,wind_speed_missing_or_nonfinite;power_missing_or_nonfinite;
2017-03-12 04:10:00+00:00,,,,,Kelmarsh 6,2050,wind_speed_missing_or_nonfinite;power_missing_or_nonfinite;
2017-03-12 04:20:00+00:00,,,,,Kelmarsh 6,2050,wind_speed_missing_or_nonfinite;power_missing_or_nonfinite;
2017-03-12 04:30:00+00:00,,,,,Kelmarsh 6,2050,wind_speed_missing_or_nonfinite;power_missing_or_nonfinite;
2017-03-12 04:40:00+00:00,,,,,Kelmarsh 6,2050,wind_speed_missing_or_nonfinite;power_missing_or_nonfinite;
2017-03-12 04:50:00+00:00,,,,,Kelmarsh 6,2050,wind_speed_missing_or_nonfinite;power_missing_or_nonfinite;
2017-03-12 05:00:00+00:00,,,,,Kelmarsh 6,2050,wind_speed_missing_or_nonfinite;power_missing_or_nonfinite;
2017-03-12 05:10:00+00:00,,,,,Kelmarsh 6,2050,wind_speed_missing_or_nonfinite;power_missing_or_nonfinite;
2017-03-12 05:20:00+00:00,,,,,Kelmarsh 6,2050,wind_speed_missing_or_nonfinite;power_missing_or_nonfinite;
2017-03-12 05:30:00+00:00,,,,,Kelmarsh 6,2050,wind_speed_missing_or_nonfinite;power_missing_or_nonfinite;
2017-03-12 05:40:00+00:00,,,,,Kelmarsh 6,2050,wind_speed_missing_or_nonfinite;power_missing_or_nonfinite;
2017-03-12 05:50:00+00:00,,,,,Kelmarsh 6,2050,wind_speed_missing_or_nonfinite;power_missing_or_nonfinite;
2017-03-12 06:00:00+00:00,,,,,Kelmarsh 6,2050,wind_speed_missing_or_nonfinite;power_missing_or_nonfinite;
2017-03-12 06:10:00+00:00,,,,,Kelmarsh 6,2050,wind_speed_missing_or_nonfinite;power_missing_or_nonfinite;
2017-03-12 06:20:00+00:00,,,,,Kelmarsh 6,2050,wind_speed_missing_or_nonfinite;power_missing_or_nonfinite;
2017-03-12 06:30:00+00:00,,,,,Kelmarsh 6,2050,wind_speed_missing_or_nonfinite;power_missing_or_nonfinite;
2017-03-12 06:40:00+00:00,,,,,Kelmarsh 6,2050,wind_speed_missing_or_nonfinite;power_missing_or_nonfinite;
2017-03-12 06:50:00+00:00,,,,,Kelmarsh 6,2050,wind_speed_missing_or_nonfinite;power_missing_or_nonfinite;
2017-03-12 07:00:00+00:00,,,,,Kelmarsh 6,2050,wind_speed_missing_or_nonfinite;power_missing_or_nonfinite;
2017-03-12 07:10:00+00:00,,,,,Kelmarsh 6,2050,wind_speed_missing_or_nonfinite;power_missing_or_nonfinite;
2017-03-12 07:20:00+00:00,,,,,Kelmarsh 6,2050,wind_speed_missing_or_nonfinite;power_missing_or_nonfinite;
2017-03-12 07:30:00+00:00,,,,,Kelmarsh 6,2050,wind_speed_missing_or_nonfinite;power_missing_or_nonfinite;
2017-03-12 07:40:00+00:00,,,,,Kelmarsh 6,2050,wind_speed_missing_or_nonfinite;power_missing_or_nonfinite;
2017-03-12 07:50:00+00:00,,,,,Kelmarsh 6,2050,wind_speed_missing_or_nonfinite;power_missing_or_nonfinite;
2017-03-12 08:00:00+00:00,,,,,Kelmarsh 6,2050,wind_speed_missing_or_nonfinite;power_missing_or_nonfinite;
2017-03-12 08:10:00+00:00,,,,,Kelmarsh 6,2050,wind_speed_missing_or_nonfinite;power_missing_or_nonfinite;
2017-03-12 08:20:00+00:00,,,,,Kelmarsh 6,2050,wind_speed_missing_or_nonfinite;power_missing_or_nonfinite;
2017-03-12 08:30:00+00:00,,,,,Kelmarsh 6,2050,wind_speed_missing_or_nonfinite;power_missing_or_nonfinite;
2017-03-12 08:40:00+00:00,,,,,Kelmarsh 6,2050,wind_speed_missing_or_nonfinite;power_missing_or_nonfinite;
2017-03-12 08:50:00+00:00,,,,,Kelmarsh 6,2050,wind_speed_missing_or_nonfinite;power_missing_or_nonfinite;
2017-03-12 09:00:00+00:00,,,,,Kelmarsh 6,2050,wind_speed_missing_or_nonfinite;power_missing_or_nonfinite;
2017-03-12 09:10:00+00:00,,,,,Kelmarsh 6,2050,wind_speed_missing_or_nonfinite;power_missing_or_nonfinite;
2017-03-12 09:20:00+00:00,,,,,Kelmarsh 6,2050,wind_speed_missing_or_nonfinite;power_missing_or_nonfinite;
2017-03-12 09:30:00+00:00,,,,,Kelmarsh 6,2050,wind_speed_missing_or_nonfinite;power_missing_or_nonfinite;
2017-03-12 09:40:00+00:00,,,,,Kelmarsh 6,2050,wind_speed_missing_or_nonfinite;power_missing_or_nonfinite;
2017-03-12 09:50:00+00:00,,,,,Kelmarsh 6,2050,wind_speed_missing_or_nonfinite;power_missing_or_nonfinite;
2017-03-12 10:00:00+00:00,,,,,Kelmarsh 6,2050,wind_speed_missing_or_nonfinite;power_missing_or_nonfinite;
2017-03-12 10:10:00+00:00,,,,,Kelmarsh 6,2050,wind_speed_missing_or_nonfinite;power_missing_or_nonfinite;
2017-03-12 10:20:00+00:00,,,,,Kelmarsh 6,2050,wind_speed_missing_or_nonfinite;power_missing_or_nonfinite;
2017-03-12 10:30:00+00:00,,,,,Kelmarsh 6,2050,wind_speed_missing_or_nonfinite;power_missing_or_nonfinite;
2017-03-12 10:40:00+00:00,,,,,Kelmarsh 6,2050,wind_speed_missing_or_nonfinite;power_missing_or_nonfinite;
2017-03-12 10:50:00+00:00,,,,,Kelmarsh 6,2050,wind_speed_missing_or_nonfinite;power_missing_or_nonfinite;
2017-03-12 11:00:00+00:00,,,,,Kelmarsh 6,2050,wind_speed_missing_or_nonfinite;power_missing_or_nonfinite;
2017-03-29 23:00:00+00:00,,,,,Kelmarsh 6,2050,wind_speed_missing_or_nonfinite;power_missing_or_nonfinite;
2017-04-08 04:50:00+00:00,,,,,Kelmarsh 6,2050,wind_speed_missing_or_nonfinite;power_missing_or_nonfinite;
2017-05-19 14:20:00+00:00,,,,,Kelmarsh 6,2050,wind_speed_missing_or_nonfinite;power_missing_or_nonfinite;
2017-05-21 23:50:00+00:00,,,,,Kelmarsh 6,2050,wind_speed_missing_or_nonfinite;power_missing_or_nonfinite;
2017-06-04 16:00:00+00:00,,,,,Kelmarsh 6,2050,wind_speed_missing_or_nonfinite;power_missing_or_nonfinite;
2017-06-04 16:10:00+00:00,,,,,Kelmarsh 6,2050,wind_speed_missing_or_nonfinite;power_missing_or_nonfinite;
2017-06-04 16:20:00+00:00,,,,,Kelmarsh 6,2050,wind_speed_missing_or_nonfinite;power_missing_or_nonfinite;
2017-06-04 16:30:00+00:00,,,,,Kelmarsh 6,2050,wind_speed_missing_or_nonfinite;power_missing_or_nonfinite;
2017-06-21 16:00:00+00:00,,,,,Kelmarsh 6,2050,wind_speed_missing_or_nonfinite;power_missing_or_nonfinite;
2017-06-21 16:10:00+00:00,,,,,Kelmarsh 6,2050,wind_speed_missing_or_nonfinite;power_missing_or_nonfinite;
2017-06-21 16:20:00+00:00,,,,,Kelmarsh 6,2050,wind_speed_missing_or_nonfinite;power_missing_or_nonfinite;
2017-06-21 16:30:00+00:00,,,,,Kelmarsh 6,2050,wind_speed_missing_or_nonfinite;power_missing_or_nonfinite;
2017-06-21 16:40:00+00:00,,,,,Kelmarsh 6,2050,wind_speed_missing_or_nonfinite;power_missing_or_nonfinite;
2017-06-21 16:50:00+00:00,,,,,Kelmarsh 6,2050,wind_speed_missing_or_nonfinite;power_missing_or_nonfinite;
2017-06-21 17:00:00+00:00,,,,,Kelmarsh 6,2050,wind_speed_missing_or_nonfinite;power_missing_or_nonfinite;
2017-06-21 17:10:00+00:00,,,,,Kelmarsh 6,2050,wind_speed_missing_or_nonfinite;power_missing_or_nonfinite;
2017-06-21 17:20:00+00:00,,,,,Kelmarsh 6,2050,wind_speed_missing_or_nonfinite;power_missing_or_nonfinite;
2017-06-21 17:30:00+00:00,,,,,Kelmarsh 6,2050,wind_speed_missing_or_nonfinite;power_missing_or_nonfinite;
2017-06-21 17:40:00+00:00,,,,,Kelmarsh 6,2050,wind_speed_missing_or_nonfinite;power_missing_or_nonfinite;
2017-06-21 17:50:00+00:00,,,,,Kelmarsh 6,2050,wind_speed_missing_or_nonfinite;power_missing_or_nonfinite;
2017-06-21 18:00:00+00:00,,,,,Kelmarsh 6,2050,wind_speed_missing_or_nonfinite;power_missing_or_nonfinite;
2017-06-21 18:10:00+00:00,,,,,Kelmarsh 6,2050,wind_speed_missing_or_nonfinite;power_missing_or_nonfinite;
2017-06-21 18:20:00+00:00,,,,,Kelmarsh 6,2050,wind_speed_missing_or_nonfinite;power_missing_or_nonfinite;
2017-06-21 18:30:00+00:00,,,,,Kelmarsh 6,2050,wind_speed_missing_or_nonfinite;power_missing_or_nonfinite;
2017-06-21 18:40:00+00:00,,,,,Kelmarsh 6,2050,wind_speed_missing_or_nonfinite;power_missing_or_nonfinite;
2017-06-21 18:50:00+00:00,,,,,Kelmarsh 6,2050,wind_speed_missing_or_nonfinite;power_missing_or_nonfinite;
2017-06-21 19:00:00+00:00,,,,,Kelmarsh 6,2050,wind_speed_missing_or_nonfinite;power_missing_or_nonfinite;
2017-06-21 19:10:00+00:00,,,,,Kelmarsh 6,2050,wind_speed_missing_or_nonfinite;power_missing_or_nonfinite;
2017-06-21 19:20:00+00:00,,,,,Kelmarsh 6,2050,wind_speed_missing_or_nonfinite;power_missing_or_nonfinite;
2017-06-21 19:30:00+00:00,,,,,Kelmarsh 6,2050,wind_speed_missing_or_nonfinite;power_missing_or_nonfinite;
2017-06-21 19:40:00+00:00,,,,,Kelmarsh 6,2050,wind_speed_missing_or_nonfinite;power_missing_or_nonfinite;
2017-06-21 19:50:00+00:00,,,,,Kelmarsh 6,2050,wind_speed_missing_or_nonfinite;power_missing_or_nonfinite;
2017-06-21 20:00:00+00:00,,,,,Kelmarsh 6,2050,wind_speed_missing_or_nonfinite;power_missing_or_nonfinite;
2017-06-21 20:10:00+00:00,,,,,Kelmarsh 6,2050,wind_speed_missing_or_nonfinite;power_missing_or_nonfinite;
2017-06-21 20:20:00+00:00,,,,,Kelmarsh 6,2050,wind_speed_missing_or_nonfinite;power_missing_or_nonfinite;
2017-06-21 20:30:00+00:00,,,,,Kelmarsh 6,2050,wind_speed_missing_or_nonfinite;power_missing_or_nonfinite;
2017-06-21 20:40:00+00:00,,,,,Kelmarsh 6,2050,wind_speed_missing_or_nonfinite;power_missing_or_nonfinite;
2017-06-21 20:50:00+00:00,,,,,Kelmarsh 6,2050,wind_speed_missing_or_nonfinite;power_missing_or_nonfinite;
2017-06-21 21:00:00+00:00,,,,,Kelmarsh 6,2050,wind_speed_missing_or_nonfinite;power_missing_or_nonfinite;
2017-06-21 21:10:00+00:00,,,,,Kelmarsh 6,2050,wind_speed_missing_or_nonfinite;power_missing_or_nonfinite;
2017-06-21 21:20:00+00:00,,,,,Kelmarsh 6,2050,wind_speed_missing_or_nonfinite;power_missing_or_nonfinite;
2017-06-21 21:30:00+00:00,,,,,Kelmarsh 6,2050,wind_speed_missing_or_nonfinite;power_missing_or_nonfinite;
2017-06-21 21:40:00+00:00,,,,,Kelmarsh 6,2050,wind_speed_missing_or_nonfinite;power_missing_or_nonfinite;
2017-06-21 21:50:00+00:00,,,,,Kelmarsh 6,2050,wind_speed_missing_or_nonfinite;power_missing_or_nonfinite;
2017-06-21 22:00:00+00:00,,,,,Kelmarsh 6,2050,wind_speed_missing_or_nonfinite;power_missing_or_nonfinite;
2017-06-21 22:10:00+00:00,,,,,Kelmarsh 6,2050,wind_speed_missing_or_nonfinite;power_missing_or_nonfinite;
2017-06-21 22:20:00+00:00,,,,,Kelmarsh 6,2050,wind_speed_missing_or_nonfinite;power_missing_or_nonfinite;
2017-06-21 22:30:00+00:00,,,,,Kelmarsh 6,2050,wind_speed_missing_or_nonfinite;power_missing_or_nonfinite;
2017-06-21 22:40:00+00:00,,,,,Kelmarsh 6,2050,wind_speed_missing_or_nonfinite;power_missing_or_nonfinite;
2017-06-21 22:50:00+00:00,,,,,Kelmarsh 6,2050,wind_speed_missing_or_nonfinite;power_missing_or_nonfinite;
2017-06-21 23:00:00+00:00,,,,,Kelmarsh 6,2050,wind_speed_missing_or_nonfinite;power_missing_or_nonfinite;
2017-06-21 23:10:00+00:00,,,,,Kelmarsh 6,2050,wind_speed_missing_or_nonfinite;power_missing_or_nonfinite;
2017-06-21 23:20:00+00:00,,,,,Kelmarsh 6,2050,wind_speed_missing_or_nonfinite;power_missing_or_nonfinite;
2017-06-21 23:30:00+00:00,,,,,Kelmarsh 6,2050,wind_speed_missing_or_nonfinite;power_missing_or_nonfinite;
2017-06-21 23:40:00+00:00,,,,,Kelmarsh 6,2050,wind_speed_missing_or_nonfinite;power_missing_or_nonfinite;
2017-06-21 23:50:00+00:00,,,,,Kelmarsh 6,2050,wind_speed_missing_or_nonfinite;power_missing_or_nonfinite;
2017-06-22 00:00:00+00:00,,,,,Kelmarsh 6,2050,wind_speed_missing_or_nonfinite;power_missing_or_nonfinite;
2017-06-22 00:10:00+00:00,,,,,Kelmarsh 6,2050,wind_speed_missing_or_nonfinite;power_missing_or_nonfinite;
2017-06-22 00:20:00+00:00,,,,,Kelmarsh 6,2050,wind_speed_missing_or_nonfinite;power_missing_or_nonfinite;
2017-06-22 00:30:00+00:00,,,,,Kelmarsh 6,2050,wind_speed_missing_or_nonfinite;power_missing_or_nonfinite;
2017-06-22 00:40:00+00:00,,,,,Kelmarsh 6,2050,wind_speed_missing_or_nonfinite;power_missing_or_nonfinite;
2017-06-22 00:50:00+00:00,,,,,Kelmarsh 6,2050,wind_speed_missing_or_nonfinite;power_missing_or_nonfinite;
2017-06-22 01:00:00+00:00,,,,,Kelmarsh 6,2050,wind_speed_missing_or_nonfinite;power_missing_or_nonfinite;
2017-06-22 01:10:00+00:00,,,,,Kelmarsh 6,2050,wind_speed_missing_or_nonfinite;power_missing_or_nonfinite;
2017-06-22 01:20:00+00:00,,,,,Kelmarsh 6,2050,wind_speed_missing_or_nonfinite;power_missing_or_nonfinite;
2017-06-22 01:30:00+00:00,,,,,Kelmarsh 6,2050,wind_speed_missing_or_nonfinite;power_missing_or_nonfinite;
2017-06-22 01:40:00+00:00,,,,,Kelmarsh 6,2050,wind_speed_missing_or_nonfinite;power_missing_or_nonfinite;
2017-06-22 01:50:00+00:00,,,,,Kelmarsh 6,2050,wind_speed_missing_or_nonfinite;power_missing_or_nonfinite;
2017-06-22 02:00:00+00:00,,,,,Kelmarsh 6,2050,wind_speed_missing_or_nonfinite;power_missing_or_nonfinite;
2017-06-22 02:10:00+00:00,,,,,Kelmarsh 6,2050,wind_speed_missing_or_nonfinite;power_missing_or_nonfinite;
2017-06-22 02:20:00+00:00,,,,,Kelmarsh 6,2050,wind_speed_missing_or_nonfinite;power_missing_or_nonfinite;
2017-06-22 02:30:00+00:00,,,,,Kelmarsh 6,2050,wind_speed_missing_or_nonfinite;power_missing_or_nonfinite;
2017-06-22 02:40:00+00:00,,,,,Kelmarsh 6,2050,wind_speed_missing_or_nonfinite;power_missing_or_nonfinite;
2017-06-22 02:50:00+00:00,,,,,Kelmarsh 6,2050,wind_speed_missing_or_nonfinite;power_missing_or_nonfinite;
2017-06-22 03:00:00+00:00,,,,,Kelmarsh 6,2050,wind_speed_missing_or_nonfinite;power_missing_or_nonfinite;
2017-06-22 03:10:00+00:00,,,,,Kelmarsh 6,2050,wind_speed_missing_or_nonfinite;power_missing_or_nonfinite;
2017-06-22 03:20:00+00:00,,,,,Kelmarsh 6,2050,wind_speed_missing_or_nonfinite;power_missing_or_nonfinite;
2017-06-22 03:30:00+00:00,,,,,Kelmarsh 6,2050,wind_speed_missing_or_nonfinite;power_missing_or_nonfinite;
2017-06-22 03:40:00+00:00,,,,,Kelmarsh 6,2050,wind_speed_missing_or_nonfinite;power_missing_or_nonfinite;
2017-06-22 03:50:00+00:00,,,,,Kelmarsh 6,2050,wind_speed_missing_or_nonfinite;power_missing_or_nonfinite;
2017-06-22 04:00:00+00:00,,,,,Kelmarsh 6,2050,wind_speed_missing_or_nonfinite;power_missing_or_nonfinite;
2017-06-22 04:10:00+00:00,,,,,Kelmarsh 6,2050,wind_speed_missing_or_nonfinite;power_missing_or_nonfinite;
2017-06-22 04:20:00+00:00,,,,,Kelmarsh 6,2050,wind_speed_missing_or_nonfinite;power_missing_or_nonfinite;
2017-06-22 04:30:00+00:00,,,,,Kelmarsh 6,2050,wind_speed_missing_or_nonfinite;power_missing_or_nonfinite;
2017-06-22 04:40:00+00:00,,,,,Kelmarsh 6,2050,wind_speed_missing_or_nonfinite;power_missing_or_nonfinite;
2017-06-22 04:50:00+00:00,,,,,Kelmarsh 6,2050,wind_speed_missing_or_nonfinite;power_missing_or_nonfinite;
2017-06-22 05:00:00+00:00,,,,,Kelmarsh 6,2050,wind_speed_missing_or_nonfinite;power_missing_or_nonfinite;
2017-06-22 05:10:00+00:00,,,,,Kelmarsh 6,2050,wind_speed_missing_or_nonfinite;power_missing_or_nonfinite;
2017-06-22 05:20:00+00:00,,,,,Kelmarsh 6,2050,wind_speed_missing_or_nonfinite;power_missing_or_nonfinite;
2017-06-22 05:30:00+00:00,,,,,Kelmarsh 6,2050,wind_speed_missing_or_nonfinite;power_missing_or_nonfinite;
2017-06-22 05:40:00+00:00,,,,,Kelmarsh 6,2050,wind_speed_missing_or_nonfinite;power_missing_or_nonfinite;
2017-06-22 05:50:00+00:00,,,,,Kelmarsh 6,2050,wind_speed_missing_or_nonfinite;power_missing_or_nonfinite;
2017-06-22 06:00:00+00:00,,,,,Kelmarsh 6,2050,wind_speed_missing_or_nonfinite;power_missing_or_nonfinite;
2017-06-22 06:10:00+00:00,,,,,Kelmarsh 6,2050,wind_speed_missing_or_nonfinite;power_missing_or_nonfinite;
2017-06-22 06:20:00+00:00,,,,,Kelmarsh 6,2050,wind_speed_missing_or_nonfinite;power_missing_or_nonfinite;
2017-06-22 06:30:00+00:00,,,,,Kelmarsh 6,2050,wind_speed_missing_or_nonfinite;power_missing_or_nonfinite;
2017-06-22 06:40:00+00:00,,,,,Kelmarsh 6,2050,wind_speed_missing_or_nonfinite;power_missing_or_nonfinite;
2017-06-22 06:50:00+00:00,,,,,Kelmarsh 6,2050,wind_speed_missing_or_nonfinite;power_missing_or_nonfinite;
2017-06-22 07:00:00+00:00,,,,,Kelmarsh 6,2050,wind_speed_missing_or_nonfinite;power_missing_or_nonfinite;
2017-06-22 07:10:00+00:00,,,,,Kelmarsh 6,2050,wind_speed_missing_or_nonfinite;power_missing_or_nonfinite;
2017-06-22 07:20:00+00:00,,,,,Kelmarsh 6,2050,wind_speed_missing_or_nonfinite;power_missing_or_nonfinite;
2017-06-22 07:30:00+00:00,,,,,Kelmarsh 6,2050,wind_speed_missing_or_nonfinite;power_missing_or_nonfinite;
2017-06-22 07:40:00+00:00,,,,,Kelmarsh 6,2050,wind_speed_missing_or_nonfinite;power_missing_or_nonfinite;
2017-06-22 07:50:00+00:00,,,,,Kelmarsh 6,2050,wind_speed_missing_or_nonfinite;power_missing_or_nonfinite;
2017-06-22 08:00:00+00:00,,,,,Kelmarsh 6,2050,wind_speed_missing_or_nonfinite;power_missing_or_nonfinite;
2017-06-22 08:10:00+00:00,,,,,Kelmarsh 6,2050,wind_speed_missing_or_nonfinite;power_missing_or_nonfinite;
2017-06-22 08:20:00+00:00,,,,,Kelmarsh 6,2050,wind_speed_missing_or_nonfinite;power_missing_or_nonfinite;
2017-06-22 08:30:00+00:00,,,,,Kelmarsh 6,2050,wind_speed_missing_or_nonfinite;power_missing_or_nonfinite;
2017-06-22 08:40:00+00:00,,,,,Kelmarsh 6,2050,wind_speed_missing_or_nonfinite;power_missing_or_nonfinite;
2017-06-22 08:50:00+00:00,,,,,Kelmarsh 6,2050,wind_speed_missing_or_nonfinite;power_missing_or_nonfinite;
2017-06-22 09:00:00+00:00,,,,,Kelmarsh 6,2050,wind_speed_missing_or_nonfinite;power_missing_or_nonfinite;
2017-06-22 09:10:00+00:00,,,,,Kelmarsh 6,2050,wind_speed_missing_or_nonfinite;power_missing_or_nonfinite;
2017-06-22 09:20:00+00:00,,,,,Kelmarsh 6,2050,wind_speed_missing_or_nonfinite;power_missing_or_nonfinite;
2017-06-22 09:30:00+00:00,,,,,Kelmarsh 6,2050,wind_speed_missing_or_nonfinite;power_missing_or_nonfinite;
2017-06-22 09:40:00+00:00,,,,,Kelmarsh 6,2050,wind_speed_missing_or_nonfinite;power_missing_or_nonfinite;
2017-06-22 09:50:00+00:00,,,,,Kelmarsh 6,2050,wind_speed_missing_or_nonfinite;power_missing_or_nonfinite;
2017-06-22 10:00:00+00:00,,,,,Kelmarsh 6,2050,wind_speed_missing_or_nonfinite;power_missing_or_nonfinite;
2017-06-22 10:10:00+00:00,,,,,Kelmarsh 6,2050,wind_speed_missing_or_nonfinite;power_missing_or_nonfinite;
2017-06-22 10:20:00+00:00,,,,,Kelmarsh 6,2050,wind_speed_missing_or_nonfinite;power_missing_or_nonfinite;
2017-06-22 10:30:00+00:00,,,,,Kelmarsh 6,2050,wind_speed_missing_or_nonfinite;power_missing_or_nonfinite;
2017-06-22 10:40:00+00:00,,,,,Kelmarsh 6,2050,wind_speed_missing_or_nonfinite;power_missing_or_nonfinite;
2017-06-22 10:50:00+00:00,,,,,Kelmarsh 6,2050,wind_speed_missing_or_nonfinite;power_missing_or_nonfinite;
2017-06-22 11:00:00+00:00,,,,,Kelmarsh 6,2050,wind_speed_missing_or_nonfinite;power_missing_or_nonfinite;
2017-06-22 11:10:00+00:00,,,,,Kelmarsh 6,2050,wind_speed_missing_or_nonfinite;power_missing_or_nonfinite;
2017-06-22 11:20:00+00:00,,,,,Kelmarsh 6,2050,wind_speed_missing_or_nonfinite;power_missing_or_nonfinite;
2017-06-22 11:30:00+00:00,,,,,Kelmarsh 6,2050,wind_speed_missing_or_nonfinite;power_missing_or_nonfinite;
2017-06-22 11:40:00+00:00,,,,,Kelmarsh 6,2050,wind_speed_missing_or_nonfinite;power_missing_or_nonfinite;
2017-06-22 11:50:00+00:00,,,,,Kelmarsh 6,2050,wind_speed_missing_or_nonfinite;power_missing_or_nonfinite;
2017-06-22 12:00:00+00:00,,,,,Kelmarsh 6,2050,wind_speed_missing_or_nonfinite;power_missing_or_nonfinite;
2017-06-22 12:10:00+00:00,,,,,Kelmarsh 6,2050,wind_speed_missing_or_nonfinite;power_missing_or_nonfinite;
2017-06-22 12:20:00+00:00,,,,,Kelmarsh 6,2050,wind_speed_missing_or_nonfinite;power_missing_or_nonfinite;
2017-06-22 12:30:00+00:00,,,,,Kelmarsh 6,2050,wind_speed_missing_or_nonfinite;power_missing_or_nonfinite;
2017-06-22 12:40:00+00:00,,,,,Kelmarsh 6,2050,wind_speed_missing_or_nonfinite;power_missing_or_nonfinite;
2017-06-22 12:50:00+00:00,,,,,Kelmarsh 6,2050,wind_speed_missing_or_nonfinite;power_missing_or_nonfinite;
2017-06-22 13:00:00+00:00,,,,,Kelmarsh 6,2050,wind_speed_missing_or_nonfinite;power_missing_or_nonfinite;
2017-06-22 13:10:00+00:00,,,,,Kelmarsh 6,2050,wind_speed_missing_or_nonfinite;power_missing_or_nonfinite;
2017-06-22 13:20:00+00:00,,,,,Kelmarsh 6,2050,wind_speed_missing_or_nonfinite;power_missing_or_nonfinite;
2017-06-22 13:30:00+00:00,,,,,Kelmarsh 6,2050,wind_speed_missing_or_nonfinite;power_missing_or_nonfinite;
2017-06-22 13:40:00+00:00,,,,,Kelmarsh 6,2050,wind_speed_missing_or_nonfinite;power_missing_or_nonfinite;
2017-06-22 13:50:00+00:00,,,,,Kelmarsh 6,2050,wind_speed_missing_or_nonfinite;power_missing_or_nonfinite;
2017-06-22 14:00:00+00:00,,,,,Kelmarsh 6,2050,wind_speed_missing_or_nonfinite;power_missing_or_nonfinite;
2017-06-22 14:10:00+00:00,,,,,Kelmarsh 6,2050,wind_speed_missing_or_nonfinite;power_missing_or_nonfinite;
2017-06-22 14:20:00+00:00,,,,,Kelmarsh 6,2050,wind_speed_missing_or_nonfinite;power_missing_or_nonfinite;
2017-06-22 14:30:00+00:00,,,,,Kelmarsh 6,2050,wind_speed_missing_or_nonfinite;power_missing_or_nonfinite;
2017-06-22 14:40:00+00:00,,,,,Kelmarsh 6,2050,wind_speed_missing_or_nonfinite;power_missing_or_nonfinite;
2017-06-22 14:50:00+00:00,,,,,Kelmarsh 6,2050,wind_speed_missing_or_nonfinite;power_missing_or_nonfinite;
2017-06-22 15:00:00+00:00,,,,,Kelmarsh 6,2050,wind_speed_missing_or_nonfinite;power_missing_or_nonfinite;
2017-06-22 15:10:00+00:00,,,,,Kelmarsh 6,2050,wind_speed_missing_or_nonfinite;power_missing_or_nonfinite;
2017-06-22 15:20:00+00:00,,,,,Kelmarsh 6,2050,wind_speed_missing_or_nonfinite;power_missing_or_nonfinite;
2017-06-22 15:30:00+00:00,,,,,Kelmarsh 6,2050,wind_speed_missing_or_nonfinite;power_missing_or_nonfinite;
2017-06-22 15:40:00+00:00,,,,,Kelmarsh 6,2050,wind_speed_missing_or_nonfinite;power_missing_or_nonfinite;
2017-06-22 15:50:00+00:00,,,,,Kelmarsh 6,2050,wind_speed_missing_or_nonfinite;power_missing_or_nonfinite;
2017-06-22 16:00:00+00:00,,,,,Kelmarsh 6,2050,wind_speed_missing_or_nonfinite;power_missing_or_nonfinite;
2017-06-22 16:10:00+00:00,,,,,Kelmarsh 6,2050,wind_speed_missing_or_nonfinite;power_missing_or_nonfinite;
2017-06-22 16:20:00+00:00,,,,,Kelmarsh 6,2050,wind_speed_missing_or_nonfinite;power_missing_or_nonfinite;
2017-06-22 16:30:00+00:00,,,,,Kelmarsh 6,2050,wind_speed_missing_or_nonfinite;power_missing_or_nonfinite;
2017-06-22 16:40:00+00:00,,,,,Kelmarsh 6,2050,wind_speed_missing_or_nonfinite;power_missing_or_nonfinite;
2017-06-22 16:50:00+00:00,,,,,Kelmarsh 6,2050,wind_speed_missing_or_nonfinite;power_missing_or_nonfinite;
2017-06-22 17:00:00+00:00,,,,,Kelmarsh 6,2050,wind_speed_missing_or_nonfinite;power_missing_or_nonfinite;
2017-06-22 17:10:00+00:00,,,,,Kelmarsh 6,2050,wind_speed_missing_or_nonfinite;power_missing_or_nonfinite;
2017-06-22 17:20:00+00:00,,,,,Kelmarsh 6,2050,wind_speed_missing_or_nonfinite;power_missing_or_nonfinite;
2017-06-22 17:30:00+00:00,,,,,Kelmarsh 6,2050,wind_speed_missing_or_nonfinite;power_missing_or_nonfinite;
2017-06-22 17:40:00+00:00,,,,,Kelmarsh 6,2050,wind_speed_missing_or_nonfinite;power_missing_or_nonfinite;
2017-06-22 17:50:00+00:00,,,,,Kelmarsh 6,2050,wind_speed_missing_or_nonfinite;power_missing_or_nonfinite;
2017-06-22 18:00:00+00:00,,,,,Kelmarsh 6,2050,wind_speed_missing_or_nonfinite;power_missing_or_nonfinite;
2017-06-22 18:10:00+00:00,,,,,Kelmarsh 6,2050,wind_speed_missing_or_nonfinite;power_missing_or_nonfinite;
2017-06-22 18:20:00+00:00,,,,,Kelmarsh 6,2050,wind_speed_missing_or_nonfinite;power_missing_or_nonfinite;
2017-06-22 18:30:00+00:00,,,,,Kelmarsh 6,2050,wind_speed_missing_or_nonfinite;power_missing_or_nonfinite;
2017-06-22 18:40:00+00:00,,,,,Kelmarsh 6,2050,wind_speed_missing_or_nonfinite;power_missing_or_nonfinite;
2017-06-22 18:50:00+00:00,,,,,Kelmarsh 6,2050,wind_speed_missing_or_nonfinite;power_missing_or_nonfinite;
2017-06-22 19:00:00+00:00,,,,,Kelmarsh 6,2050,wind_speed_missing_or_nonfinite;power_missing_or_nonfinite;
2017-06-22 19:10:00+00:00,,,,,Kelmarsh 6,2050,wind_speed_missing_or_nonfinite;power_missing_or_nonfinite;
2017-06-22 19:20:00+00:00,,,,,Kelmarsh 6,2050,wind_speed_missing_or_nonfinite;power_missing_or_nonfinite;
2017-06-22 19:30:00+00:00,,,,,Kelmarsh 6,2050,wind_speed_missing_or_nonfinite;power_missing_or_nonfinite;
2017-06-27 09:30:00+00:00,,,,,Kelmarsh 6,2050,wind_speed_missing_or_nonfinite;power_missing_or_nonfinite;
2017-06-27 09:40:00+00:00,,,,,Kelmarsh 6,2050,wind_speed_missing_or_nonfinite;power_missing_or_nonfinite;
2017-06-27 09:50:00+00:00,,,,,Kelmarsh 6,2050,wind_speed_missing_or_nonfinite;power_missing_or_nonfinite;
2017-06-27 10:00:00+00:00,,,,,Kelmarsh 6,2050,wind_speed_missing_or_nonfinite;power_missing_or_nonfinite;
2017-07-21 00:20:00+00:00,,,,,Kelmarsh 6,2050,wind_speed_missing_or_nonfinite;power_missing_or_nonfinite;
2017-08-01 09:20:00+00:00,,,,,Kelmarsh 6,2050,wind_speed_missing_or_nonfinite;power_missing_or_nonfinite;
2017-08-01 09:30:00+00:00,,,,,Kelmarsh 6,2050,wind_speed_missing_or_nonfinite;power_missing_or_nonfinite;
2017-08-01 09:40:00+00:00,,,,,Kelmarsh 6,2050,wind_speed_missing_or_nonfinite;power_missing_or_nonfinite;
2017-08-01 10:20:00+00:00,,,,,Kelmarsh 6,2050,wind_speed_missing_or_nonfinite;power_missing_or_nonfinite;
2017-08-01 22:30:00+00:00,,,,,Kelmarsh 6,2050,wind_speed_missing_or_nonfinite;power_missing_or_nonfinite;
2017-08-01 22:40:00+00:00,,,,,Kelmarsh 6,2050,wind_speed_missing_or_nonfinite;power_missing_or_nonfinite;
2017-09-05 18:50:00+00:00,,,,,Kelmarsh 6,2050,wind_speed_missing_or_nonfinite;power_missing_or_nonfinite;
2017-09-05 19:00:00+00:00,,,,,Kelmarsh 6,2050,wind_speed_missing_or_nonfinite;power_missing_or_nonfinite;
2017-09-05 19:10:00+00:00,,,,,Kelmarsh 6,2050,wind_speed_missing_or_nonfinite;power_missing_or_nonfinite;
2017-09-05 19:20:00+00:00,,,,,Kelmarsh 6,2050,wind_speed_missing_or_nonfinite;power_missing_or_nonfinite;
2017-09-05 19:30:00+00:00,,,,,Kelmarsh 6,2050,wind_speed_missing_or_nonfinite;power_missing_or_nonfinite;
2017-09-05 19:40:00+00:00,,,,,Kelmarsh 6,2050,wind_speed_missing_or_nonfinite;power_missing_or_nonfinite;
2017-09-05 19:50:00+00:00,,,,,Kelmarsh 6,2050,wind_speed_missing_or_nonfinite;power_missing_or_nonfinite;
2017-09-05 20:00:00+00:00,,,,,Kelmarsh 6,2050,wind_speed_missing_or_nonfinite;power_missing_or_nonfinite;
2017-09-05 20:10:00+00:00,,,,,Kelmarsh 6,2050,wind_speed_missing_or_nonfinite;power_missing_or_nonfinite;
2017-09-05 20:20:00+00:00,,,,,Kelmarsh 6,2050,wind_speed_missing_or_nonfinite;power_missing_or_nonfinite;
2017-09-05 20:30:00+00:00,,,,,Kelmarsh 6,2050,wind_speed_missing_or_nonfinite;power_missing_or_nonfinite;
2017-09-05 20:40:00+00:00,,,,,Kelmarsh 6,2050,wind_speed_missing_or_nonfinite;power_missing_or_nonfinite;
2017-09-05 20:50:00+00:00,,,,,Kelmarsh 6,2050,wind_speed_missing_or_nonfinite;power_missing_or_nonfinite;
2017-09-05 21:00:00+00:00,,,,,Kelmarsh 6,2050,wind_speed_missing_or_nonfinite;power_missing_or_nonfinite;
2017-09-05 21:10:00+00:00,,,,,Kelmarsh 6,2050,wind_speed_missing_or_nonfinite;power_missing_or_nonfinite;
2017-09-05 21:20:00+00:00,,,,,Kelmarsh 6,2050,wind_speed_missing_or_nonfinite;power_missing_or_nonfinite;
2017-09-05 21:30:00+00:00,,,,,Kelmarsh 6,2050,wind_speed_missing_or_nonfinite;power_missing_or_nonfinite;
2017-09-05 21:40:00+00:00,,,,,Kelmarsh 6,2050,wind_speed_missing_or_nonfinite;power_missing_or_nonfinite;
2017-09-05 21:50:00+00:00,,,,,Kelmarsh 6,2050,wind_speed_missing_or_nonfinite;power_missing_or_nonfinite;
2017-09-05 22:00:00+00:00,,,,,Kelmarsh 6,2050,wind_speed_missing_or_nonfinite;power_missing_or_nonfinite;
2017-09-05 22:10:00+00:00,,,,,Kelmarsh 6,2050,wind_speed_missing_or_nonfinite;power_missing_or_nonfinite;
2017-09-05 22:20:00+00:00,,,,,Kelmarsh 6,2050,wind_speed_missing_or_nonfinite;power_missing_or_nonfinite;
2017-09-05 22:30:00+00:00,,,,,Kelmarsh 6,2050,wind_speed_missing_or_nonfinite;power_missing_or_nonfinite;
2017-09-05 22:40:00+00:00,,,,,Kelmarsh 6,2050,wind_speed_missing_or_nonfinite;power_missing_or_nonfinite;
2017-09-05 22:50:00+00:00,,,,,Kelmarsh 6,2050,wind_speed_missing_or_nonfinite;power_missing_or_nonfinite;
2017-09-05 23:00:00+00:00,,,,,Kelmarsh 6,2050,wind_speed_missing_or_nonfinite;power_missing_or_nonfinite;
2017-09-05 23:10:00+00:00,,,,,Kelmarsh 6,2050,wind_speed_missing_or_nonfinite;power_missing_or_nonfinite;
2017-09-05 23:20:00+00:00,,,,,Kelmarsh 6,2050,wind_speed_missing_or_nonfinite;power_missing_or_nonfinite;
2017-09-05 23:30:00+00:00,,,,,Kelmarsh 6,2050,wind_speed_missing_or_nonfinite;power_missing_or_nonfinite;
2017-09-05 23:40:00+00:00,,,,,Kelmarsh 6,2050,wind_speed_missing_or_nonfinite;power_missing_or_nonfinite;
2017-09-05 23:50:00+00:00,,,,,Kelmarsh 6,2050,wind_speed_missing_or_nonfinite;power_missing_or_nonfinite;
2017-09-06 00:00:00+00:00,,,,,Kelmarsh 6,2050,wind_speed_missing_or_nonfinite;power_missing_or_nonfinite;
2017-09-06 00:10:00+00:00,,,,,Kelmarsh 6,2050,wind_speed_missing_or_nonfinite;power_missing_or_nonfinite;
2017-09-06 00:20:00+00:00,,,,,Kelmarsh 6,2050,wind_speed_missing_or_nonfinite;power_missing_or_nonfinite;
2017-09-06 00:30:00+00:00,,,,,Kelmarsh 6,2050,wind_speed_missing_or_nonfinite;power_missing_or_nonfinite;
2017-09-06 00:40:00+00:00,,,,,Kelmarsh 6,2050,wind_speed_missing_or_nonfinite;power_missing_or_nonfinite;
2017-09-06 00:50:00+00:00,,,,,Kelmarsh 6,2050,wind_speed_missing_or_nonfinite;power_missing_or_nonfinite;
2017-09-06 01:00:00+00:00,,,,,Kelmarsh 6,2050,wind_speed_missing_or_nonfinite;power_missing_or_nonfinite;
2017-09-06 01:10:00+00:00,,,,,Kelmarsh 6,2050,wind_speed_missing_or_nonfinite;power_missing_or_nonfinite;
2017-09-06 01:20:00+00:00,,,,,Kelmarsh 6,2050,wind_speed_missing_or_nonfinite;power_missing_or_nonfinite;
2017-09-06 01:30:00+00:00,,,,,Kelmarsh 6,2050,wind_speed_missing_or_nonfinite;power_missing_or_nonfinite;
2017-09-06 01:40:00+00:00,,,,,Kelmarsh 6,2050,wind_speed_missing_or_nonfinite;power_missing_or_nonfinite;
2017-09-06 01:50:00+00:00,,,,,Kelmarsh 6,2050,wind_speed_missing_or_nonfinite;power_missing_or_nonfinite;
2017-09-06 02:00:00+00:00,,,,,Kelmarsh 6,2050,wind_speed_missing_or_nonfinite;power_missing_or_nonfinite;
2017-09-06 02:10:00+00:00,,,,,Kelmarsh 6,2050,wind_speed_missing_or_nonfinite;power_missing_or_nonfinite;
2017-09-06 02:20:00+00:00,,,,,Kelmarsh 6,2050,wind_speed_missing_or_nonfinite;power_missing_or_nonfinite;
2017-09-06 02:30:00+00:00,,,,,Kelmarsh 6,2050,wind_speed_missing_or_nonfinite;power_missing_or_nonfinite;
2017-09-06 02:40:00+00:00,,,,,Kelmarsh 6,2050,wind_speed_missing_or_nonfinite;power_missing_or_nonfinite;
2017-09-06 02:50:00+00:00,,,,,Kelmarsh 6,2050,wind_speed_missing_or_nonfinite;power_missing_or_nonfinite;
2017-09-06 03:00:00+00:00,,,,,Kelmarsh 6,2050,wind_speed_missing_or_nonfinite;power_missing_or_nonfinite;
2017-09-06 03:10:00+00:00,,,,,Kelmarsh 6,2050,wind_speed_missing_or_nonfinite;power_missing_or_nonfinite;
2017-09-06 03:20:00+00:00,,,,,Kelmarsh 6,2050,wind_speed_missing_or_nonfinite;power_missing_or_nonfinite;
2017-09-06 03:30:00+00:00,,,,,Kelmarsh 6,2050,wind_speed_missing_or_nonfinite;power_missing_or_nonfinite;
2017-09-06 03:40:00+00:00,,,,,Kelmarsh 6,2050,wind_speed_missing_or_nonfinite;power_missing_or_nonfinite;
2017-09-06 03:50:00+00:00,,,,,Kelmarsh 6,2050,wind_speed_missing_or_nonfinite;power_missing_or_nonfinite;
2017-09-06 04:00:00+00:00,,,,,Kelmarsh 6,2050,wind_speed_missing_or_nonfinite;power_missing_or_nonfinite;
2017-09-06 04:10:00+00:00,,,,,Kelmarsh 6,2050,wind_speed_missing_or_nonfinite;power_missing_or_nonfinite;
2017-09-06 04:20:00+00:00,,,,,Kelmarsh 6,2050,wind_speed_missing_or_nonfinite;power_missing_or_nonfinite;
2017-09-06 04:30:00+00:00,,,,,Kelmarsh 6,2050,wind_speed_missing_or_nonfinite;power_missing_or_nonfinite;
2017-09-06 04:40:00+00:00,,,,,Kelmarsh 6,2050,wind_speed_missing_or_nonfinite;power_missing_or_nonfinite;
2017-09-06 04:50:00+00:00,,,,,Kelmarsh 6,2050,wind_speed_missing_or_nonfinite;power_missing_or_nonfinite;
2017-09-06 05:00:00+00:00,,,,,Kelmarsh 6,2050,wind_speed_missing_or_nonfinite;power_missing_or_nonfinite;
2017-09-06 05:10:00+00:00,,,,,Kelmarsh 6,2050,wind_speed_missing_or_nonfinite;power_missing_or_nonfinite;
2017-09-06 05:20:00+00:00,,,,,Kelmarsh 6,2050,wind_speed_missing_or_nonfinite;power_missing_or_nonfinite;
2017-09-06 05:30:00+00:00,,,,,Kelmarsh 6,2050,wind_speed_missing_or_nonfinite;power_missing_or_nonfinite;
2017-09-06 05:40:00+00:00,,,,,Kelmarsh 6,2050,wind_speed_missing_or_nonfinite;power_missing_or_nonfinite;
2017-09-06 05:50:00+00:00,,,,,Kelmarsh 6,2050,wind_speed_missing_or_nonfinite;power_missing_or_nonfinite;
2017-09-06 06:00:00+00:00,,,,,Kelmarsh 6,2050,wind_speed_missing_or_nonfinite;power_missing_or_nonfinite;
2017-09-06 06:10:00+00:00,,,,,Kelmarsh 6,2050,wind_speed_missing_or_nonfinite;power_missing_or_nonfinite;
2017-09-06 06:20:00+00:00,,,,,Kelmarsh 6,2050,wind_speed_missing_or_nonfinite;power_missing_or_nonfinite;
2017-09-06 06:30:00+00:00,,,,,Kelmarsh 6,2050,wind_speed_missing_or_nonfinite;power_missing_or_nonfinite;
2017-09-06 06:40:00+00:00,,,,,Kelmarsh 6,2050,wind_speed_missing_or_nonfinite;power_missing_or_nonfinite;
2017-09-06 06:50:00+00:00,,,,,Kelmarsh 6,2050,wind_speed_missing_or_nonfinite;power_missing_or_nonfinite;
2017-09-06 07:00:00+00:00,,,,,Kelmarsh 6,2050,wind_speed_missing_or_nonfinite;power_missing_or_nonfinite;
2017-09-06 07:10:00+00:00,,,,,Kelmarsh 6,2050,wind_speed_missing_or_nonfinite;power_missing_or_nonfinite;
2017-09-06 07:20:00+00:00,,,,,Kelmarsh 6,2050,wind_speed_missing_or_nonfinite;power_missing_or_nonfinite;
2017-09-06 07:30:00+00:00,,,,,Kelmarsh 6,2050,wind_speed_missing_or_nonfinite;power_missing_or_nonfinite;
2017-09-06 07:40:00+00:00,,,,,Kelmarsh 6,2050,wind_speed_missing_or_nonfinite;power_missing_or_nonfinite;
2017-09-06 07:50:00+00:00,,,,,Kelmarsh 6,2050,wind_speed_missing_or_nonfinite;power_missing_or_nonfinite;
2017-09-06 08:00:00+00:00,,,,,Kelmarsh 6,2050,wind_speed_missing_or_nonfinite;power_missing_or_nonfinite;
2017-09-06 08:10:00+00:00,,,,,Kelmarsh 6,2050,wind_speed_missing_or_nonfinite;power_missing_or_nonfinite;
2017-09-06 08:20:00+00:00,,,,,Kelmarsh 6,2050,wind_speed_missing_or_nonfinite;power_missing_or_nonfinite;
2017-09-06 08:30:00+00:00,,,,,Kelmarsh 6,2050,wind_speed_missing_or_nonfinite;power_missing_or_nonfinite;
2017-09-06 08:40:00+00:00,,,,,Kelmarsh 6,2050,wind_speed_missing_or_nonfinite;power_missing_or_nonfinite;
2017-09-06 08:50:00+00:00,,,,,Kelmarsh 6,2050,wind_speed_missing_or_nonfinite;power_missing_or_nonfinite;
2017-09-06 09:00:00+00:00,,,,,Kelmarsh 6,2050,wind_speed_missing_or_nonfinite;power_missing_or_nonfinite;
2017-09-06 09:10:00+00:00,,,,,Kelmarsh 6,2050,wind_speed_missing_or_nonfinite;power_missing_or_nonfinite;
2017-09-06 09:20:00+00:00,,,,,Kelmarsh 6,2050,wind_speed_missing_or_nonfinite;power_missing_or_nonfinite;
2017-09-06 09:30:00+00:00,,,,,Kelmarsh 6,2050,wind_speed_missing_or_nonfinite;power_missing_or_nonfinite;
2017-09-06 09:40:00+00:00,,,,,Kelmarsh 6,2050,wind_speed_missing_or_nonfinite;power_missing_or_nonfinite;
2017-09-06 09:50:00+00:00,,,,,Kelmarsh 6,2050,wind_speed_missing_or_nonfinite;power_missing_or_nonfinite;
2017-09-06 10:00:00+00:00,,,,,Kelmarsh 6,2050,wind_speed_missing_or_nonfinite;power_missing_or_nonfinite;
2017-09-06 10:10:00+00:00,,,,,Kelmarsh 6,2050,wind_speed_missing_or_nonfinite;power_missing_or_nonfinite;
2017-09-06 10:20:00+00:00,,,,,Kelmarsh 6,2050,wind_speed_missing_or_nonfinite;power_missing_or_nonfinite;
2017-09-06 10:30:00+00:00,,,,,Kelmarsh 6,2050,wind_speed_missing_or_nonfinite;power_missing_or_nonfinite;
2017-09-06 10:40:00+00:00,,,,,Kelmarsh 6,2050,wind_speed_missing_or_nonfinite;power_missing_or_nonfinite;
2017-09-06 10:50:00+00:00,,,,,Kelmarsh 6,2050,wind_speed_missing_or_nonfinite;power_missing_or_nonfinite;
2017-09-06 11:00:00+00:00,,,,,Kelmarsh 6,2050,wind_speed_missing_or_nonfinite;power_missing_or_nonfinite;
2017-09-06 11:10:00+00:00,,,,,Kelmarsh 6,2050,wind_speed_missing_or_nonfinite;power_missing_or_nonfinite;
2017-09-06 11:20:00+00:00,,,,,Kelmarsh 6,2050,wind_speed_missing_or_nonfinite;power_missing_or_nonfinite;
2017-09-06 11:30:00+00:00,,,,,Kelmarsh 6,2050,wind_speed_missing_or_nonfinite;power_missing_or_nonfinite;
2017-09-06 11:40:00+00:00,,,,,Kelmarsh 6,2050,wind_speed_missing_or_nonfinite;power_missing_or_nonfinite;
2017-09-06 11:50:00+00:00,,,,,Kelmarsh 6,2050,wind_speed_missing_or_nonfinite;power_missing_or_nonfinite;
2017-09-06 12:00:00+00:00,,,,,Kelmarsh 6,2050,wind_speed_missing_or_nonfinite;power_missing_or_nonfinite;
2017-09-06 12:10:00+00:00,,,,,Kelmarsh 6,2050,wind_speed_missing_or_nonfinite;power_missing_or_nonfinite;
2017-09-06 12:20:00+00:00,,,,,Kelmarsh 6,2050,wind_speed_missing_or_nonfinite;power_missing_or_nonfinite;
2017-09-06 12:30:00+00:00,,,,,Kelmarsh 6,2050,wind_speed_missing_or_nonfinite;power_missing_or_nonfinite;
2017-09-06 12:40:00+00:00,,,,,Kelmarsh 6,2050,wind_speed_missing_or_nonfinite;power_missing_or_nonfinite;
2017-09-06 12:50:00+00:00,,,,,Kelmarsh 6,2050,wind_speed_missing_or_nonfinite;power_missing_or_nonfinite;
2017-09-06 13:00:00+00:00,,,,,Kelmarsh 6,2050,wind_speed_missing_or_nonfinite;power_missing_or_nonfinite;
2017-09-06 13:10:00+00:00,,,,,Kelmarsh 6,2050,wind_speed_missing_or_nonfinite;power_missing_or_nonfinite;
2017-09-06 13:20:00+00:00,,,,,Kelmarsh 6,2050,wind_speed_missing_or_nonfinite;power_missing_or_nonfinite;
2017-09-06 13:30:00+00:00,,,,,Kelmarsh 6,2050,wind_speed_missing_or_nonfinite;power_missing_or_nonfinite;
2017-09-06 13:40:00+00:00,,,,,Kelmarsh 6,2050,wind_speed_missing_or_nonfinite;power_missing_or_nonfinite;
2017-09-06 13:50:00+00:00,,,,,Kelmarsh 6,2050,wind_speed_missing_or_nonfinite;power_missing_or_nonfinite;
2017-09-06 14:00:00+00:00,,,,,Kelmarsh 6,2050,wind_speed_missing_or_nonfinite;power_missing_or_nonfinite;
2017-09-06 14:10:00+00:00,,,,,Kelmarsh 6,2050,wind_speed_missing_or_nonfinite;power_missing_or_nonfinite;
2017-09-06 14:20:00+00:00,,,,,Kelmarsh 6,2050,wind_speed_missing_or_nonfinite;power_missing_or_nonfinite;
2017-09-06 14:30:00+00:00,,,,,Kelmarsh 6,2050,wind_speed_missing_or_nonfinite;power_missing_or_nonfinite;
2017-09-06 14:40:00+00:00,,,,,Kelmarsh 6,2050,wind_speed_missing_or_nonfinite;power_missing_or_nonfinite;
2017-09-06 14:50:00+00:00,,,,,Kelmarsh 6,2050,wind_speed_missing_or_nonfinite;power_missing_or_nonfinite;
2017-09-06 15:00:00+00:00,,,,,Kelmarsh 6,2050,wind_speed_missing_or_nonfinite;power_missing_or_nonfinite;
2017-09-06 15:10:00+00:00,,,,,Kelmarsh 6,2050,wind_speed_missing_or_nonfinite;power_missing_or_nonfinite;
2017-09-06 15:20:00+00:00,,,,,Kelmarsh 6,2050,wind_speed_missing_or_nonfinite;power_missing_or_nonfinite;
2017-09-06 15:30:00+00:00,,,,,Kelmarsh 6,2050,wind_speed_missing_or_nonfinite;power_missing_or_nonfinite;
2017-09-06 15:40:00+00:00,,,,,Kelmarsh 6,2050,wind_speed_missing_or_nonfinite;power_missing_or_nonfinite;
2017-09-06 15:50:00+00:00,,,,,Kelmarsh 6,2050,wind_speed_missing_or_nonfinite;power_missing_or_nonfinite;
2017-09-06 16:00:00+00:00,,,,,Kelmarsh 6,2050,wind_speed_missing_or_nonfinite;power_missing_or_nonfinite;
2017-09-06 16:10:00+00:00,,,,,Kelmarsh 6,2050,wind_speed_missing_or_nonfinite;power_missing_or_nonfinite;
2017-09-06 16:20:00+00:00,,,,,Kelmarsh 6,2050,wind_speed_missing_or_nonfinite;power_missing_or_nonfinite;
2017-09-06 16:30:00+00:00,,,,,Kelmarsh 6,2050,wind_speed_missing_or_nonfinite;power_missing_or_nonfinite;
2017-09-06 16:40:00+00:00,,,,,Kelmarsh 6,2050,wind_speed_missing_or_nonfinite;power_missing_or_nonfinite;
2017-09-06 16:50:00+00:00,,,,,Kelmarsh 6,2050,wind_speed_missing_or_nonfinite;power_missing_or_nonfinite;
2017-09-06 17:00:00+00:00,,,,,Kelmarsh 6,2050,wind_speed_missing_or_nonfinite;power_missing_or_nonfinite;
2017-09-06 17:10:00+00:00,,,,,Kelmarsh 6,2050,wind_speed_missing_or_nonfinite;power_missing_or_nonfinite;
2017-09-06 17:20:00+00:00,,,,,Kelmarsh 6,2050,wind_speed_missing_or_nonfinite;power_missing_or_nonfinite;
2017-09-06 17:30:00+00:00,,,,,Kelmarsh 6,2050,wind_speed_missing_or_nonfinite;power_missing_or_nonfinite;
2017-09-06 17:40:00+00:00,,,,,Kelmarsh 6,2050,wind_speed_missing_or_nonfinite;power_missing_or_nonfinite;
2017-09-06 17:50:00+00:00,,,,,Kelmarsh 6,2050,wind_speed_missing_or_nonfinite;power_missing_or_nonfinite;
2017-09-06 18:00:00+00:00,,,,,Kelmarsh 6,2050,wind_speed_missing_or_nonfinite;power_missing_or_nonfinite;
2017-09-06 18:10:00+00:00,,,,,Kelmarsh 6,2050,wind_speed_missing_or_nonfinite;power_missing_or_nonfinite;
2017-09-06 18:20:00+00:00,,,,,Kelmarsh 6,2050,wind_speed_missing_or_nonfinite;power_missing_or_nonfinite;
2017-09-06 18:30:00+00:00,,,,,Kelmarsh 6,2050,wind_speed_missing_or_nonfinite;power_missing_or_nonfinite;
2017-09-06 18:40:00+00:00,,,,,Kelmarsh 6,2050,wind_speed_missing_or_nonfinite;power_missing_or_nonfinite;
2017-10-02 11:00:00+00:00,,,,,Kelmarsh 6,2050,wind_speed_missing_or_nonfinite;power_missing_or_nonfinite;
2017-10-02 11:10:00+00:00,,,,,Kelmarsh 6,2050,wind_speed_missing_or_nonfinite;power_missing_or_nonfinite;
2017-10-13 06:50:00+00:00,,,,,Kelmarsh 6,2050,wind_speed_missing_or_nonfinite;power_missing_or_nonfinite;
2017-10-13 07:00:00+00:00,,,,,Kelmarsh 6,2050,wind_speed_missing_or_nonfinite;power_missing_or_nonfinite;
2017-10-13 07:10:00+00:00,,,,,Kelmarsh 6,2050,wind_speed_missing_or_nonfinite;power_missing_or_nonfinite;
2017-10-13 07:20:00+00:00,,,,,Kelmarsh 6,2050,wind_speed_missing_or_nonfinite;power_missing_or_nonfinite;
2017-10-13 07:30:00+00:00,,,,,Kelmarsh 6,2050,wind_speed_missing_or_nonfinite;power_missing_or_nonfinite;
2017-10-13 07:40:00+00:00,,,,,Kelmarsh 6,2050,wind_speed_missing_or_nonfinite;power_missing_or_nonfinite;
2017-10-13 07:50:00+00:00,,,,,Kelmarsh 6,2050,wind_speed_missing_or_nonfinite;power_missing_or_nonfinite;
2017-10-13 08:00:00+00:00,,,,,Kelmarsh 6,2050,wind_speed_missing_or_nonfinite;power_missing_or_nonfinite;
2017-10-13 08:10:00+00:00,,,,,Kelmarsh 6,2050,wind_speed_missing_or_nonfinite;power_missing_or_nonfinite;
2017-10-13 08:20:00+00:00,,,,,Kelmarsh 6,2050,wind_speed_missing_or_nonfinite;power_missing_or_nonfinite;
2017-10-13 08:30:00+00:00,,,,,Kelmarsh 6,2050,wind_speed_missing_or_nonfinite;power_missing_or_nonfinite;
2017-10-13 08:40:00+00:00,,,,,Kelmarsh 6,2050,wind_speed_missing_or_nonfinite;power_missing_or_nonfinite;
2017-10-13 08:50:00+00:00,,,,,Kelmarsh 6,2050,wind_speed_missing_or_nonfinite;power_missing_or_nonfinite;
2017-10-13 09:00:00+00:00,,,,,Kelmarsh 6,2050,wind_speed_missing_or_nonfinite;power_missing_or_nonfinite;
2017-10-13 09:10:00+00:00,,,,,Kelmarsh 6,2050,wind_speed_missing_or_nonfinite;power_missing_or_nonfinite;
2017-10-13 09:20:00+00:00,,,,,Kelmarsh 6,2050,wind_speed_missing_or_nonfinite;power_missing_or_nonfinite;
2017-10-13 09:30:00+00:00,,,,,Kelmarsh 6,2050,wind_speed_missing_or_nonfinite;power_missing_or_nonfinite;
2017-10-13 09:40:00+00:00,,,,,Kelmarsh 6,2050,wind_speed_missing_or_nonfinite;power_missing_or_nonfinite;
2017-10-13 09:50:00+00:00,,,,,Kelmarsh 6,2050,wind_speed_missing_or_nonfinite;power_missing_or_nonfinite;
2017-10-13 10:00:00+00:00,,,,,Kelmarsh 6,2050,wind_speed_missing_or_nonfinite;power_missing_or_nonfinite;
2017-10-13 10:10:00+00:00,,,,,Kelmarsh 6,2050,wind_speed_missing_or_nonfinite;power_missing_or_nonfinite;
2017-10-13 10:20:00+00:00,,,,,Kelmarsh 6,2050,wind_speed_missing_or_nonfinite;power_missing_or_nonfinite;
2017-10-13 10:30:00+00:00,,,,,Kelmarsh 6,2050,wind_speed_missing_or_nonfinite;power_missing_or_nonfinite;
2017-10-13 10:40:00+00:00,,,,,Kelmarsh 6,2050,wind_speed_missing_or_nonfinite;power_missing_or_nonfinite;
2017-10-13 10:50:00+00:00,,,,,Kelmarsh 6,2050,wind_speed_missing_or_nonfinite;power_missing_or_nonfinite;
2017-10-13 11:00:00+00:00,,,,,Kelmarsh 6,2050,wind_speed_missing_or_nonfinite;power_missing_or_nonfinite;
2017-10-13 11:10:00+00:00,,,,,Kelmarsh 6,2050,wind_speed_missing_or_nonfinite;power_missing_or_nonfinite;
2017-10-13 11:20:00+00:00,,,,,Kelmarsh 6,2050,wind_speed_missing_or_nonfinite;power_missing_or_nonfinite;
2017-10-13 11:30:00+00:00,,,,,Kelmarsh 6,2050,wind_speed_missing_or_nonfinite;power_missing_or_nonfinite;
2017-10-13 11:40:00+00:00,,,,,Kelmarsh 6,2050,wind_speed_missing_or_nonfinite;power_missing_or_nonfinite;
2017-10-13 11:50:00+00:00,,,,,Kelmarsh 6,2050,wind_speed_missing_or_nonfinite;power_missing_or_nonfinite;
2017-10-13 12:00:00+00:00,,,,,Kelmarsh 6,2050,wind_speed_missing_or_nonfinite;power_missing_or_nonfinite;
2017-10-13 12:10:00+00:00,,,,,Kelmarsh 6,2050,wind_speed_missing_or_nonfinite;power_missing_or_nonfinite;
2017-10-13 12:20:00+00:00,,,,,Kelmarsh 6,2050,wind_speed_missing_or_nonfinite;power_missing_or_nonfinite;
2017-10-13 12:30:00+00:00,,,,,Kelmarsh 6,2050,wind_speed_missing_or_nonfinite;power_missing_or_nonfinite;
2017-10-13 12:40:00+00:00,,,,,Kelmarsh 6,2050,wind_speed_missing_or_nonfinite;power_missing_or_nonfinite;
2017-10-13 12:50:00+00:00,,,,,Kelmarsh 6,2050,wind_speed_missing_or_nonfinite;power_missing_or_nonfinite;
2017-10-13 13:00:00+00:00,,,,,Kelmarsh 6,2050,wind_speed_missing_or_nonfinite;power_missing_or_nonfinite;
2017-10-13 13:10:00+00:00,,,,,Kelmarsh 6,2050,wind_speed_missing_or_nonfinite;power_missing_or_nonfinite;
2017-10-13 13:20:00+00:00,,,,,Kelmarsh 6,2050,wind_speed_missing_or_nonfinite;power_missing_or_nonfinite;
2017-10-13 13:30:00+00:00,,,,,Kelmarsh 6,2050,wind_speed_missing_or_nonfinite;power_missing_or_nonfinite;
2017-10-13 13:40:00+00:00,,,,,Kelmarsh 6,2050,wind_speed_missing_or_nonfinite;power_missing_or_nonfinite;
2017-10-13 13:50:00+00:00,,,,,Kelmarsh 6,2050,wind_speed_missing_or_nonfinite;power_missing_or_nonfinite;
2017-10-13 14:00:00+00:00,,,,,Kelmarsh 6,2050,wind_speed_missing_or_nonfinite;power_missing_or_nonfinite;
2017-10-13 14:10:00+00:00,,,,,Kelmarsh 6,2050,wind_speed_missing_or_nonfinite;power_missing_or_nonfinite;
2017-10-13 14:20:00+00:00,,,,,Kelmarsh 6,2050,wind_speed_missing_or_nonfinite;power_missing_or_nonfinite;
2017-10-13 14:30:00+00:00,,,,,Kelmarsh 6,2050,wind_speed_missing_or_nonfinite;power_missing_or_nonfinite;
2017-10-13 14:40:00+00:00,,,,,Kelmarsh 6,2050,wind_speed_missing_or_nonfinite;power_missing_or_nonfinite;
2017-10-13 14:50:00+00:00,,,,,Kelmarsh 6,2050,wind_speed_missing_or_nonfinite;power_missing_or_nonfinite;
2017-10-13 15:00:00+00:00,,,,,Kelmarsh 6,2050,wind_speed_missing_or_nonfinite;power_missing_or_nonfinite;
2017-10-13 15:10:00+00:00,,,,,Kelmarsh 6,2050,wind_speed_missing_or_nonfinite;power_missing_or_nonfinite;
2017-10-13 15:20:00+00:00,,,,,Kelmarsh 6,2050,wind_speed_missing_or_nonfinite;power_missing_or_nonfinite;
2017-10-13 15:30:00+00:00,,,,,Kelmarsh 6,2050,wind_speed_missing_or_nonfinite;power_missing_or_nonfinite;
2017-10-13 15:40:00+00:00,,,,,Kelmarsh 6,2050,wind_speed_missing_or_nonfinite;power_missing_or_nonfinite;
2017-10-13 15:50:00+00:00,,,,,Kelmarsh 6,2050,wind_speed_missing_or_nonfinite;power_missing_or_nonfinite;
2017-10-13 16:00:00+00:00,,,,,Kelmarsh 6,2050,wind_speed_missing_or_nonfinite;power_missing_or_nonfinite;
2017-10-13 16:10:00+00:00,,,,,Kelmarsh 6,2050,wind_speed_missing_or_nonfinite;power_missing_or_nonfinite;
2017-10-13 16:20:00+00:00,,,,,Kelmarsh 6,2050,wind_speed_missing_or_nonfinite;power_missing_or_nonfinite;
2017-10-13 16:30:00+00:00,,,,,Kelmarsh 6,2050,wind_speed_missing_or_nonfinite;power_missing_or_nonfinite;
2017-10-13 16:40:00+00:00,,,,,Kelmarsh 6,2050,wind_speed_missing_or_nonfinite;power_missing_or_nonfinite;
2017-10-13 16:50:00+00:00,,,,,Kelmarsh 6,2050,wind_speed_missing_or_nonfinite;power_missing_or_nonfinite;
2017-10-13 17:00:00+00:00,,,,,Kelmarsh 6,2050,wind_speed_missing_or_nonfinite;power_missing_or_nonfinite;
2017-10-13 17:10:00+00:00,,,,,Kelmarsh 6,2050,wind_speed_missing_or_nonfinite;power_missing_or_nonfinite;
2017-10-13 17:20:00+00:00,,,,,Kelmarsh 6,2050,wind_speed_missing_or_nonfinite;power_missing_or_nonfinite;
2017-10-13 17:30:00+00:00,,,,,Kelmarsh 6,2050,wind_speed_missing_or_nonfinite;power_missing_or_nonfinite;
2017-10-13 17:40:00+00:00,,,,,Kelmarsh 6,2050,wind_speed_missing_or_nonfinite;power_missing_or_nonfinite;
2017-10-23 13:20:00+00:00,,,,,Kelmarsh 6,2050,wind_speed_missing_or_nonfinite;power_missing_or_nonfinite;
2017-10-23 13:30:00+00:00,,,,,Kelmarsh 6,2050,wind_speed_missing_or_nonfinite;power_missing_or_nonfinite;
2017-10-23 13:40:00+00:00,,,,,Kelmarsh 6,2050,wind_speed_missing_or_nonfinite;power_missing_or_nonfinite;
2017-10-23 13:50:00+00:00,,,,,Kelmarsh 6,2050,wind_speed_missing_or_nonfinite;power_missing_or_nonfinite;
2017-10-23 14:40:00+00:00,,,,,Kelmarsh 6,2050,wind_speed_missing_or_nonfinite;power_missing_or_nonfinite;
2017-11-16 08:40:00+00:00,,,,,Kelmarsh 6,2050,wind_speed_missing_or_nonfinite;power_missing_or_nonfinite;
2017-11-16 08:50:00+00:00,,,,,Kelmarsh 6,2050,wind_speed_missing_or_nonfinite;power_missing_or_nonfinite;
2017-11-16 09:00:00+00:00,,,,,Kelmarsh 6,2050,wind_speed_missing_or_nonfinite;power_missing_or_nonfinite;
2017-11-16 09:10:00+00:00,,,,,Kelmarsh 6,2050,wind_speed_missing_or_nonfinite;power_missing_or_nonfinite;
2017-11-16 09:20:00+00:00,,,,,Kelmarsh 6,2050,wind_speed_missing_or_nonfinite;power_missing_or_nonfinite;
2017-11-16 09:30:00+00:00,,,,,Kelmarsh 6,2050,wind_speed_missing_or_nonfinite;power_missing_or_nonfinite;
2017-11-16 09:40:00+00:00,,,,,Kelmarsh 6,2050,wind_speed_missing_or_nonfinite;power_missing_or_nonfinite;
2017-11-16 09:50:00+00:00,,,,,Kelmarsh 6,2050,wind_speed_missing_or_nonfinite;power_missing_or_nonfinite;
2017-11-16 10:00:00+00:00,,,,,Kelmarsh 6,2050,wind_speed_missing_or_nonfinite;power_missing_or_nonfinite;
2017-12-07 15:20:00+00:00,,,,,Kelmarsh 6,2050,wind_speed_missing_or_nonfinite;power_missing_or_nonfinite;
2017-12-07 15:30:00+00:00,,,,,Kelmarsh 6,2050,wind_speed_missing_or_nonfinite;power_missing_or_nonfinite;
2017-12-07 15:40:00+00:00,,,,,Kelmarsh 6,2050,wind_speed_missing_or_nonfinite;power_missing_or_nonfinite;
2017-12-07 15:50:00+00:00,,,,,Kelmarsh 6,2050,wind_speed_missing_or_nonfinite;power_missing_or_nonfinite;
2017-12-07 16:00:00+00:00,,,,,Kelmarsh 6,2050,wind_speed_missing_or_nonfinite;power_missing_or_nonfinite;
